Office,Precinct,Early Ballots Cast,Election Ballots Cast,Total Ballots Cast,Registered Voters,Percent Turnout,REP James Lombardino,DEM Jim Evans,Totals
"Family District Judge, 308th Judicial District",0001,417,466,883,2358,37.45%,278,543,821
"Family District Judge, 308th Judicial District",0002,333,313,646,1961,32.94%,253,353,606
"Family District Judge, 308th Judicial District",0003,325,405,731,1560,46.86%,225,429,654
"Family District Judge, 308th Judicial District",0004,369,487,856,1668,51.32%,267,518,785
"Family District Judge, 308th Judicial District",0005,279,448,727,1417,51.31,%,237,432,669
"Family District Judge, 308th Judicial District",0006,656,456,1112,3702,30.04%,633,440,1073
"Family District Judge, 308th Judicial District",0007,209,110,319,1017,31.37%,13,294,307
"Family District Judge, 308th Judicial District",0008,393,310,703,1744,40.31%,345,327,672
"Family District Judge, 308th Judicial District",0009,206,223,429,1874,22.89%,113,282,395
"Family District Judge, 308th Judicial District",0010,255,171,426,1753,24.30%,134,262,396
"Family District Judge, 308th Judicial District",0011,184,176,360,1785,20.17%,72,263,335
"Family District Judge, 308th Judicial District",0012,86,66,152,735,20.68%,87,62,149
"Family District Judge, 308th Judicial District",0013,548,361,909,2689,33.80%,638,229,867
"Family District Judge, 308th Judicial District",0014,442,495,937,1870,50.11%,465,413,878
"Family District Judge, 308th Judicial District",0015,597,898,1495,2878,51.95%,770,596,1366
"Family District Judge, 308th Judicial District",0016,239,137,376,1071,35.11%,161,191,352
"Family District Judge, 308th Judicial District",0017,185,215,400,1162,34.42%,174,199,373
"Family District Judge, 308th Judicial District",0018,371,351,722,1443,50.03%,311,361,672
"Family District Judge, 308th Judicial District",0019,170,207,377,1170,32.22%,119,236,355
"Family District Judge, 308th Judicial District",0020,311,287,598,2646,22.60%,163,407,570
"Family District Judge, 308th Judicial District",0021,176,184,360,1122,32.09%,72,270,342
"Family District Judge, 308th Judicial District",0022,397,322,719,2473,29.07%,128,563,691
"Family District Judge, 308th Judicial District",0023,31,22,53,541,9.80%,10,41,51
"Family District Judge, 308th Judicial District",0024,106,88,194,655,29.62%,17,170,187
"Family District Judge, 308th Judicial District",0025,104,143,247,1086,22.74%,10,231,241
"Family District Judge, 308th Judicial District",0026,239,277,516,1845,27.97%,132,334,466
"Family District Judge, 308th Judicial District",0027,463,427,890,3074,28.95%,214,626,840
"Family District Judge, 308th Judicial District",0028,636,405,1041,3029,34.37%,653,335,988
"Family District Judge, 308th Judicial District",0029,194,237,431,2638,16.34%,168,241,409
"Family District Judge, 308th Judicial District",0030,368,391,759,2403,31.59%,194,531,725
"Family District Judge, 308th Judicial District",0031,453,280,733,2511,29.19%,15,694,709
"Family District Judge, 308th Judicial District",0032,318,405,723,2398,30.15%,276,399,675
"Family District Judge, 308th Judicial District",0033,707,615,1322,3706,35.67%,398,833,1231
Office,Precinct,Early Ballots Cast,Election Ballots Cast,Total Ballots Cast,Registered Voters,Percent Turnout,REP James Lombardino,DEM Jim Evans,Totals
"Family District Judge, 308th Judicial District",0034,625,579,1204,2786,43.22%,260,877,1137
"Family District Judge, 308th Judicial District",0035,4,0,4,11,36.36%,1,3,4
"Family District Judge, 308th Judicial District",0036,416,318,734,2927,25.08%,194,498,692
"Family District Judge, 308th Judicial District",0037,542,436,978,2106,46.44%,269,642,911
"Family District Judge, 308th Judicial District",0038,784,589,1373,2875,47.76%,412,864,1276
"Family District Judge, 308th Judicial District",0039,657,575,1232,2759,44.65%,273,876,1149
"Family District Judge, 308th Judicial District",0040,136,152,288,541,53.23%,122,146,268
"Family District Judge, 308th Judicial District",0041,176,230,406,1334,30.43%,159,233,392
"Family District Judge, 308th Judicial District",0042,228,109,337,1071,31.47%,6,320,326
"Family District Judge, 308th Judicial District",0043,293,210,503,1695,29.68%,266,213,479
"Family District Judge, 308th Judicial District",0044,204,222,426,2001,21.29%,98,299,397
"Family District Judge, 308th Judicial District",0045,894,750,1644,6698,24.54%,311,1284,1595
"Family District Judge, 308th Judicial District",0046,290,247,537,2511,21.39%,97,408,505
"Family District Judge, 308th Judicial District",0047,213,218,431,1627,26.49%,15,407,422
"Family District Judge, 308th Judicial District",0048,157,142,299,940,31.81%,25,266,291
"Family District Judge, 308th Judicial District",0049,584,482,1066,3343,31.89%,765,266,1031
"Family District Judge, 308th Judicial District",0050,785,771,1556,5211,29.86%,824,677,1501
"Family District Judge, 308th Judicial District",0051,353,243,596,1689,35.29%,433,142,575
"Family District Judge, 308th Judicial District",0052,422,447,869,2457,35.37%,388,425,813
"Family District Judge, 308th Judicial District",0053,564,726,1290,2971,43.42%,477,720,1197
"Family District Judge, 308th Judicial District",0054,269,364,633,1487,42.57%,317,272,589
"Family District Judge, 308th Judicial District",0055,191,251,442,1506,29.35%,193,218,411
"Family District Judge, 308th Judicial District",0056,282,278,560,1326,42.23%,360,171,531
"Family District Judge, 308th Judicial District",0057,710,831,1541,3153,48.87%,538,880,1418
"Family District Judge, 308th Judicial District",0058,469,556,1025,2690,38.10%,412,558,970
"Family District Judge, 308th Judicial District",0059,555,609,1164,2544,45.75%,428,654,1082
"Family District Judge, 308th Judicial District",0060,498,564,1062,2453,43.29%,242,744,986
"Family District Judge, 308th Judicial District",0061,172,204,376,1773,21.21%,151,196,347
"Family District Judge, 308th Judicial District",0062,145,322,467,2181,21.41%,123,323,446
"Family District Judge, 308th Judicial District",0063,264,354,618,1826,33.84%,499,101,600
"Family District Judge, 308th Judicial District",0064,191,221,412,2141,19.24%,87,300,387
"Family District Judge, 308th Judicial District",0065,172,230,402,2167,18.55%,99,284,383
"Family District Judge, 308th Judicial District",0066,69,143,212,1098,19.31%,37,161,198
Office,Precinct,Early Ballots Cast,Election Ballots Cast,Total Ballots Cast,Registered Voters,Percent Turnout,REP James Lombardino,DEM Jim Evans,Totals
"Family District Judge, 308th Judicial District",0067,304,282,586,2794,20.97%,160,386,546
"Family District Judge, 308th Judicial District",0068,553,352,905,2924,30.95%,21,860,881
"Family District Judge, 308th Judicial District",0069,80,124,204,1284,15.89%,44,147,191
"Family District Judge, 308th Judicial District",0070,882,664,1546,3337,46.33%,826,596,1422
"Family District Judge, 308th Judicial District",0071,602,722,1324,4197,31.55%,630,618,1248
"Family District Judge, 308th Judicial District",0072,220,293,513,1924,26.66%,169,317,486
"Family District Judge, 308th Judicial District",0073,252,414,666,1555,42.83%,358,253,611
"Family District Judge, 308th Judicial District",0074,1153,782,1935,3583,54.01%,1474,378,1852
"Family District Judge, 308th Judicial District",0075,254,280,534,1444,36.98%,192,311,503
"Family District Judge, 308th Judicial District",0076,373,374,747,2362,31.63%,427,286,713
"Family District Judge, 308th Judicial District",0077,43,46,89,566,15.72%,18,67,85
"Family District Judge, 308th Judicial District",0078,180,201,381,1522,25.03%,136,228,364
"Family District Judge, 308th Judicial District",0079,205,306,511,2927,17.46%,131,338,469
"Family District Judge, 308th Judicial District",0080,501,351,852,2725,31.27%,208,606,814
"Family District Judge, 308th Judicial District",0081,183,187,370,1835,20.16%,138,210,348
"Family District Judge, 308th Judicial District",0082,639,671,1310,3368,38.90%,977,294,1271
"Family District Judge, 308th Judicial District",0083,1296,888,2184,6625,32.97%,1063,1046,2109
"Family District Judge, 308th Judicial District",0084,208,218,426,1373,31.03%,302,110,412
"Family District Judge, 308th Judicial District",0085,271,248,519,2173,23.88%,20,490,510
"Family District Judge, 308th Judicial District",0086,447,568,1015,2910,34.88%,444,511,955
"Family District Judge, 308th Judicial District",0087,574,787,1461,2818,51.85%,833,514,1347
"Family District Judge, 308th Judicial District",0088,123,118,241,693,34.78%,152,75,227
"Family District Judge, 308th Judicial District",0089,165,371,536,1094,48.99%,261,223,484
"Family District Judge, 308th Judicial District",0090,844,790,1634,3700,44.16%,1166,402,1568
"Family District Judge, 308th Judicial District",0091,219,222,441,1505,29.30%,261,162,423
"Family District Judge, 308th Judicial District",0092,695,462,1157,2242,51.61%,744,344,1088
"Family District Judge, 308th Judicial District",0093,381,301,682,3356,20.32%,272,372,644
"Family District Judge, 308th Judicial District",0094,51,43,94,549,17.12%,28,63,91
"Family District Judge, 308th Judicial District",0095,917,576,1493,3177,46.99%,1049,374,1423
"Family District Judge, 308th Judicial District",0096,83,83,166,1296,12.81%,19,145,164
"Family District Judge, 308th Judicial District",0097,1024,725,1749,4828,36.23%,1285,406,1691
"Family District Judge, 308th Judicial District",0098,403,488,891,2651,33.61%,732,132,864
"Family District Judge, 308th Judicial District",0099,254,184,438,2092,20.94%,211,214,425
Office,Precinct,Early Ballots Cast,Election Ballots Cast,Total Ballots Cast,Registered Voters,Percent Turnout,REP James Lombardino,DEM Jim Evans,Totals
"Family District Judge, 308th Judicial District",0100,165,173,338,1730,19.54%,178,154,332
"Family District Judge, 308th Judicial District",0101,72,58,130,946,13.74%,47,79,126
"Family District Judge, 308th Judicial District",0102,207,121,328,1872,17.52%,90,225,315
"Family District Judge, 308th Judicial District",0103,700,714,1414,5371,26.33%,804,569,1373
"Family District Judge, 308th Judicial District",0104,530,231,761,1905,39.95%,18,732,750
"Family District Judge, 308th Judicial District",0105,195,210,406,2165,18.75%,133,244,377
"Family District Judge, 308th Judicial District",0106,18,7,25,294,8.50%,16,9,25
"Family District Judge, 308th Judicial District",0107,154,197,351,2032,17.27%,58,278,336
"Family District Judge, 308th Judicial District",0108,558,272,940,3365,27.93%,559,347,906
"Family District Judge, 308th Judicial District",0109,529,245,774,2824,27.41%,7,753,760
"Family District Judge, 308th Judicial District",0110,654,494,1148,3042,37.74%,734,374,1108
"Family District Judge, 308th Judicial District",0111,816,795,1611,4102,39.27%,1171,375,1546
"Family District Judge, 308th Judicial District",0112,542,485,1027,2976,34.51%,752,234,986
"Family District Judge, 308th Judicial District",0113,562,429,991,2647,37.44%,588,352,940
"Family District Judge, 308th Judicial District",0114,707,547,1254,3311,37.87%,1001,223,1224
"Family District Judge, 308th Judicial District",0115,238,150,388,1800,21.56%,50,327,377
"Family District Judge, 308th Judicial District",0116,982,776,1758,3147,55.86%,1292,360,1652
"Family District Judge, 308th Judicial District",0117,215,226,441,1880,23.46%,214,206,420
"Family District Judge, 308th Judicial District",0118,304,123,427,759,56.26%,348,63,411
"Family District Judge, 308th Judicial District",0119,1288,1024,2312,5500,42.04%,1848,380,2228
"Family District Judge, 308th Judicial District",0120,712,422,1134,3191,35.54%,727,354,1081
"Family District Judge, 308th Judicial District",0121,92,178,270,848,31.84%,188,70,258
"Family District Judge, 308th Judicial District",0122,352,225,577,1890,30.53%,19,542,561
"Family District Judge, 308th Judicial District",0123,284,288,572,1392,41.09%,139,402,541
"Family District Judge, 308th Judicial District",0124,1734,1292,3026,7254,41.71%,2379,564,2943
"Family District Judge, 308th Judicial District",0125,415,332,747,2405,31.06%,452,267,719
"Family District Judge, 308th Judicial District",0126,893,467,1360,3100,43.87%,1189,133,1322
"Family District Judge, 308th Judicial District",0127,435,154,589,1836,32.08%,408,148,556
"Family District Judge, 308th Judicial District",0128,445,707,1152,2290,50.31%,655,396,1051
"Family District Judge, 308th Judicial District",0129,1030,1200,2230,5746,38.81%,1328,778,2106
"Family District Judge, 308th Judicial District",0130,727,523,1250,2333,53.58%,889,292,1181
"Family District Judge, 308th Judicial District",0131,251,259,510,1935,26.36%,118,370,488
"Family District Judge, 308th Judicial District",0132,593,323,916,2387,38.37%,20,879,899
Office,Precinct,Early Ballots Cast,Election Ballots Cast,Total Ballots Cast,Registered Voters,Percent Turnout,REP James Lombardino,DEM Jim Evans,Totals
"Family District Judge, 308th Judicial District",0133,513,858,1371,2662,51.50%,722,529,1251
"Family District Judge, 308th Judicial District",0134,192,265,457,1437,31.80%,208,226,434
"Family District Judge, 308th Judicial District",0135,727,579,1306,2671,48.90%,829,397,1226
"Family District Judge, 308th Judicial District",0136,503,371,874,2013,43.42%,33,809,842
"Family District Judge, 308th Judicial District",0137,166,141,307,716,42.88%,140,139,279
"Family District Judge, 308th Judicial District",0138,296,199,495,1699,29.13%,19,467,486
"Family District Judge, 308th Judicial District",0139,699,551,1250,3037,41.16%,502,668,1170
"Family District Judge, 308th Judicial District",0140,699,480,1179,3214,36.68%,135,1001,1136
"Family District Judge, 308th Judicial District",0141,80,80,160,855,18.71%,95,57,152
"Family District Judge, 308th Judicial District",0142,87,103,190,902,21.06%,64,118,182
"Family District Judge, 308th Judicial District",0143,1962,580,2542,6386,39.81%,1820,664,2484
"Family District Judge, 308th Judicial District",0144,216,158,374,1093,34.22%,10,355,365
"Family District Judge, 308th Judicial District",0145,264,213,477,1538,31.01%,10,454,464
"Family District Judge, 308th Judicial District",0146,426,519,945,2008,47.06%,394,497,891
"Family District Judge, 308th Judicial District",0147,689,329,1018,3008,33.84%,125,868,993
"Family District Judge, 308th Judicial District",0148,500,780,1280,2540,50.39%,434,736,1170
"Family District Judge, 308th Judicial District",0149,1621,737,2358,7993,29.50%,1223,1072,2295
"Family District Judge, 308th Judicial District",0150,236,169,405,1256,32.25%,10,390,400
"Family District Judge, 308th Judicial District",0151,137,79,216,826,26.15%,9,198,207
"Family District Judge, 308th Judicial District",0152,213,299,512,2788,18.36%,132,354,486
"Family District Judge, 308th Judicial District",0153,125,206,331,1808,18.31%,108,207,315
"Family District Judge, 308th Judicial District",0154,249,183,432,2190,19.73%,117,290,407
"Family District Judge, 308th Judicial District",0155,1022,619,1641,4109,39.94%,1124,460,1584
"Family District Judge, 308th Judicial District",0156,799,326,1125,3071,36.63%,41,1053,1094
"Family District Judge, 308th Judicial District",0157,448,214,662,2236,29.61%,24,619,643
"Family District Judge, 308th Judicial District",0158,600,315,915,3035,30.15%,22,879,901
"Family District Judge, 308th Judicial District",0159,116,127,243,998,24.35%,39,197,236
"Family District Judge, 308th Judicial District",0160,122,73,195,696,28.02%,4,189,193
"Family District Judge, 308th Judicial District",0161,163,141,304,991,30.68%,3,294,297
"Family District Judge, 308th Judicial District",0162,101,83,184,1265,14.55%,66,103,169
"Family District Judge, 308th Judicial District",0163,230,320,550,3037,18.11%,229,291,520
"Family District Judge, 308th Judicial District",0164,182,205,387,1420,27.25%,10,369,379
"Family District Judge, 308th Judicial District",0165,535,483,1018,2334,43.62%,652,318,970
Office,Precinct,Early Ballots Cast,Election Ballots Cast,Total Ballots Cast,Registered Voters,Percent Turnout,REP James Lombardino,DEM Jim Evans,Totals
"Family District Judge, 308th Judicial District",0166,158,233,391,1028,38.04%,109,260,369
"Family District Judge, 308th Judicial District",0167,3,0,3,24,12.50%,0,3,3
"Family District Judge, 308th Judicial District",0168,92,58,150,503,29.82%,2,145,147
"Family District Judge, 308th Judicial District",0169,518,251,767,2513,30.52%,12,736,748
"Family District Judge, 308th Judicial District",0170,271,141,412,1869,22.04%,212,181,393
"Family District Judge, 308th Judicial District",0171,202,198,400,1604,24.94%,11,381,392
"Family District Judge, 308th Judicial District",0172,88,80,166,621,26.73%,61,91,152
"Family District Judge, 308th Judicial District",0173,817,739,1556,3599,43.23%,1238,266,1504
"Family District Judge, 308th Judicial District",0174,829,733,1562,3296,47.39%,1038,438,1476
"Family District Judge, 308th Judicial District",0175,557,749,1306,2618,49.89%,602,598,1200
"Family District Judge, 308th Judicial District",0176,344,451,795,1602,49.63%,374,343,717
"Family District Judge, 308th Judicial District",0177,278,326,604,1496,40.37%,321,240,561
"Family District Judge, 308th Judicial District",0178,504,365,869,1765,49.24%,545,260,805
"Family District Judge, 308th Judicial District",0179,256,188,444,1575,28.19%,233,187,420
"Family District Judge, 308th Judicial District",0180,470,343,813,2834,28.69%,21,755,776
"Family District Judge, 308th Judicial District",0181,175,262,437,2061,21.20%,143,272,415
"Family District Judge, 308th Judicial District",0182,590,974,1564,3405,45.93%,887,538,1425
"Family District Judge, 308th Judicial District",0183,519,794,1313,2491,52.71%,765,448,1213
"Family District Judge, 308th Judicial District",0184,106,135,241,994,24.25%,82,141,223
"Family District Judge, 308th Judicial District",0185,283,292,575,1933,29.75%,206,336,542
"Family District Judge, 308th Judicial District",0186,97,106,203,798,25.44%,33,165,198
"Family District Judge, 308th Judicial District",0187,21,25,46,311,14.79%,12,32,44
"Family District Judge, 308th Judicial District",0188,153,146,299,1637,18.27%,136,147,283
"Family District Judge, 308th Judicial District",0189,239,360,599,1465,40.89%,310,240,550
"Family District Judge, 308th Judicial District",0190,120,177,297,1723,17.24%,126,158,284
"Family District Judge, 308th Judicial District",0191,79,126,205,1366,15.01%,89,109,198
"Family District Judge, 308th Judicial District",0192,380,225,605,1959,30.88%,26,564,590
"Family District Judge, 308th Judicial District",0193,173,187,360,1074,33.52%,7,338,345
"Family District Judge, 308th Judicial District",0194,350,431,781,1912,40.85%,222,522,744
"Family District Judge, 308th Judicial District",0195,269,278,547,1694,32.29%,22,513,535
"Family District Judge, 308th Judicial District",0196,52,32,84,316,26.58%,4,77,81
"Family District Judge, 308th Judicial District",0197,543,309,852,2914,29.24%,13,823,836
"Family District Judge, 308th Judicial District",0198,53,74,127,642,19.78%,2,123,125
Office,Precinct,Early Ballots Cast,Election Ballots Cast,Total Ballots Cast,Registered Voters,Percent Turnout,REP James Lombardino,DEM Jim Evans,Totals
"Family District Judge, 308th Judicial District",0199,812,661,1473,3216,45.80%,1116,293,1409
"Family District Judge, 308th Judicial District",0200,962,536,1498,3382,44.29%,632,752,1384
"Family District Judge, 308th Judicial District",0201,98,87,185,724,25.55%,2,179,181
"Family District Judge, 308th Judicial District",0202,217,189,406,1464,27.73%,8,392,400
"Family District Judge, 308th Judicial District",0203,107,68,175,960,18.23%,41,124,165
"Family District Judge, 308th Judicial District",0204,816,784,1600,3487,45.88%,860,626,1486
"Family District Judge, 308th Judicial District",0205,464,171,635,1664,38.16%,10,612,622
"Family District Judge, 308th Judicial District",0206,362,462,824,2779,29.65%,233,540,773
"Family District Judge, 308th Judicial District",0207,265,261,526,1188,44.28%,161,332,493
"Family District Judge, 308th Judicial District",0208,322,262,584,2195,26.61%,171,388,559
"Family District Judge, 308th Judicial District",0209,0,2,2,0,0.00%,2,0,2
"Family District Judge, 308th Judicial District",0210,502,467,969,2533,38.26%,107,836,943
"Family District Judge, 308th Judicial District",0211,307,386,693,2914,23.78%,262,395,657
"Family District Judge, 308th Judicial District",0212,96,155,251,1300,19.31%,51,191,242
"Family District Judge, 308th Judicial District",0213,826,913,1739,3350,51.91%,1303,311,1614
"Family District Judge, 308th Judicial District",0214,404,491,895,1854,48.27%,535,303,838
"Family District Judge, 308th Judicial District",0215,421,711,1132,2258,50.13%,632,417,1049
"Family District Judge, 308th Judicial District",0216,362,223,585,1945,30.08%,37,536,573
"Family District Judge, 308th Judicial District",0217,844,631,1475,2678,55.08%,853,502,1355
"Family District Judge, 308th Judicial District",0218,391,402,793,2292,34.60%,234,500,734
"Family District Judge, 308th Judicial District",0219,496,436,932,2767,33.68%,44,848,892
"Family District Judge, 308th Judicial District",0220,325,187,512,2310,22.16%,364,133,497
"Family District Judge, 308th Judicial District",0221,332,369,701,2529,27.72%,297,364,661
"Family District Judge, 308th Judicial District",0222,623,674,1297,2501,51.86%,518,667,1185
"Family District Judge, 308th Judicial District",0223,563,377,940,3582,26.24%,250,628,878
"Family District Judge, 308th Judicial District",0224,530,456,986,2238,44.06%,423,489,912
"Family District Judge, 308th Judicial District",0225,376,405,781,3305,23.63%,393,357,750
"Family District Judge, 308th Judicial District",0226,227,307,534,2436,21.92%,135,372,507
"Family District Judge, 308th Judicial District",0227,558,423,981,1785,54.96%,649,247,896
"Family District Judge, 308th Judicial District",0228,362,195,557,1050,53.05%,23,514,537
"Family District Judge, 308th Judicial District",0229,31,96,127,815,15.58%,58,62,120
"Family District Judge, 308th Judicial District",0230,185,116,301,1089,27.64%,6,286,292
"Family District Judge, 308th Judicial District",0231,233,264,497,2232,22.27%,122,347,469
Office,Precinct,Early Ballots Cast,Election Ballots Cast,Total Ballots Cast,Registered Voters,Percent Turnout,REP James Lombardino,DEM Jim Evans,Totals
"Family District Judge, 308th Judicial District",0232,361,474,835,1760,47.44%,424,347,771
"Family District Judge, 308th Judicial District",0233,890,801,1691,4445,38.04%,741,821,1562
"Family District Judge, 308th Judicial District",0234,1192,913,2105,3993,52.72%,1477,476,1953
"Family District Judge, 308th Judicial District",0235,240,158,398,1356,29.35%,13,373,386
"Family District Judge, 308th Judicial District",0236,354,235,589,2079,28.33%,14,563,577
"Family District Judge, 308th Judicial District",0237,416,253,669,2161,30.96%,11,646,657
"Family District Judge, 308th Judicial District",0238,339,245,584,1925,30.34%,15,554,569
"Family District Judge, 308th Judicial District",0239,383,236,619,1964,31.52%,22,585,607
"Family District Judge, 308th Judicial District",0240,585,243,828,2649,31.26%,23,787,810
"Family District Judge, 308th Judicial District",0241,222,229,451,2372,19.01%,191,242,433
"Family District Judge, 308th Judicial District",0242,173,162,335,1596,20.99%,191,125,316
"Family District Judge, 308th Judicial District",0243,138,43,181,457,39.61%,2,178,180
"Family District Judge, 308th Judicial District",0244,480,425,905,3117,29.03%,497,365,862
"Family District Judge, 308th Judicial District",0245,946,799,1745,5828,29.94%,1224,483,1707
"Family District Judge, 308th Judicial District",0246,584,513,1197,3315,36.11%,849,311,1160
"Family District Judge, 308th Judicial District",0247,173,254,427,1582,26.99%,14,407,421
"Family District Judge, 308th Judicial District",0248,161,167,328,2100,15.62%,96,219,315
"Family District Judge, 308th Judicial District",0249,461,348,809,2719,29.75%,552,230,782
"Family District Judge, 308th Judicial District",0250,109,164,273,964,28.32%,9,260,269
"Family District Judge, 308th Judicial District",0251,278,436,714,2089,34.18%,25,676,701
"Family District Judge, 308th Judicial District",0252,504,312,816,2377,34.33%,12,785,797
"Family District Judge, 308th Judicial District",0253,379,222,601,2177,27.61%,8,581,589
"Family District Judge, 308th Judicial District",0254,93,112,205,1550,13.23%,65,130,195
"Family District Judge, 308th Judicial District",0255,525,648,1173,2482,47.26%,505,586,1091
"Family District Judge, 308th Judicial District",0256,575,449,1024,3254,31.47%,479,493,972
"Family District Judge, 308th Judicial District",0257,204,245,449,2523,17.80%,136,288,424
"Family District Judge, 308th Judicial District",0258,839,800,1539,3322,49.34%,1135,383,1518
"Family District Judge, 308th Judicial District",0259,555,382,1038,2361,43.96%,24,986,1010
"Family District Judge, 308th Judicial District",0260,162,145,307,1260,24.37%,179,108,287
"Family District Judge, 308th Judicial District",0261,124,120,244,1417,17.22%,101,134,235
"Family District Judge, 308th Judicial District",0262,758,600,1358,4397,30.88%,825,449,1274
"Family District Judge, 308th Judicial District",0263,858,712,1570,3693,42.51%,1184,325,1509
"Family District Judge, 308th Judicial District",0264,480,457,937,2963,31.62%,564,316,880
Office,Precinct,Early Ballots Cast,Election Ballots Cast,Total Ballots Cast,Registered Voters,Percent Turnout,REP James Lombardino,DEM Jim Evans,Totals
"Family District Judge, 308th Judicial District",0265,988,759,1747,3584,48.74%,1247,381,1628
"Family District Judge, 308th Judicial District",0266,259,257,516,2104,24.52%,247,239,486
"Family District Judge, 308th Judicial District",0267,146,166,312,1327,23.51%,159,132,291
"Family District Judge, 308th Judicial District",0268,435,717,1152,2493,46.21%,626,398,1024
"Family District Judge, 308th Judicial District",0269,702,453,1155,2030,56.90%,849,234,1083
"Family District Judge, 308th Judicial District",0270,817,672,1489,3605,41.30%,797,611,1408
"Family District Judge, 308th Judicial District",0271,656,382,1038,2518,41.22%,26,1000,1026
"Family District Judge, 308th Judicial District",0272,264,292,555,2162,25.72%,221,308,529
"Family District Judge, 308th Judicial District",0273,548,689,1237,2470,50.08%,973,204,1177
"Family District Judge, 308th Judicial District",0274,588,346,934,2153,43.38%,593,276,869
"Family District Judge, 308th Judicial District",0275,207,236,443,1850,23.95%,105,325,430
"Family District Judge, 308th Judicial District",0276,572,231,803,2536,31.66%,9,780,789
"Family District Judge, 308th Judicial District",0277,170,186,356,1492,23.86%,166,174,340
"Family District Judge, 308th Judicial District",0278,421,320,741,2454,30.20%,408,305,713
"Family District Judge, 308th Judicial District",0279,250,223,473,1941,24.37%,272,177,449
"Family District Judge, 308th Judicial District",0280,130,188,318,1524,20.87%,132,167,299
"Family District Judge, 308th Judicial District",0281,655,742,1397,2633,53.06%,600,659,1259
"Family District Judge, 308th Judicial District",0282,314,455,769,2042,37.66%,470,253,723
"Family District Judge, 308th Judicial District",0283,0,0,0,0,0.00%,0,0,0
"Family District Judge, 308th Judicial District",0284,574,336,910,3172,28.69%,419,449,868
"Family District Judge, 308th Judicial District",0285,448,378,826,2540,32.52%,81,721,802
"Family District Judge, 308th Judicial District",0286,1255,821,2076,6170,33.65%,193,1818,2011
"Family District Judge, 308th Judicial District",0287,370,477,847,1621,52.25%,387,402,789
"Family District Judge, 308th Judicial District",0288,532,313,845,2210,38.24%,17,814,831
"Family District Judge, 308th Judicial District",0289,186,212,398,1564,25.45%,194,182,376
"Family District Judge, 308th Judicial District",0290,245,298,543,1642,33.07%,406,119,525
"Family District Judge, 308th Judicial District",0291,325,235,560,1225,45.71%,277,250,527
"Family District Judge, 308th Judicial District",0292,207,147,354,1356,26.11%,37,308,345
"Family District Judge, 308th Judicial District",0293,356,447,803,1759,45.65%,352,395,747
"Family District Judge, 308th Judicial District",0294,488,221,709,2097,33.81%,7,686,693
"Family District Judge, 308th Judicial District",0295,148,103,251,885,28.36%,8,238,246
"Family District Judge, 308th Judicial District",0296,327,340,667,1713,38.94%,376,245,621
"Family District Judge, 308th Judicial District",0297,280,249,529,2012,26.29%,235,264,499
Office,Precinct,Early Ballots Cast,Election Ballots Cast,Total Ballots Cast,Registered Voters,Percent Turnout,REP James Lombardino,DEM Jim Evans,Totals
"Family District Judge, 308th Judicial District",0298,415,358,773,2121,36.45%,444,281,725
"Family District Judge, 308th Judicial District",0299,178,117,295,1353,21.80%,111,161,272
"Family District Judge, 308th Judicial District",0300,1389,1016,2405,5406,44.49%,1878,430,2308
"Family District Judge, 308th Judicial District",0301,210,255,465,2352,19.77%,177,262,439
"Family District Judge, 308th Judicial District",0302,353,343,696,2720,25.59%,392,280,672
"Family District Judge, 308th Judicial District",0303,922,784,1706,3245,52.57%,1303,308,1611
"Family District Judge, 308th Judicial District",0304,606,505,1111,2298,48.35%,572,458,1030
"Family District Judge, 308th Judicial District",0305,524,432,956,4191,22.81%,400,527,927
"Family District Judge, 308th Judicial District",0306,649,342,991,1879,52.74%,681,251,932
"Family District Judge, 308th Judicial District",0307,733,670,1403,3099,45.27%,922,395,1317
"Family District Judge, 308th Judicial District",0308,199,130,329,1296,25.39%,114,200,314
"Family District Judge, 308th Judicial District",0309,708,593,1301,2524,51.55%,981,237,1218
"Family District Judge, 308th Judicial District",0310,386,279,665,1435,46.34%,437,184,621
"Family District Judge, 308th Judicial District",0311,486,421,907,2986,30.38%,473,366,839
"Family District Judge, 308th Judicial District",0312,742,457,1199,3636,32.98%,739,406,1145
"Family District Judge, 308th Judicial District",0313,9,0,9,62,14.52%,7,2,9
"Family District Judge, 308th Judicial District",0314,1121,913,2034,5647,36.02%,1263,704,1967
"Family District Judge, 308th Judicial District",0315,478,388,866,1608,53.86%,484,334,818
"Family District Judge, 308th Judicial District",0316,412,341,753,1537,48.99%,373,324,697
"Family District Judge, 308th Judicial District",0317,248,209,457,1588,28.78%,143,297,440
"Family District Judge, 308th Judicial District",0318,834,568,1402,3660,38.31%,66,1292,1358
"Family District Judge, 308th Judicial District",0319,512,230,742,2158,34.38%,45,675,720
"Family District Judge, 308th Judicial District",0320,234,168,402,1537,26.15%,202,183,385
"Family District Judge, 308th Judicial District",0321,262,191,453,2346,19.31%,167,260,427
"Family District Judge, 308th Judicial District",0322,181,129,310,1226,25.29%,97,201,298
"Family District Judge, 308th Judicial District",0323,278,211,489,1722,28.40%,226,233,459
"Family District Judge, 308th Judicial District",0324,532,646,1178,2336,50.43%,689,401,1090
"Family District Judge, 308th Judicial District",0325,289,193,482,2112,22.82%,107,356,463
"Family District Judge, 308th Judicial District",0326,87,74,161,698,23.07%,80,71,151
"Family District Judge, 308th Judicial District",0327,380,129,509,1729,29.44%,8,486,494
"Family District Judge, 308th Judicial District",0328,151,140,291,1434,20.29%,122,156,278
"Family District Judge, 308th Judicial District",0329,189,184,373,1397,26.70%,143,214,357
"Family District Judge, 308th Judicial District",0330,334,253,587,1936,30.32%,325,229,554
Office,Precinct,Early Ballots Cast,Election Ballots Cast,Total Ballots Cast,Registered Voters,Percent Turnout,REP James Lombardino,DEM Jim Evans,Totals
"Family District Judge, 308th Judicial District",0331,0,0,0,0,0.00%,0,0,0
"Family District Judge, 308th Judicial District",0332,18,7,25,138,18.12%,11,11,22
"Family District Judge, 308th Judicial District",0333,524,714,1238,3021,40.98%,859,313,1172
"Family District Judge, 308th Judicial District",0334,83,42,125,742,16.85%,22,99,121
"Family District Judge, 308th Judicial District",0335,121,98,219,1300,16.85%,80,122,202
"Family District Judge, 308th Judicial District",0336,866,624,1490,4051,36.78%,136,1320,1456
"Family District Judge, 308th Judicial District",0337,124,103,227,1029,22.06%,40,176,216
"Family District Judge, 308th Judicial District",0338,730,391,1121,4934,22.72%,377,664,1041
"Family District Judge, 308th Judicial District",0339,202,222,424,1757,24.13%,91,304,395
"Family District Judge, 308th Judicial District",0340,1038,594,1632,3765,43.35%,1211,347,1558
"Family District Judge, 308th Judicial District",0341,91,167,258,1290,20.00%,83,168,251
"Family District Judge, 308th Judicial District",0342,675,605,1280,6526,19.61%,212,1034,1246
"Family District Judge, 308th Judicial District",0343,189,271,460,1964,23.42%,136,295,431
"Family District Judge, 308th Judicial District",0344,154,172,326,1160,28.10%,15,297,312
"Family District Judge, 308th Judicial District",0345,156,165,321,1804,17.79%,94,210,304
"Family District Judge, 308th Judicial District",0346,0,1,1,3,33.33%,1,0,1
"Family District Judge, 308th Judicial District",0347,592,436,1028,3387,30.35%,677,315,992
"Family District Judge, 308th Judicial District",0348,438,208,646,1708,37.82%,491,123,614
"Family District Judge, 308th Judicial District",0349,188,267,455,1349,33.73%,272,157,429
"Family District Judge, 308th Judicial District",0350,524,526,1050,2909,36.09%,387,581,968
"Family District Judge, 308th Judicial District",0351,1491,710,2201,4712,46.71%,1711,406,2117
"Family District Judge, 308th Judicial District",0352,520,339,859,3205,26.80%,616,207,823
"Family District Judge, 308th Judicial District",0353,665,451,1116,3862,28.90%,203,878,1081
"Family District Judge, 308th Judicial District",0354,715,338,1053,3388,31.08%,256,762,1018
"Family District Judge, 308th Judicial District",0355,301,264,565,1560,36.22%,50,497,547
"Family District Judge, 308th Judicial District",0356,594,538,1132,2972,38.09%,712,364,1076
"Family District Judge, 308th Judicial District",0357,837,575,1412,3517,40.15%,1021,343,1364
"Family District Judge, 308th Judicial District",0358,212,254,466,2492,18.70%,48,401,449
"Family District Judge, 308th Judicial District",0359,234,224,458,3061,14.96%,59,387,446
"Family District Judge, 308th Judicial District",0360,522,380,902,2146,42.03%,441,380,821
"Family District Judge, 308th Judicial District",0361,41,295,336,1673,20.08%,52,241,293
"Family District Judge, 308th Judicial District",0362,1138,887,2025,5086,39.82%,1470,451,1921
"Family District Judge, 308th Judicial District",0363,620,412,1032,3677,28.07%,464,542,1006
Office,Precinct,Early Ballots Cast,Election Ballots Cast,Total Ballots Cast,Registered Voters,Percent Turnout,REP James Lombardino,DEM Jim Evans,Totals
"Family District Judge, 308th Judicial District",0364,488,405,893,2658,33.60%,511,342,853
"Family District Judge, 308th Judicial District",0365,478,231,709,1305,54.33%,51,638,689
"Family District Judge, 308th Judicial District",0366,252,270,522,2454,21.27%,135,371,506
"Family District Judge, 308th Judicial District",0367,170,138,308,1130,27.26%,72,230,302
"Family District Judge, 308th Judicial District",0368,178,88,266,958,27.77%,71,183,254
"Family District Judge, 308th Judicial District",0369,32,29,61,559,10.91%,17,42,59
"Family District Judge, 308th Judicial District",0370,1532,1105,2637,6593,40.00%,1980,568,2548
"Family District Judge, 308th Judicial District",0371,122,52,174,502,34.66%,6,162,168
"Family District Judge, 308th Judicial District",0372,221,170,391,1224,31.94%,53,325,378
"Family District Judge, 308th Judicial District",0373,21,12,33,157,21.02%,4,27,31
"Family District Judge, 308th Judicial District",0374,65,93,158,738,21.41%,58,95,153
"Family District Judge, 308th Judicial District",0375,254,220,474,2645,17.92%,236,204,440
"Family District Judge, 308th Judicial District",0376,278,205,483,1910,25.29%,210,250,460
"Family District Judge, 308th Judicial District",0377,525,583,1109,2920,37.98%,798,252,1050
"Family District Judge, 308th Judicial District",0378,232,354,586,1829,32.04%,364,200,564
"Family District Judge, 308th Judicial District",0379,431,289,720,2027,35.52%,73,630,703
"Family District Judge, 308th Judicial District",0380,1299,995,2294,5666,40.49%,1240,981,2221
"Family District Judge, 308th Judicial District",0381,412,248,660,2855,23.12%,307,326,633
"Family District Judge, 308th Judicial District",0382,132,157,289,922,31.34%,211,70,281
"Family District Judge, 308th Judicial District",0383,289,263,552,2173,25.40%,220,314,534
"Family District Judge, 308th Judicial District",0384,573,373,946,2657,35.60%,182,727,909
"Family District Judge, 308th Judicial District",0385,583,670,1253,2207,56.77%,911,269,1180
"Family District Judge, 308th Judicial District",0386,662,469,1131,2922,38.71%,825,263,1088
"Family District Judge, 308th Judicial District",0387,555,672,1227,3935,31.18%,881,307,1188
"Family District Judge, 308th Judicial District",0388,1430,1010,2440,6888,35.42%,1410,962,2372
"Family District Judge, 308th Judicial District",0389,91,208,299,1026,29.14%,42,233,275
"Family District Judge, 308th Judicial District",0390,356,263,619,1480,41.82%,69,524,593
"Family District Judge, 308th Judicial District",0391,508,260,768,1883,40.79%,467,262,729
"Family District Judge, 308th Judicial District",0392,387,155,542,1446,37.48%,7,527,534
"Family District Judge, 308th Judicial District",0393,165,185,350,1292,27.09%,165,176,341
"Family District Judge, 308th Judicial District",0394,69,73,142,834,17.03%,69,66,135
"Family District Judge, 308th Judicial District",0395,469,404,873,1846,47.29%,606,216,822
"Family District Judge, 308th Judicial District",0396,622,216,838,2082,40.25%,16,809,825
Office,Precinct,Early Ballots Cast,Election Ballots Cast,Total Ballots Cast,Registered Voters,Percent Turnout,REP James Lombardino,DEM Jim Evans,Totals
"Family District Judge, 308th Judicial District",0397,86,78,164,760,21.58%,80,80,160
"Family District Judge, 308th Judicial District",0398,615,521,1136,4022,28.24%,611,499,1110
"Family District Judge, 308th Judicial District",0399,402,366,768,2791,27.52%,416,328,744
"Family District Judge, 308th Judicial District",0400,620,359,979,2411,40.61%,704,230,934
"Family District Judge, 308th Judicial District",0401,330,205,535,1913,27.97%,23,500,523
"Family District Judge, 308th Judicial District",0402,466,266,732,1794,40.80%,33,681,714
"Family District Judge, 308th Judicial District",0403,475,498,973,1715,56.73%,493,388,881
"Family District Judge, 308th Judicial District",0404,419,330,749,2585,28.97%,426,294,720
"Family District Judge, 308th Judicial District",0405,0,0,0,0,0.00%,0,0,0
"Family District Judge, 308th Judicial District",0406,137,67,204,628,32.48%,3,198,201
"Family District Judge, 308th Judicial District",0407,688,793,1481,3769,39.29%,967,430,1397
"Family District Judge, 308th Judicial District",0408,146,153,299,1691,17.68%,143,141,284
"Family District Judge, 308th Judicial District",0409,122,149,271,1459,18.57%,113,149,262
"Family District Judge, 308th Judicial District",0410,132,80,212,899,23.58%,45,155,200
"Family District Judge, 308th Judicial District",0411,235,200,435,2339,18.60%,166,251,417
"Family District Judge, 308th Judicial District",0412,74,44,118,468,25.21%,7,106,113
"Family District Judge, 308th Judicial District",0413,767,386,1153,2992,38.54%,450,659,1109
"Family District Judge, 308th Judicial District",0414,654,480,1134,3453,32.84%,864,222,1086
"Family District Judge, 308th Judicial District",0415,539,598,1137,2203,51.61%,735,350,1085
"Family District Judge, 308th Judicial District",0416,538,558,1096,3791,28.91%,605,451,1056
"Family District Judge, 308th Judicial District",0417,353,385,738,2448,30.15%,371,334,705
"Family District Judge, 308th Judicial District",0418,403,469,872,3584,24.33%,357,475,832
"Family District Judge, 308th Judicial District",0419,571,324,895,2658,33.67%,586,269,855
"Family District Judge, 308th Judicial District",0420,1036,874,1910,4762,40.11%,1486,362,1848
"Family District Judge, 308th Judicial District",0421,36,37,73,410,17.80%,25,44,69
"Family District Judge, 308th Judicial District",0422,731,402,1133,3345,33.87%,33,1077,1110
"Family District Judge, 308th Judicial District",0423,108,120,228,1376,16.57%,75,142,217
"Family District Judge, 308th Judicial District",0424,240,111,351,967,36.30%,200,133,333
"Family District Judge, 308th Judicial District",0425,107,123,230,883,26.05%,90,129,219
"Family District Judge, 308th Judicial District",0426,260,183,443,1218,36.37%,256,163,419
"Family District Judge, 308th Judicial District",0427,179,134,313,1092,28.66%,133,157,290
"Family District Judge, 308th Judicial District",0428,619,421,1040,4538,22.92%,327,632,959
"Family District Judge, 308th Judicial District",0429,445,314,759,3197,23.74%,206,513,719
Office,Precinct,Early Ballots Cast,Election Ballots Cast,Total Ballots Cast,Registered Voters,Percent Turnout,REP James Lombardino,DEM Jim Evans,Totals
"Family District Judge, 308th Judicial District",0430,161,133,294,1657,17.74%,91,190,281
"Family District Judge, 308th Judicial District",0431,327,84,411,3417,12.03%,144,247,391
"Family District Judge, 308th Judicial District",0432,123,157,280,1455,19.24%,104,167,271
"Family District Judge, 308th Judicial District",0433,50,63,113,581,19.45%,26,80,106
"Family District Judge, 308th Judicial District",0434,370,289,659,1503,43.85%,391,232,623
"Family District Judge, 308th Judicial District",0435,855,636,1491,3252,45.85%,923,483,1406
"Family District Judge, 308th Judicial District",0436,629,531,1160,2933,39.55%,699,392,1091
"Family District Judge, 308th Judicial District",0437,521,512,1033,2033,50.81%,694,274,968
"Family District Judge, 308th Judicial District",0438,517,389,1006,1861,54.06%,719,230,949
"Family District Judge, 308th Judicial District",0439,710,884,1594,3554,44.85%,1106,397,1503
"Family District Judge, 308th Judicial District",0440,664,858,1522,2930,51.95%,1150,275,1425
"Family District Judge, 308th Judicial District",0441,345,420,765,1669,45.84%,553,167,720
"Family District Judge, 308th Judicial District",0442,612,574,1186,2575,46.06%,951,183,1134
"Family District Judge, 308th Judicial District",0443,226,138,364,646,56.35%,235,105,340
"Family District Judge, 308th Judicial District",0444,587,583,1270,3262,38.93%,786,406,1192
"Family District Judge, 308th Judicial District",0445,499,348,847,2026,41.81%,553,254,807
"Family District Judge, 308th Judicial District",0446,31,22,53,291,18.21%,26,24,50
"Family District Judge, 308th Judicial District",0447,93,86,179,637,28.10%,51,118,169
"Family District Judge, 308th Judicial District",0448,590,778,1368,3138,43.59%,732,548,1280
"Family District Judge, 308th Judicial District",0449,12,23,35,198,17.68%,3,30,33
"Family District Judge, 308th Judicial District",0450,435,328,763,2635,28.96%,225,509,734
"Family District Judge, 308th Judicial District",0451,1002,510,1512,2687,56.27%,1197,239,1436
"Family District Judge, 308th Judicial District",0452,554,444,998,3048,32.74%,733,232,965
"Family District Judge, 308th Judicial District",0453,231,262,493,1937,25.45%,192,275,467
"Family District Judge, 308th Judicial District",0454,594,248,842,2561,32.88%,12,817,829
"Family District Judge, 308th Judicial District",0455,367,165,532,1689,31.50%,18,507,525
"Family District Judge, 308th Judicial District",0456,482,362,844,3513,24.03%,484,332,816
"Family District Judge, 308th Judicial District",0457,0,0,0,0,0.00%,0,0,0
"Family District Judge, 308th Judicial District",0458,471,237,708,1924,36.80%,37,651,688
"Family District Judge, 308th Judicial District",0459,951,474,1425,3021,47.17%,1105,266,1371
"Family District Judge, 308th Judicial District",0460,554,331,885,2837,31.19%,227,637,864
"Family District Judge, 308th Judicial District",0461,1155,735,1900,3871,49.08%,1263,518,1781
"Family District Judge, 308th Judicial District",0462,674,619,1293,3384,38.21%,450,776,1226
Office,Precinct,Early Ballots Cast,Election Ballots Cast,Total Ballots Cast,Registered Voters,Percent Turnout,REP James Lombardino,DEM Jim Evans,Totals
"Family District Judge, 308th Judicial District",0463,480,404,884,3326,26.58%,400,454,854
"Family District Judge, 308th Judicial District",0464,356,430,786,2257,34.82%,556,202,758
"Family District Judge, 308th Judicial District",0465,687,520,1207,3564,33.87%,664,502,1166
"Family District Judge, 308th Judicial District",0466,1058,614,1672,4184,39.96%,953,660,1613
"Family District Judge, 308th Judicial District",0467,213,189,402,1270,31.65%,97,295,392
"Family District Judge, 308th Judicial District",0468,352,443,795,3598,22.10%,257,510,767
"Family District Judge, 308th Judicial District",0469,1294,547,1841,3985,46.20%,1413,345,1758
"Family District Judge, 308th Judicial District",0470,185,176,361,1326,27.22%,260,83,343
"Family District Judge, 308th Judicial District",0471,375,380,755,2387,31.63%,596,138,734
"Family District Judge, 308th Judicial District",0472,198,278,476,1081,44.03%,169,268,437
"Family District Judge, 308th Judicial District",0473,599,391,990,1806,54.82%,670,272,942
"Family District Judge, 308th Judicial District",0474,559,588,1147,3037,37.77%,792,312,1104
"Family District Judge, 308th Judicial District",0475,189,267,456,1809,25.21%,226,206,432
"Family District Judge, 308th Judicial District",0476,404,473,877,2430,36.09%,491,352,843
"Family District Judge, 308th Judicial District",0477,737,567,1304,3505,37.20%,982,274,1256
"Family District Judge, 308th Judicial District",0478,958,657,1615,4461,36.20%,1080,463,1543
"Family District Judge, 308th Judicial District",0479,638,612,1250,2714,46.06%,922,275,1197
"Family District Judge, 308th Judicial District",0480,493,450,943,2415,39.05%,673,230,903
"Family District Judge, 308th Judicial District",0481,770,623,1393,3482,40.01%,1052,278,1330
"Family District Judge, 308th Judicial District",0482,878,630,1508,4373,34.48%,1071,386,1457
"Family District Judge, 308th Judicial District",0483,1042,478,1520,4308,35.28%,859,598,1457
"Family District Judge, 308th Judicial District",0484,1107,930,2037,4979,40.91%,1446,525,1971
"Family District Judge, 308th Judicial District",0485,1095,911,2006,5388,37.23%,1553,395,1948
"Family District Judge, 308th Judicial District",0486,873,855,1728,3866,44.70%,1334,324,1658
"Family District Judge, 308th Judicial District",0487,570,294,864,3860,22.38%,309,487,796
"Family District Judge, 308th Judicial District",0488,268,254,522,1719,30.37%,196,284,480
"Family District Judge, 308th Judicial District",0489,350,290,640,1893,33.81%,208,399,607
"Family District Judge, 308th Judicial District",0490,444,368,812,1975,41.11%,283,498,781
"Family District Judge, 308th Judicial District",0491,314,372,686,1888,36.33%,398,254,652
"Family District Judge, 308th Judicial District",0492,556,410,966,2335,41.37%,567,353,920
"Family District Judge, 308th Judicial District",0493,479,322,801,1853,43.23%,525,230,755
"Family District Judge, 308th Judicial District",0494,381,247,628,2467,25.46%,82,531,613
"Family District Judge, 308th Judicial District",0495,522,523,1045,2375,44.00%,732,250,982
Office,Precinct,Early Ballots Cast,Election Ballots Cast,Total Ballots Cast,Registered Voters,Percent Turnout,REP James Lombardino,DEM Jim Evans,Totals
"Family District Judge, 308th Judicial District",0496,190,315,505,2160,23.38%,198,290,488
"Family District Judge, 308th Judicial District",0497,526,243,769,2257,34.07%,24,723,747
"Family District Judge, 308th Judicial District",0498,363,323,686,2297,29.87%,298,369,667
"Family District Judge, 308th Judicial District",0499,750,518,1268,2326,54.51%,892,303,1195
"Family District Judge, 308th Judicial District",0500,729,715,1444,3507,41.17%,988,405,1393
"Family District Judge, 308th Judicial District",0501,341,417,758,1801,42.09%,263,439,702
"Family District Judge, 308th Judicial District",0502,477,350,827,2501,33.07%,667,134,801
"Family District Judge, 308th Judicial District",0503,174,116,290,1374,21.11%,111,158,269
"Family District Judge, 308th Judicial District",0504,524,527,1151,2288,50.31%,704,372,1076
"Family District Judge, 308th Judicial District",0505,531,562,1193,3773,31.62%,524,591,1115
"Family District Judge, 308th Judicial District",0506,665,670,1335,3502,38.12%,227,1060,1287
"Family District Judge, 308th Judicial District",0507,221,149,370,2452,15.09%,75,227,302
"Family District Judge, 308th Judicial District",0508,492,412,904,3287,27.50%,342,493,835
"Family District Judge, 308th Judicial District",0509,753,596,1349,3732,36.15%,942,340,1282
"Family District Judge, 308th Judicial District",0510,687,514,1201,3590,33.45%,586,562,1148
"Family District Judge, 308th Judicial District",0511,0,0,0,0,0.00%,0,0,0
"Family District Judge, 308th Judicial District",0512,602,660,1262,5057,24.96%,596,630,1226
"Family District Judge, 308th Judicial District",0513,1019,487,1506,2894,52.04%,1117,316,1433
"Family District Judge, 308th Judicial District",0514,953,720,1673,4275,39.13%,1261,341,1602
"Family District Judge, 308th Judicial District",0515,942,683,1625,3455,47.03%,1309,249,1558
"Family District Judge, 308th Judicial District",0516,1000,800,1800,5356,33.61%,942,775,1717
"Family District Judge, 308th Judicial District",0517,481,256,737,2954,24.95%,419,295,714
"Family District Judge, 308th Judicial District",0518,635,693,1328,3943,33.68%,861,411,1272
"Family District Judge, 308th Judicial District",0519,623,493,1116,2966,37.63%,825,254,1079
"Family District Judge, 308th Judicial District",0520,473,457,930,4580,20.31%,168,740,908
"Family District Judge, 308th Judicial District",0521,471,464,935,2866,32.62%,505,394,899
"Family District Judge, 308th Judicial District",0522,715,572,1288,2689,47.90%,987,257,1244
"Family District Judge, 308th Judicial District",0523,751,415,1166,3052,38.20%,769,343,1112
"Family District Judge, 308th Judicial District",0524,567,459,1026,3410,30.09%,353,640,993
"Family District Judge, 308th Judicial District",0525,707,482,1189,3091,38.47%,257,878,1135
"Family District Judge, 308th Judicial District",0526,58,84,152,780,19.49%,45,97,142
"Family District Judge, 308th Judicial District",0527,37,40,77,574,13.41%,39,36,75
"Family District Judge, 308th Judicial District",0528,14,12,26,90,28.89%,2,23,25
Office,Precinct,Early Ballots Cast,Election Ballots Cast,Total Ballots Cast,Registered Voters,Percent Turnout,REP James Lombardino,DEM Jim Evans,Totals
"Family District Judge, 308th Judicial District",0529,1043,491,1534,3710,41.35%,1313,164,1477
"Family District Judge, 308th Judicial District",0530,114,107,221,1196,18.48%,52,153,205
"Family District Judge, 308th Judicial District",0531,363,174,537,1145,46.90%,414,102,516
"Family District Judge, 308th Judicial District",0532,205,146,351,1048,33.49%,251,91,342
"Family District Judge, 308th Judicial District",0533,124,108,232,1119,20.73%,133,87,220
"Family District Judge, 308th Judicial District",0534,783,524,1,307,3837,34.06%,971,279,1250
"Family District Judge, 308th Judicial District",0535,33,29,62,416,14.90%,30,30,60
"Family District Judge, 308th Judicial District",0536,554,780,1334,5139,25.96%,518,771,1289
"Family District Judge, 308th Judicial District",0537,855,778,1633,3050,53.54%,1182,372,1554
"Family District Judge, 308th Judicial District",0538,204,160,364,1303,27.94%,6,352,358
"Family District Judge, 308th Judicial District",0539,15,241,256,64,400.00%,77,161,238
"Family District Judge, 308th Judicial District",0540,378,316,694,1567,44.29%,245,393,638
"Family District Judge, 308th Judicial District",0541,784,505,1289,4599,28.03%,175,1061,1236
"Family District Judge, 308th Judicial District",0542,360,382,742,2557,29.02%,45,669,714
"Family District Judge, 308th Judicial District",0543,141,213,354,1565,22.62%,124,209,333
"Family District Judge, 308th Judicial District",0544,35,41,77,310,24.84%,11,65,76
"Family District Judge, 308th Judicial District",0545,596,620,1216,3629,33.51%,622,549,1171
"Family District Judge, 308th Judicial District",0546,2,2,4,37,10.81%,3,0,3
"Family District Judge, 308th Judicial District",0547,501,466,967,2406,40.19%,673,247,920
"Family District Judge, 308th Judicial District",0548,286,293,579,2215,26.14%,302,259,561
"Family District Judge, 308th Judicial District",0549,343,418,761,2663,28.58%,108,638,746
"Family District Judge, 308th Judicial District",0550,501,431,932,3031,30.75%,524,377,901
"Family District Judge, 308th Judicial District",0551,1288,1394,2682,7034,38.13%,2009,596,2605
"Family District Judge, 308th Judicial District",0552,847,883,1730,3415,50.66%,1421,256,1677
"Family District Judge, 308th Judicial District",0553,578,529,1107,4686,23.62%,502,573,1075
"Family District Judge, 308th Judicial District",0554,261,199,460,1757,26.18%,97,332,429
"Family District Judge, 308th Judicial District",0555,225,277,502,2219,22.62%,105,378,483
"Family District Judge, 308th Judicial District",0556,276,186,462,2319,19.92%,135,306,441
"Family District Judge, 308th Judicial District",0557,455,183,638,2830,22.54%,266,291,557
"Family District Judge, 308th Judicial District",0558,693,463,1156,4380,26.39%,414,695,1109
"Family District Judge, 308th Judicial District",0559,640,494,1134,4969,22.82%,341,749,1090
"Family District Judge, 308th Judicial District",0560,72,131,203,1120,18.13%,56,132,188
"Family District Judge, 308th Judicial District",0561,362,436,798,3064,26.04%,476,293,769
Office,Precinct,Early Ballots Cast,Election Ballots Cast,Total Ballots Cast,Registered Voters,Percent Turnout,REP James Lombardino,DEM Jim Evans,Totals
"Family District Judge, 308th Judicial District",0562,113,66,161,694,26.06%,23,154,177
"Family District Judge, 308th Judicial District",0563,1107,376,1463,3105,47.76%,1146,270,1416
"Family District Judge, 308th Judicial District",0564,470,426,696,3155,26.40%,235,616,653
"Family District Judge, 308th Judicial District",0565,108,76,166,1.354,13.74%,43,132,175
"Family District Judge, 308th Judicial District",0566,417,324,741,2662,25.71%,227,490,717
"Family District Judge, 308th Judicial District",0567,301,193,494,2236,22.07%,156,294,452
"Family District Judge, 308th Judicial District",0566,676,665,1561,3594,43.43%,994,470,1464
"Family District Judge, 308th Judicial District",0569,572,667,1239,3525,35.15%,617,541,1156
"Family District Judge, 308th Judicial District",0570,236,210,446,1562,26.66%,146,265,413
"Family District Judge, 308th Judicial District",0571,155,149,304,1627,16.64%,125,170,295
"Family District Judge, 308th Judicial District",0572,555,375,930,3106,29.92%,462,424,666
"Family District Judge, 308th Judicial District",0573,290,151,441,1619,27.24%,6,426,436
"Family District Judge, 308th Judicial District",0574,31,42,73,402,16.16%,9,64,73
"Family District Judge, 308th Judicial District",0575,13,11,24,74,32.43%,17,6,23
"Family District Judge, 308th Judicial District",0576,485,316,603,2734,29.37%,23,764,767
"Family District Judge, 308th Judicial District",0577,147,66,235,606,36.65%,136,65,223
"Family District Judge, 308th Judicial District",0576,409,536,947,1799,52.64%,552,344,696
"Family District Judge, 308th Judicial District",0579,75,101,176,1056,16.67%,36,132,170
"Family District Judge, 308th Judicial District",0560,179,116,297,1031,26.61%,4,264,266
"Family District Judge, 308th Judicial District",0561,212,174,366,1032,37.40%,6,367,375
"Family District Judge, 308th Judicial District",0562,258,171,429,1566,27.02%,22,397,419
"Family District Judge, 308th Judicial District",0563,225,131,356,1262,26.21%,12,337,349
"Family District Judge, 308th Judicial District",0564,162,93,275,1014,27.12%,12,259,271
"Family District Judge, 308th Judicial District",0565,417,172,569,2511,23.46%,17,564,561
"Family District Judge, 308th Judicial District",0566,636,660,1316,4316,30.54%,797,466,1265
"Family District Judge, 308th Judicial District",0567,436,264,720,2596,27.71%,265,416,703
"Family District Judge, 308th Judicial District",0566,758,674,1432,3645,39.29%,1013,369,1362
"Family District Judge, 308th Judicial District",0569,500,366,666,3420,25.91%,494,366,660
"Family District Judge, 308th Judicial District",0590,772,399,1171,2162,54.16%,676,252,1130
"Family District Judge, 308th Judicial District",0591,163,231,414,2121,19.52%,131,264,395
"Family District Judge, 308th Judicial District",0592,133,157,290,1350,21.46%,73,204,277
"Family District Judge, 308th Judicial District",0593,543,564,1107,4360,25.27%,536,516,1054
"Family District Judge, 308th Judicial District",0594,561,326,667,2490,35.62%,246,610,656
Office,Precinct,Early Ballots Cast,Election Ballots Cast,Total Ballots Cast,Registered Voters,Percent Turnout,REP James Lombardino,DEM Jim Evans,Totals
"Family District Judge, 308th Judicial District",0595,201,178,379,1693,22.39%,73,299,372
"Family District Judge, 308th Judicial District",0596,441,348,789,3007,26.24%,438,324,762
"Family District Judge, 308th Judicial District",0597,367,394,761,3653,20.83%,330,416,746
"Family District Judge, 308th Judicial District",0598,195,57,252,728,34.62%,201,43,244
"Family District Judge, 308th Judicial District",0599,850,578,1428,4950,28.85%,509,875,1384
"Family District Judge, 308th Judicial District",0600,667,429,1096,3957,27.70%,437,607,1044
"Family District Judge, 308th Judicial District",0601,1073,756,1829,4057,45.08%,1374,389,1763
"Family District Judge, 308th Judicial District",0602,293,235,528,1326,39.82%,380,131,511
"Family District Judge, 308th Judicial District",0603,884,794,1678,4843,34.65%,1067,569,1636
"Family District Judge, 308th Judicial District",0604,702,518,1220,3005,40.60%,1000,180,1180
"Family District Judge, 308th Judicial District",0605,907,556,1463,5582,26.21%,361,1060,1421
"Family District Judge, 308th Judicial District",0606,176,70,246,937,26.25%,3,237,240
"Family District Judge, 308th Judicial District",0607,62,51,113,728,15.52%,12,95,107
"Family District Judge, 308th Judicial District",0608,31,47,78,537,14.53%,41,30,71
"Family District Judge, 308th Judicial District",0609,667,680,1347,3384,39.80%,823,449,1272
"Family District Judge, 308th Judicial District",0610,231,188,419,1927,21.74%,209,179,388
"Family District Judge, 308th Judicial District",0611,495,242,737,2488,29.62%,25,700,725
"Family District Judge, 308th Judicial District",0612,996,497,1493,3307,45.15%,1095,313,1408
"Family District Judge, 308th Judicial District",0613,186,204,390,1554,25.10%,68,310,378
"Family District Judge, 308th Judicial District",0614,737,566,1303,4207,30.97%,502,750,1252
"Family District Judge, 308th Judicial District",0615,480,299,779,1967,39.60%,493,267,760
"Family District Judge, 308th Judicial District",0616,739,663,1402,3436,40.80%,973,373,1346
"Family District Judge, 308th Judicial District",0617,541,393,934,3809,24.52%,390,523,913
"Family District Judge, 308th Judicial District",0618,946,567,1513,6003,25.20%,766,703,1469
"Family District Judge, 308th Judicial District",0619,1219,803,2022,4297,47.06%,1486,442,1928
"Family District Judge, 308th Judicial District",0620,689,264,953,2897,32.90%,592,320,912
"Family District Judge, 308th Judicial District",0621,154,101,255,1133,22.51%,129,114,243
"Family District Judge, 308th Judicial District",0622,881,524,1405,4403,31.91,%,853,499,1352
"Family District Judge, 308th Judicial District",0623,887,487,1374,3691,37.23%,922,389,1311
"Family District Judge, 308th Judicial District",0624,1,1,2,3,66.67%,1,1,2
"Family District Judge, 308th Judicial District",0625,477,362,839,1820,46.10%,465,322,787
"Family District Judge, 308th Judicial District",0626,581,440,1021,2861,35.69%,544,416,960
"Family District Judge, 308th Judicial District",0627,346,322,668,3049,21.91%,238,399,637
Office,Precinct,Early Ballots Cast,Election Ballots Cast,Total Ballots Cast,Registered Voters,Percent Turnout,REP James Lombardino,DEM Jim Evans,Totals
"Family District Judge, 308th Judicial District",0628,152,219,371,1675,22.15%,194,164,358
"Family District Judge, 308th Judicial District",0629,37,53,90,696,12.93%,18,71,89
"Family District Judge, 308th Judicial District",0630,974,600,1574,3905,40.31%,116,1418,1534
"Family District Judge, 308th Judicial District",0631,822,404,1226,2846,43.08%,887,297,1184
"Family District Judge, 308th Judicial District",0632,7,4,11,343,3.21%,3,8,11
"Family District Judge, 308th Judicial District",0633,943,731,1674,3559,47.04%,1182,428,1610
"Family District Judge, 308th Judicial District",0634,458,442,900,3029,29.71%,594,275,869
"Family District Judge, 308th Judicial District",0635,743,485,1228,3393,36.19%,923,270,1193
"Family District Judge, 308th Judicial District",0636,835,874,1710,4140,41.30%,1466,192,1658
"Family District Judge, 308th Judicial District",0637,409,362,771,2512,30.69%,185,535,720
"Family District Judge, 308th Judicial District",0638,304,245,549,2204,24.91%,44,482,526
"Family District Judge, 308th Judicial District",0639,549,547,1096,2526,43.39%,867,185,1052
"Family District Judge, 308th Judicial District",0640,641,459,1100,3733,29.47%,685,384,1069
"Family District Judge, 308th Judicial District",0641,649,596,1245,3650,34.11%,826,376,1202
"Family District Judge, 308th Judicial District",0642,471,394,865,1764,49.04%,690,141,831
"Family District Judge, 308th Judicial District",0643,934,653,1587,5945,26.69%,620,919,1539
"Family District Judge, 308th Judicial District",0644,1019,823,1842,5523,33.35%,1213,549,1762
"Family District Judge, 308th Judicial District",0645,654,594,1248,4185,29.82%,659,538,1197
"Family District Judge, 308th Judicial District",0646,364,287,651,2220,29.32%,205,402,607
"Family District Judge, 308th Judicial District",0647,904,470,1374,6084,22.58%,376,885,1261
"Family District Judge, 308th Judicial District",0648,838,579,1417,3367,42.08%,1017,352,1369
"Family District Judge, 308th Judicial District",0649,687,434,1121,4576,24.50%,371,676,1047
"Family District Judge, 308th Judicial District",0650,906,766,1672,3888,43.00%,1188,405,1593
"Family District Judge, 308th Judicial District",0651,963,766,1729,5128,33.72%,1099,556,1655
"Family District Judge, 308th Judicial District",0652,467,515,982,2815,34.88%,174,773,947
"Family District Judge, 308th Judicial District",0653,0,4,4,0,0.00%,0,4,4
"Family District Judge, 308th Judicial District",0654,950,1005,1955,6208,31.49%,1087,792,1879
"Family District Judge, 308th Judicial District",0655,1115,1079,2195,6855,32.02%,1369,742,2111
"Family District Judge, 308th Judicial District",0656,579,393,972,2674,36.35%,37,916,953
"Family District Judge, 308th Judicial District",0657,246,172,418,1292,32.35%,169,231,400
"Family District Judge, 308th Judicial District",0658,540,426,966,2807,34.41%,622,321,943
"Family District Judge, 308th Judicial District",0659,1149,788,1937,4856,39.89%,1387,498,1885
"Family District Judge, 308th Judicial District",0660,950,825,1775,5372,33.04%,159,1578,1737
Office,Precinct,Early Ballots Cast,Election Ballots Cast,Total Ballots Cast,Registered Voters,Percent Turnout,REP James Lombardino,DEM Jim Evans,Totals
"Family District Judge, 308th Judicial District",0661,675,765,1440,4567,31.53%,840,543,1383
"Family District Judge, 308th Judicial District",0662,1148,890,2038,4874,41.81%,1613,359,1972
"Family District Judge, 308th Judicial District",0663,717,797,1514,3346,45.25%,731,679,1410
"Family District Judge, 308th Judicial District",0664,352,250,602,2869,20.98%,131,442,573
"Family District Judge, 308th Judicial District",0665,482,348,830,2154,38.53%,686,116,802
"Family District Judge, 308th Judicial District",0666,0,0,0,0,0.00%,0,0,0
"Family District Judge, 308th Judicial District",0667,488,502,990,2149,46.07%,772,179,951
"Family District Judge, 308th Judicial District",0668,399,509,908,2775,32.72%,592,288,880
"Family District Judge, 308th Judicial District",0669,850,738,1,588,3425,46.36%,1113,404,1517
"Family District Judge, 308th Judicial District",0670,955,471,1427,2983,47.84%,1106,263,1369
"Family District Judge, 308th Judicial District",0671,403,565,968,3037,31.87%,594,332,926
"Family District Judge, 308th Judicial District",0672,959,862,1821,5706,31.91%,1241,531,1772
"Family District Judge, 308th Judicial District",0673,729,516,1245,2995,41.57%,961,241,1202
"Family District Judge, 308th Judicial District",0674,1071,618,1689,4091,41.29%,1243,382,1625
"Family District Judge, 308th Judicial District",0675,0,1,1,0,0.00%,1,0,1
"Family District Judge, 308th Judicial District",0676,0,0,0,0,0.00%,0,0,0
"Family District Judge, 308th Judicial District",0677,127,127,254,1266,20.06%,95,145,240
"Family District Judge, 308th Judicial District",0678,166,108,274,735,37.28%,175,78,253
"Family District Judge, 308th Judicial District",0679,635,520,1155,3381,34.16%,865,240,1105
"Family District Judge, 308th Judicial District",0680,21,14,35,162,21.60%,13,22,35
"Family District Judge, 308th Judicial District",0681,1,0,1,5,20.00%,1,0,1
"Family District Judge, 308th Judicial District",0682,711,654,1365,4216,32.38%,1003,316,1319
"Family District Judge, 308th Judicial District",0683,29,20,49,276,17.75%,8,36,44
"Family District Judge, 308th Judicial District",0684,27,22,49,223,21.97%,24,23,47
"Family District Judge, 308th Judicial District",0685,110,29,139,307,45.28%,63,66,129
"Family District Judge, 308th Judicial District",0686,17,12,29,208,13.94%,11,17,28
"Family District Judge, 308th Judicial District",0687,549,537,1086,2609,41.63%,726,296,1022
"Family District Judge, 308th Judicial District",0688,999,617,1616,3504,46.12%,1277,277,1554
"Family District Judge, 308th Judicial District",0689,211,387,598,2346,25.49%,301,271,572
"Family District Judge, 308th Judicial District",0690,926,1104,2030,5102,39.79%,1644,321,1965
"Family District Judge, 308th Judicial District",0691,2,5,7,25,28.00%,4,3,7
"Family District Judge, 308th Judicial District",0692,444,548,992,2847,34.84%,738,213,951
"Family District Judge, 308th Judicial District",0693,167,91,258,666,38.74%,71,178,249
Office,Precinct,Early Ballots Cast,Election Ballots Cast,Total Ballots Cast,Registered Voters,Percent Turnout,REP James Lombardino,DEM Jim Evans,Totals
"Family District Judge, 308th Judicial District",0694,250,120,380,845,44.97%,253,102,355
"Family District Judge, 308th Judicial District",0695,232,193,425,1724,24.65%,271,140,411
"Family District Judge, 308th Judicial District",0696,251,207,468,1982,23.61%,291,157,448
"Family District Judge, 308th Judicial District",0697,505,613,1218,4413,27.60%,310,866,1176
"Family District Judge, 308th Judicial District",0698,448,489,937,3189,29.38%,100,814,914
"Family District Judge, 308th Judicial District",0699,558,414,982,2343,41.91,%,630,290,920
"Family District Judge, 308th Judicial District",0700,255,251,506,1371,36.91%,423,60,483
"Family District Judge, 308th Judicial District",0701,56,43,99,588,16.84%,61,33,94
"Family District Judge, 308th Judicial District",0702,54,70,134,539,24.86%,18,114,132
"Family District Judge, 308th Judicial District",0703,372,490,862,1882,45.80%,613,205,818
"Family District Judge, 308th Judicial District",0704,569,599,1168,3064,38.12%,926,197,1123
"Family District Judge, 308th Judicial District",0705,114,113,227,1523,14.90%,30,189,219
"Family District Judge, 308th Judicial District",0706,115,71,186,610,30.49%,88,85,173
"Family District Judge, 308th Judicial District",0707,153,86,239,707,33.80%,146,78,224
"Family District Judge, 308th Judicial District",0708,54,52,106,563,18.83%,52,47,99
"Family District Judge, 308th Judicial District",0709,1375,947,2322,6848,33.91%,1405,849,2254
"Family District Judge, 308th Judicial District",0710,371,462,833,2082,40.01%,446,329,775
"Family District Judge, 308th Judicial District",0711,702,506,1208,3484,34.67%,718,417,1135
"Family District Judge, 308th Judicial District",0712,491,463,954,3670,25.99%,413,519,932
"Family District Judge, 308th Judicial District",0713,228,262,490,1907,25.69%,245,222,467
"Family District Judge, 308th Judicial District",0714,35,19,55,296,18.58%,33,19,52
"Family District Judge, 308th Judicial District",0715,175,187,363,1408,25.78%,203,141,344
"Family District Judge, 308th Judicial District",0716,449,407,856,2680,31.94%,594,241,835
"Family District Judge, 308th Judicial District",0717,373,250,623,2002,31.12%,74,534,608
"Family District Judge, 308th Judicial District",0718,1017,806,1823,4229,43.11%,1253,471,1724
"Family District Judge, 308th Judicial District",0719,247,137,384,1589,24.17%,227,138,365
"Family District Judge, 308th Judicial District",0720,994,780,1774,4282,41.43%,1320,395,1715
"Family District Judge, 308th Judicial District",0721,754,532,1286,2870,44.81%,821,401,1222
"Family District Judge, 308th Judicial District",0722,871,494,1365,4479,30.48%,101,1227,1328
"Family District Judge, 308th Judicial District",0723,401,202,603,1858,32.45%,128,455,583
"Family District Judge, 308th Judicial District",0724,151,128,279,766,36.42%,204,62,266
"Family District Judge, 308th Judicial District",0725,423,237,660,2237,29.50%,310,329,639
"Family District Judge, 308th Judicial District",0726,592,402,994,2087,47.63%,869,103,972
Office,Precinct,Early Ballots Cast,Election Ballots Cast,Total Ballots Cast,Registered Voters,Percent Turnout,REP James Lombardino,DEM Jim Evans,Totals
"Family District Judge, 308th Judicial District",0727,338,290,628,2488,25.24%,204,386,590
"Family District Judge, 308th Judicial District",0728,209,151,360,880,40.91%,215,127,342
"Family District Judge, 308th Judicial District",0729,136,59,195,464,42.03%,119,72,191
"Family District Judge, 308th Judicial District",0730,428,359,787,1747,45.05%,498,243,741
"Family District Judge, 308th Judicial District",0731,58,27,85,352,24.15%,26,57,83
"Family District Judge, 308th Judicial District",0732,441,324,765,1924,39.76%,472,250,722
"Family District Judge, 308th Judicial District",0733,13,7,20,215,9.30%,8,10,18
"Family District Judge, 308th Judicial District",0734,1558,962,2520,7005,35.97%,1734,714,2448
"Family District Judge, 308th Judicial District",0735,8,0,6,18,33.33%,5,1,6
"Family District Judge, 308th Judicial District",0736,3,1,4,22,18.18%,0,3,3
"Family District Judge, 308th Judicial District",0737,11,7,18,51,35.29%,13,5,18
"Family District Judge, 308th Judicial District",0738,139,100,239,1361,17.56%,48,185,233
"Family District Judge, 308th Judicial District",0739,353,301,654,2955,22.13%,339,290,629
"Family District Judge, 308th Judicial District",0740,96,98,194,939,20.66%,126,60,186
"Family District Judge, 308th Judicial District",0741,0,1,1,0,0.00%,0,1,1
"Family District Judge, 308th Judicial District",0742,0,11,11,0,0.00%,6,5,11
"Family District Judge, 308th Judicial District",0743,15,18,33,210,15.71%,17,14,31
"Family District Judge, 308th Judicial District",0744,456,392,848,2027,41.84%,530,274,804
"Family District Judge, 308th Judicial District",0745,683,372,1055,2494,42.30%,632,365,997
"Family District Judge, 308th Judicial District",0746,114,77,191,691,27.64%,94,94,188
"Family District Judge, 308th Judicial District",0747,550,467,1017,3743,27.17%,509,479,988
"Family District Judge, 308th Judicial District",0748,170,140,310,1403,22.10%,161,137,298
"Family District Judge, 308th Judicial District",0749,30,17,47,377,12.47%,9,37,46
"Family District Judge, 308th Judicial District",0750,111,96,207,767,26.99%,130,73,203
"Family District Judge, 308th Judicial District",0751,925,964,1889,5084,37.16%,1251,561,1812
"Family District Judge, 308th Judicial District",0752,286,200,486,1483,32.77%,362,102,464
"Family District Judge, 308th Judicial District",0753,55,73,128,259,49.42%,79,44,123
"Family District Judge, 308th Judicial District",0754,0,0,0,0,0.00%,0,0,0
"Family District Judge, 308th Judicial District",0755,442,584,1026,4294,23.89%,447,535,982
"Family District Judge, 308th Judicial District",0756,251,177,428,1600,26.75%,170,242,412
"Family District Judge, 308th Judicial District",0757,520,508,1028,4035,25.48%,186,806,992
"Family District Judge, 308th Judicial District",0758,1114,692,1806,4096,44.09%,1445,302,1747
"Family District Judge, 308th Judicial District",0759,465,413,878,2730,32.16%,558,285,843
Office,Precinct,Early Ballots Cast,Election Ballots Cast,Total Ballots Cast,Registered Voters,Percent Turnout,REP James Lombardino,DEM Jim Evans,Totals
"Family District Judge, 308th Judicial District",0760,1432,639,2071,4367,47.42%,1682,300,1982
"Family District Judge, 308th Judicial District",0761,548,253,801,1550,51.68%,535,210,745
"Family District Judge, 308th Judicial District",0762,0,0,0,0,0.00%,0,0,0
"Family District Judge, 308th Judicial District",0763,108,146,254,1212,20.96%,98,143,241
"Family District Judge, 308th Judicial District",0764,1133,774,1907,5217,36.55%,1202,648,1850
"Family District Judge, 308th Judicial District",0765,647,426,1073,4055,26.46%,447,576,1023
"Family District Judge, 308th Judicial District",0766,40,25,65,392,16.58%,16,43,59
"Family District Judge, 308th Judicial District",0767,10,2,12,86,13.95%,6,6,12
"Family District Judge, 308th Judicial District",0768,1359,1015,2374,5857,40.53%,1926,389,2315
"Family District Judge, 308th Judicial District",0769,54,16,70,183,38.25%,3,66,69
"Family District Judge, 308th Judicial District",0770,31,25,56,323,17.34%,27,27,54
"Family District Judge, 308th Judicial District",0771,324,254,578,2426,23.83%,334,224,558
"Family District Judge, 308th Judicial District",0772,1792,851,2643,5709,46.30%,2003,520,2523
"Family District Judge, 308th Judicial District",0773,473,312,785,2918,26.90%,224,499,723
"Family District Judge, 308th Judicial District",0774,30,41,71,378,18.78%,15,54,69
"Family District Judge, 308th Judicial District",0775,18,3,21,92,22.83%,0,21,21
"Family District Judge, 308th Judicial District",0776,551,496,1047,3053,34.29%,610,390,1000
"Family District Judge, 308th Judicial District",0777,46,40,86,652,13.19%,31,53,84
"Family District Judge, 308th Judicial District",0778,0,0,0,0,0.00%,0,0,0
"Family District Judge, 308th Judicial District",0779,64,51,115,940,12.23%,42,68,110
"Family District Judge, 308th Judicial District",0780,63,59,122,595,20.50%,72,47,119
"Family District Judge, 308th Judicial District",0781,666,273,939,3603,26.06%,420,422,842
"Family District Judge, 308th Judicial District",0782,368,370,738,2236,33.01%,457,257,714
"Family District Judge, 308th Judicial District",0783,49,13,62,294,21.09%,46,14,60
"Family District Judge, 308th Judicial District",0784,208,128,336,1079,31.14%,8,314,322
"Family District Judge, 308th Judicial District",0785,28,25,53,296,17.91%,25,28,53
"Family District Judge, 308th Judicial District",0786,100,98,198,1251,15.83%,73,120,193
"Family District Judge, 308th Judicial District",0787,46,52,98,488,20.08%,33,61,94
"Family District Judge, 308th Judicial District",0788,74,32,106,454,23.35%,52,51,103
"Family District Judge, 308th Judicial District",0789,0,3,3,3,100.00%,0,3,3
"Family District Judge, 308th Judicial District",0790,0,0,0,3,0.00%,0,0,0
"Family District Judge, 308th Judicial District",0791,0,0,0,0,0.00%,0,0,0
"Family District Judge, 308th Judicial District",0792,269,239,508,1865,27.24%,123,361,484
Office,Precinct,Early Ballots Cast,Election Ballots Cast,Total Ballots Cast,Registered Voters,Percent Turnout,REP James Lombardino,DEM Jim Evans,Totals
"Family District Judge, 308th Judicial District",0793,448,247,695,2484,27.98%,409,262,671
"Family District Judge, 308th Judicial District",0794,124,144,268,2710,9.89%,36,227,263
"Family District Judge, 308th Judicial District",0795,90,125,215,1217,17.67%,77,125,202
"Family District Judge, 308th Judicial District",0796,83,51,134,476,28.15%,75,55,130
"Family District Judge, 308th Judicial District",0797,0,0,0,0,0.00%,0,0,0
"Family District Judge, 308th Judicial District",0798,99,111,210,500,42.00%,81,118,199
"Family District Judge, 308th Judicial District",0799,28,15,43,161,26.71%,8,35,43
"Family District Judge, 308th Judicial District",0800,588,642,1230,2932,41.95%,822,343,1165
"Family District Judge, 308th Judicial District",0801,32,14,46,258,17.83%,16,28,44
"Family District Judge, 308th Judicial District",0802,51,27,78,312,25.00%,16,61,77
"Family District Judge, 308th Judicial District",0803,725,511,1236,2893,42.72%,899,296,1195
"Family District Judge, 308th Judicial District",0804,932,591,1523,4768,31.94%,959,512,1471
"Family District Judge, 308th Judicial District",0805,765,533,1298,2866,45.29%,1043,210,1253
"Family District Judge, 308th Judicial District",0806,0,0,0,0,0.00%,0,0,0
"Family District Judge, 308th Judicial District",0807,211,204,415,2028,20.46%,94,305,399
"Family District Judge, 308th Judicial District",0808,12,17,29,131,22.14%,6,22,28
"Family District Judge, 308th Judicial District",0809,7,6,13,92,14.13%,5,6,11
"Family District Judge, 308th Judicial District",0810,9,16,25,211,11.85%,8,16,24
"Family District Judge, 308th Judicial District",0811,29,50,79,270,29.26%,27,51,78
"Family District Judge, 308th Judicial District",0812,0,0,0,0,0.00%,0,0,0
"Family District Judge, 308th Judicial District",0813,938,761,1699,5807,29.26%,845,802,1647
"Family District Judge, 308th Judicial District",0814,673,533,1206,5102,23.64%,310,859,1169
"Family District Judge, 308th Judicial District",0815,0,0,0,0,0.00%,0,0,0
"Family District Judge, 308th Judicial District",0816,10,0,10,73,13.70%,3,7,10
"Family District Judge, 308th Judicial District",0817,0,0,0,0,0.00%,0,0,0
"Family District Judge, 308th Judicial District",0818,86,39,125,616,20.29%,27,93,120
"Family District Judge, 308th Judicial District",0819,64,30,94,240,39.17%,48,34,82
"Family District Judge, 308th Judicial District",0820,0,0,0,0,0.00%,0,0,0
"Family District Judge, 308th Judicial District",0821,124,120,244,1242,19.65%,32,205,237
"Family District Judge, 308th Judicial District",0822,332,167,499,1535,32.51%,14,472,486
"Family District Judge, 308th Judicial District",0823,821,564,1385,5087,27.23%,787,554,1341
"Family District Judge, 308th Judicial District",0824,428,282,710,2700,26.30%,155,535,690
"Family District Judge, 308th Judicial District",0825,0,0,0,0,0.00%,0,0,0
Office,Precinct,Early Ballots Cast,Election Ballots Cast,Total Ballots Cast,Registered Voters,Percent Turnout,REP James Lombardino,DEM Jim Evans,Totals
"Family District Judge, 308th Judicial District",0826,73,50,123,358,34.36%,53,59,112
"Family District Judge, 308th Judicial District",0827,60,98,158,979,16.14%,69,84,153
"Family District Judge, 308th Judicial District",0828,541,388,929,1916,48.49%,729,158,887
"Family District Judge, 308th Judicial District",0829,54,22,76,264,28.79%,18,57,75
"Family District Judge, 308th Judicial District",0830,0,0,0,2,0.00%,0,0,0
"Family District Judge, 308th Judicial District",0831,0,0,0,0,0.00%,0,0,0
"Family District Judge, 308th Judicial District",0832,34,28,62,352,17.61%,16,43,59
"Family District Judge, 308th Judicial District",0833,0,1,1,20,5.00%,0,1,1
"Family District Judge, 308th Judicial District",0834,0,0,0,0,0.00%,0,0,0
"Family District Judge, 308th Judicial District",0835,38,19,57,290,19.66%,13,38,51
"Family District Judge, 308th Judicial District",0836,3,0,3,19,15.79%,0,3,3
"Family District Judge, 308th Judicial District",0837,0,0,0,0,0.00%,0,0,0
"Family District Judge, 308th Judicial District",0838,0,0,0,0,0.00%,0,0,0
"Family District Judge, 308th Judicial District",0839,136,118,254,1128,22.52%,53,191,244
"Family District Judge, 308th Judicial District",0840,381,174,555,1705,32.55%,194,347,541
"Family District Judge, 308th Judicial District",0841,0,0,0,0,0.00%,0,0,0
"Family District Judge, 308th Judicial District",0842,421,434,855,3259,26.24%,400,422,822
"Family District Judge, 308th Judicial District",0843,0,1,1,0,0.00%,0,1,1
"Family District Judge, 308th Judicial District",0844,1,0,1,11,9.09%,0,1,1
"Family District Judge, 308th Judicial District",0845,54,9,63,134,47.01%,38,21,59
"Family District Judge, 308th Judicial District",0845,23,24,47,229,20.52%,3,41,44
"Family District Judge, 308th Judicial District",0847,305,211,516,2015,25.61%,139,361,500
"Family District Judge, 308th Judicial District",0848,489,266,755,1856,40.68%,219,499,718
"Family District Judge, 308th Judicial District",0849,201,291,492,2124,23.16%,195,279,474
"Family District Judge, 308th Judicial District",0850,46,41,87,210,41.43%,33,52,85
"Family District Judge, 308th Judicial District",0851,1029,657,1686,4709,35.80%,1123,494,1617
"Family District Judge, 308th Judicial District",0852,0,0,0,1,0.00%,0,0,0
"Family District Judge, 308th Judicial District",0853,575,620,1296,2882,44.97%,983,254,1237
"Family District Judge, 308th Judicial District",0854,15,26,41,172,23.84%,6,33,39
"Family District Judge, 308th Judicial District",0855,5,9,14,16,87.50%,5,8,13
"Family District Judge, 308th Judicial District",0856,0,1,1,0,0.00%,0,1,1
"Family District Judge, 308th Judicial District",0857,0,0,0,1,0.00%,0,0,0
"Family District Judge, 308th Judicial District",0858,63,34,97,343,28.28%,3,91,94
Office,Precinct,Early Ballots Cast,Election Ballots Cast,Total Ballots Cast,Registered Voters,Percent Turnout,REP James Lombardino,DEM Jim Evans,Totals
"Family District Judge, 308th Judicial District",0859,157,106,263,890,29.55%,69,188,257
"Family District Judge, 308th Judicial District",0860,0,0,0,0,0.00%,0,0,0
"Family District Judge, 308th Judicial District",0861,315,199,514,1842,27.90%,87,415,502
"Family District Judge, 308th Judicial District",0862,0,0,0,0,0.00%,0,0,0
"Family District Judge, 308th Judicial District",0863,101,54,155,584,26.54%,8,146,154
"Family District Judge, 308th Judicial District",0864,193,299,492,2569,19.15%,141,327,468
"Family District Judge, 308th Judicial District",0865,2,3,5,21,23.81%,0,5,5
"Family District Judge, 308th Judicial District",0866,0,0,0,0,0.00%,0,0,0
"Family District Judge, 308th Judicial District",0867,0,0,0,0,0.00%,0,0,0
"Family District Judge, 308th Judicial District",0868,236,271,507,2326,21.80%,160,328,488
"Family District Judge, 308th Judicial District",0869,53,39,92,470,19.57%,21,69,90
"Family District Judge, 308th Judicial District",0870,0,0,0,0,0.00%,0,0,0
"Family District Judge, 308th Judicial District",0871,1,0,1,3,33.33%,0,1,1
"Family District Judge, 308th Judicial District",0872,5,3,8,59,13.56%,4,4,8
"Family District Judge, 308th Judicial District",0873,98,75,173,737,23.47%,44,124,168
"Family District Judge, 308th Judicial District",0874,763,707,1470,3223,45.61%,1090,319,1409
"Family District Judge, 308th Judicial District",0875,904,527,1431,5147,27.80%,696,683,1379
"Family District Judge, 308th Judicial District",0876,698,641,1339,3265,41.01%,1023,276,1299
"Family District Judge, 308th Judicial District",0877,476,382,858,3032,28.30%,344,492,836
"Family District Judge, 308th Judicial District",0878,427,354,781,1666,46.88%,645,117,762
"Family District Judge, 308th Judicial District",0879,407,294,701,2667,26.28%,357,310,667
"Family District Judge, 308th Judicial District",0880,543,447,990,2352,42.09%,786,173,959
"Family District Judge, 308th Judicial District",0881,593,540,1133,4479,25.30%,402,707,1109
"Family District Judge, 308th Judicial District",0882,426,291,717,2422,29.60%,428,265,693
"Family District Judge, 308th Judicial District",0883,643,702,1345,5408,24.87%,240,1068,1308
"Family District Judge, 308th Judicial District",0884,57,25,82,377,21.75%,8,70,78
"Family District Judge, 308th Judicial District",0885,562,368,930,2619,35.51%,539,368,907
"Family District Judge, 308th Judicial District",0886,128,108,236,675,34.96%,125,98,223
"Family District Judge, 308th Judicial District",0887,50,67,117,418,27.99%,56,53,109
"Family District Judge, 308th Judicial District",0888,0,3,3,0,0.00%,2,1,3
"Family District Judge, 308th Judicial District",0889,14,0,14,57,24.56%,5,8,13
"Family District Judge, 308th Judicial District",0890,164,103,267,1095,24.38%,81,165,246
"Family District Judge, 308th Judicial District",0891,317,243,560,1331,42.07%,195,330,525
Office,Precinct,Early Ballots Cast,Election Ballots Cast,Total Ballots Cast,Registered Voters,Percent Turnout,REP James Lombardino,DEM Jim Evans,Totals
"Family District Judge, 308th Judicial District",0892,115,86,201,808,24.88%,69,121,190
"Family District Judge, 308th Judicial District",0893,0,2,2,6,33.33%,0,2,2
"Family District Judge, 308th Judicial District",0894,0,3,3,0,0.00%,2,1,3
"Family District Judge, 308th Judicial District",0895,156,286,442,793,55.74%,146,248,394
"Family District Judge, 308th Judicial District",0896,370,297,667,1459,45.72%,217,405,622
"Family District Judge, 308th Judicial District",0897,252,297,549,1701,32.28%,314,216,530
"Family District Judge, 308th Judicial District",0898,0,0,0,3,0.00%,0,0,0
"Family District Judge, 308th Judicial District",0899,2,0,2,8,25.00%,0,2,2
"Family District Judge, 308th Judicial District",0900,0,2,2,10,20.00%,1,1,2
"Family District Judge, 308th Judicial District",0901,0,0,0,0,0.00%,0,0,0
"Family District Judge, 308th Judicial District",0902,394,486,880,2139,41.14%,459,365,824
"Family District Judge, 308th Judicial District",0903,3,7,10,50,20.00%,3,6,9
"Family District Judge, 308th Judicial District",0904,1,0,1,7,14.29%,1,0,1
"Family District Judge, 308th Judicial District",0905,123,100,223,904,24.67%,103,107,210
"Family District Judge, 308th Judicial District",0906,8,6,14,25,56.00%,6,7,13
"Family District Judge, 308th Judicial District",0907,12,19,31,181,17.13%,6,25,31
"Family District Judge, 308th Judicial District",0908,0,1,1,0,0.00%,0,1,1
"Family District Judge, 308th Judicial District",0909,2,1,3,18,16.67%,0,3,3
"Family District Judge, 308th Judicial District",0910,25,24,49,217,22.58%,21,25,46
"Family District Judge, 308th Judicial District",0911,118,60,178,551,32.30%,119,53,172
"Family District Judge, 308th Judicial District",0912,316,201,517,1273,40.61%,335,156,491
"Family District Judge, 308th Judicial District",0913,0,0,0,0,0.00%,0,0,0
"Family District Judge, 308th Judicial District",0914,169,179,348,701,49.64%,277,58,335
"Family District Judge, 308th Judicial District",0915,0,0,0,0,0.00%,0,0,0
"Family District Judge, 308th Judicial District",0916,417,240,657,1491,44.06%,521,116,637
"Family District Judge, 308th Judicial District",0917,177,62,239,483,49.48%,151,70,221
"Family District Judge, 308th Judicial District",0918,304,168,472,883,53.45%,350,98,448
"Family District Judge, 308th Judicial District",0919,0,0,0,3,0.00%,0,0,0
"Family District Judge, 308th Judicial District",0920,22,12,34,71,47.89%,23,10,33
"Family District Judge, 308th Judicial District",0921,32,15,47,119,39.50%,34,12,46
"Family District Judge, 308th Judicial District",0922,0,0,0,0,0.00%,0,0,0
"Family District Judge, 308th Judicial District",0923,470,137,607,1511,40.17%,455,132,587
"Family District Judge, 308th Judicial District",0924,0,0,0,0,0.00%,0,0,0
Office,Precinct,Early Ballots Cast,Election Ballots Cast,Total Ballots Cast,Registered Voters,Percent Turnout,REP James Lombardino,DEM Jim Evans,Totals
"Family District Judge, 308th Judicial District",0925,0,0,0,0,0.00%,0,0,0
"Family District Judge, 308th Judicial District",0926,171,128,299,796,37.56%,221,67,288
"Family District Judge, 308th Judicial District",0927,44,30,74,270,27.41%,28,41,69
"Family District Judge, 308th Judicial District",0928,3,0,3,8,37.50%,0,3,3
"Family District Judge, 308th Judicial District",0929,0,0,0,0,0.00%,0,0,0
"Family District Judge, 308th Judicial District",0930,109,54,163,584,27.91%,5,154,159
"Family District Judge, 308th Judicial District",0931,30,40,70,130,53.85%,28,33,61
"Family District Judge, 308th Judicial District",0932,0,0,0,0,0.00%,0,0,0
"Family District Judge, 308th Judicial District",0933,115,85,200,627,31.90%,58,135,193
"Family District Judge, 308th Judicial District",0934,2,0,2,63,3.17%,1,1,2
"Family District Judge, 308th Judicial District",0935,3,2,5,54,9.26%,2,2,4
"Family District Judge, 308th Judicial District",0936,8,2,10,81,12.35%,3,6,9
"Family District Judge, 308th Judicial District",0937,0,0,0,0,0.00%,0,0,0
"Family District Judge, 308th Judicial District",0938,30,14,44,231,19.05%,11,31,42
"Family District Judge, 308th Judicial District",0939,0,0,0,2,0.00%,0,0,0
"Family District Judge, 308th Judicial District",0940,0,0,0,10,0.00%,0,0,0
"Family District Judge, 308th Judicial District",0941,9,10,19,25,76.00%,17,2,19
"Family District Judge, 308th Judicial District",0942,53,27,80,156,51.28%,65,13,78
"Family District Judge, 308th Judicial District",0943,164,80,244,547,44.61%,155,73,228
"Family District Judge, 308th Judicial District",0944,20,4,24,45,53.33%,18,2,20
"Family District Judge, 308th Judicial District",0945,1,2,3,17,17.65%,1,2,3
"Family District Judge, 308th Judicial District",0946,0,1,1,13,7.69%,0,1,1
"Family District Judge, 308th Judicial District",0947,177,246,423,799,52.94%,209,193,402
"Family District Judge, 308th Judicial District",0948,0,14,14,1,1400.00%,8,3,11
"Family District Judge, 308th Judicial District",0949,34,27,61,193,31.61%,29,32,61
"Family District Judge, 308th Judicial District",0950,0,0,0,1,0.00%,0,0,0
"Family District Judge, 308th Judicial District",0951,33,30,63,277,22.74%,16,46,62
"Family District Judge, 308th Judicial District",0952,16,15,31,71,43.66%,16,13,29
"Family District Judge, 308th Judicial District",0953,18,9,27,275,9.82%,4,23,27
"Family District Judge, 308th Judicial District",0954,0,0,0,1,0.00%,0,0,0
"Family District Judge, 308th Judicial District",0955,3,2,5,19,26.32%,4,1,5
"Family District Judge, 308th Judicial District",0956,2,4,6,11,54.55%,2,4,6
"Family District Judge, 308th Judicial District",0957,97,95,192,562,34.16%,19,170,189
Office,Precinct,Early Ballots Cast,Election Ballots Cast,Total Ballots Cast,Registered Voters,Percent Turnout,REP James Lombardino,DEM Jim Evans,Totals
"Family District Judge, 308th Judicial District",0958,81,129,210,1081,19.43%,51,152,203
"Family District Judge, 308th Judicial District",0959,0,0,0,0,0.00%,0,0,0
"Family District Judge, 308th Judicial District",0960,196,157,353,976,36.17%,70,271,341
"Family District Judge, 308th Judicial District",0961,15,0,16,56,28.57%,0,16,16
"Family District Judge, 308th Judicial District",0962,10,17,27,88,30.68%,4,23,27
"Family District Judge, 308th Judicial District",0963,54,41,105,426,24.65%,58,41,99
"Family District Judge, 308th Judicial District",0964,568,437,1005,2372,42.37%,612,356,968
"Family District Judge, 308th Judicial District",0965,31,21,52,343,15.16%,27,25,52
"Family District Judge, 308th Judicial District",0966,129,83,212,1148,18.47%,78,128,206
"Family District Judge, 308th Judicial District",0967,15,48,63,165,38.18%,19,43,62
"Family District Judge, 308th Judicial District",0968,119,30,149,692,21.53%,29,118,147
"Family District Judge, 308th Judicial District",0969,156,73,229,604,37.91%,0,225,225
"Family District Judge, 308th Judicial District",0970,83,36,119,731,16.28%,16,100,116
"Family District Judge, 308th Judicial District",0971,11,8,19,147,12.93%,1,16,17
"Family District Judge, 308th Judicial District",0972,e,8,14,31,45.16%,13,0,13
"Family District Judge, 308th Judicial District",0973,24,19,43,111,38.74%,19,20,39
"Family District Judge, 308th Judicial District",0974,57,36,93,299,31.10%,57,33,90
"Family District Judge, 308th Judicial District",0975,55,30,85,193,44.04%,38,40,78
"Family District Judge, 308th Judicial District",0976,58,62,130,683,19.03%,81,47,128
"Family District Judge, 308th Judicial District",0977,50,43,93,572,16.26%,40,53,93
"Family District Judge, 308th Judicial District",0978,77,79,156,546,28.57%,29,124,153
"Family District Judge, 308th Judicial District",0979,2,6,8,27,29.63%,4,3,7
"Family District Judge, 308th Judicial District",0980,280,321,601,1389,43.27%,444,129,573
"Family District Judge, 308th Judicial District",0981,0,0,0,0,0.00%,0,0,0
"Family District Judge, 308th Judicial District",0982,312,312,624,1567,39.82%,505,95,600
"Family District Judge, 308th Judicial District",0983,11,21,32,161,19.88%,21,11,32
"Family District Judge, 308th Judicial District",0984,18,9,27,192,14.06%,4,22,26
"Family District Judge, 308th Judicial District",0985,117,63,180,351,51.28%,93,76,169
"Family District Judge, 308th Judicial District",0986,43,30,73,463,15.77%,11,61,72
"Family District Judge, 308th Judicial District",0987,231,90,321,1155,27.79%,28,285,313
"Family District Judge, 308th Judicial District",0988,24,12,36,123,29.27%,33,3,36
"Family District Judge, 308th Judicial District",0989,e,6,12,43,27.91%,8,4,12
"Family District Judge, 308th Judicial District",0990,16,1,17,140,12.14%,8,8,16
Office,Precinct,Early Ballots Cast,Election Ballots Cast,Total Ballots Cast,Registered Voters,Percent Turnout,REP James Lombardino,DEM Jim Evans,Totals
"Family District Judge, 308th Judicial District",0991,0,0,0,1,0.00%,0,0,0
"Family District Judge, 308th Judicial District",0992,157,107,264,1048,25.19%,144,107,251
"Family District Judge, 308th Judicial District",0993,169,101,270,568,47.54%,218,42,260
"Family District Judge, 308th Judicial District",0994,e,5,11,25,44.00%,2,9,11
"Family District Judge, 308th Judicial District",0995,295,156,451,1393,32.38%,28,412,440
"Family District Judge, 308th Judicial District",0996,135,140,275,694,39.63%,154,103,257
"Family District Judge, 308th Judicial District",0997,101,163,264,1656,15.94%,61,201,262
"Family District Judge, 308th Judicial District",0998,5,1,6,57,10.53%,3,3,6
"Family District Judge, 308th Judicial District",0999,17,10,27,68,39.71%,23,3,26
"Family District Judge, 308th Judicial District",1000,42,6,48,405,11.85%,12,35,47
"Family District Judge, 308th Judicial District",1001,228,136,364,1565,23.26%,96,250,346
"Family District Judge, 308th Judicial District",1002,170,139,309,1744,17.72%,53,240,293
"Family District Judge, 308th Judicial District",1003,1,0,1,0,0.00%,0,1,1
"Family District Judge, 308th Judicial District",1004,111,139,250,654,38.23%,117,114,231
"Family District Judge, 308th Judicial District",1005,0,8,8,0,0.00%,3,4,7
"Family District Judge, 308th Judicial District",1006,1,0,1,5,20.00%,1,0,1
"Family District Judge, 308th Judicial District",1007,208,188,396,1547,25.60%,93,288,381
"Family District Judge, 308th Judicial District",1008,32,12,44,151,29.14%,33,10,43
"Family District Judge, 308th Judicial District",1009,0,0,0,9,0.00%,0,0,0
"Family District Judge, 308th Judicial District",1010,59,35,94,459,20.48%,17,75,92
"Family District Judge, 308th Judicial District",1011,8,1,9,26,34.62%,3,6,9
"Family District Judge, 308th Judicial District",1012,134,201,335,1365,24.54%,101,226,327
"Family District Judge, 308th Judicial District",1013,0,6,6,58,10.34%,4,2,6
"Family District Judge, 308th Judicial District",1014,4,6,10,31,32.26%,1,9,10
"Family District Judge, 308th Judicial District",1015,5,4,9,25,36.00%,3,5,8
"Family District Judge, 308th Judicial District",1016,252,212,464,1691,27.44%,229,216,445
"Family District Judge, 308th Judicial District",1017,61,44,105,330,31.82%,32,71,103
"Family District Judge, 308th Judicial District",1018,93,64,157,494,31.78%,69,83,152
"Family District Judge, 308th Judicial District",1019,130,107,237,1456,16.28%,11,224,235
"Family District Judge, 308th Judicial District",1020,0,0,0,1,0.00%,0,0,0
"Family District Judge, 308th Judicial District",1021,0,0,0,2,0.00%,0,0,0
"Family District Judge, 308th Judicial District",1022,97,79,176,441,39.91%,131,35,166
"Family District Judge, 308th Judicial District",1023,430,315,745,2026,36.77%,521,194,715
Office,Precinct,Early Ballots Cast,Election Ballots Cast,Total Ballots Cast,Registered Voters,Percent Turnout,REP James Lombardino,DEM Jim Evans,Totals
"Family District Judge, 308th Judicial District",1024,55,61,116,249,46.59%,61,48,109
"Family District Judge, 308th Judicial District",1025,0,1,1,14,7.14%,1,0,1
"Family District Judge, 308th Judicial District",1026,0,0,0,0,0.00%,0,0,0
"Family District Judge, 308th Judicial District",1027,1,0,1,8,12.50%,1,0,1
"Family District Judge, 308th Judicial District",1028,0,0,0,0,0.00%,0,0,0
"Family District Judge, 308th Judicial District",1029,537,719,1256,2927,42.91%,974,234,1208
"Family District Judge, 308th Judicial District",1030,231,151,382,785,48.66%,327,46,373
"Family District Judge, 308th Judicial District",1031,59,71,130,792,16.41%,35,87,122
"Family District Judge, 308th Judicial District",1032,31,25,56,244,22.95%,36,17,53
"Family District Judge, 308th Judicial District",1033,0,0,0,0,0.00%,0,0,0
"Family District Judge, 308th Judicial District",1034,0,0,0,0,0.00%,0,0,0
"Family District Judge, 308th Judicial District",1035,2,4,6,138,4.35%,2,4,6
"Family District Judge, 308th Judicial District",1036,65,24,89,449,19.82%,72,16,88
"Family District Judge, 308th Judicial District",1037,19,11,30,76,39.47%,16,10,26
"Family District Judge, 308th Judicial District",1038,62,6,68,327,20.80%,9,56,65
"Family District Judge, 308th Judicial District",1039,2,0,2,25,8.00%,0,2,2
"Family District Judge, 308th Judicial District",1040,91,66,157,771,20.36%,73,80,153
"Family District Judge, 308th Judicial District",1041,0,2,2,0,0.00%,1,1,2
"Family District Judge, 308th Judicial District",1042,105,67,172,521,33.01%,50,114,164
"Family District Judge, 308th Judicial District",1043,6,6,12,33,36.36%,4,8,12
"Family District Judge, 308th Judicial District",1044,16,6,22,55,40.00%,7,14,21
"Family District Judge, 308th Judicial District",1045,197,173,370,1788,20.69%,51,308,359
"Family District Judge, 308th Judicial District",1046,11,5,16,62,25.81%,1,15,16
"Family District Judge, 308th Judicial District",1047,255,186,441,1568,28.13%,164,266,430
"Family District Judge, 308th Judicial District",1048,1,0,1,17,5.88%,1,0,1
"Family District Judge, 308th Judicial District",1049,14,45,59,290,20.34%,21,36,57
"Family District Judge, 308th Judicial District",1050,60,63,123,537,22.91%,34,84,118
"Family District Judge, 308th Judicial District",1051,0,31,31,0,0.00%,17,12,29
"Family District Judge, 308th Judicial District",1052,0,0,0,0,0.00%,0,0,0
"Family District Judge, 308th Judicial District",1053,0,0,0,0,0.00%,0,0,0
"Family District Judge, 308th Judicial District",1054,0,0,0,1,0.00%,0,0,0
"Family District Judge, 308th Judicial District",1055,0,0,0,0,0.00%,0,0,0
"Family District Judge, 308th Judicial District",1056,4,2,6,8,75.00%,0,5,5
Office,Precinct,Early Ballots Cast,Election Ballots Cast,Total Ballots Cast,Registered Voters,Percent Turnout,REP James Lombardino,DEM Jim Evans,Totals
"Family District Judge, 308th Judicial District",1057,7,9,16,118,13.56%,3,12,15
"Family District Judge, 308th Judicial District",1058,241,285,526,1243,42.32%,103,413,516
"Family District Judge, 308th Judicial District",1059,3,3,6,28,21.43%,1,5,6
"Family District Judge, 308th Judicial District",1060,5,2,7,42,16.67%,5,2,7
"Family District Judge, 308th Judicial District",1061,332,184,516,1716,30.07%,271,220,491
"Family District Judge, 308th Judicial District",1062,17,6,23,201,11.44%,4,17,21
"Family District Judge, 308th Judicial District",1063,66,59,125,857,14.59%,19,103,122
"Family District Judge, 308th Judicial District",1064,25,11,36,119,30.25%,28,8,36
"Family District Judge, 308th Judicial District",1065,1,0,1,28,3.57%,0,1,1
"Family District Judge, 308th Judicial District",1066,72,0,72,229,31.44%,3,66,69
"Family District Judge, 308th Judicial District",1067,0,0,0,0,0.00%,0,0,0
"Family District Judge, 308th Judicial District",1068,22,8,30,121,24.79%,12,17,29
"Family District Judge, 308th Judicial District",1069,434,256,690,2580,26.74%,308,338,646
"Family District Judge, 308th Judicial District",Totals:,378846,308736,687582,2044361,348710,307989,656699
