Office,Precinct,Early Ballots Cast,Election Ballots Cast,Total Ballots Cast,Registered Voters,Percent Turnout,REP Jean Spradling Hughes,DEM Raul Rodriguez,Totals
"Judge, County Criminal Court No. 15",0001,417,466,883,2358,37.45%,295,522,817
"Judge, County Criminal Court No. 15",0002,333,313,646,1961,32.94%,275,324,599
"Judge, County Criminal Court No. 15",0003,325,405,731,1560,46.86%,256,384,640
"Judge, County Criminal Court No. 15",0004,359,487,856,1668,51.32%,312,462,774
"Judge, County Criminal Court No. 15",0005,279,448,727,1417,51.31%,259,402,661
"Judge, County Criminal Court No. 15",0006,555,456,1112,3702,30.04%,638,434,1072
"Judge, County Criminal Court No. 15",0007,209,110,319,1017,31.37%,10,299,309
"Judge, County Criminal Court No. 15",0008,393,310,703,1744,40.31%,360,312,672
"Judge, County Criminal Court No. 15",0009,205,223,429,1874,22.89%,108,290,398
"Judge, County Criminal Court No. 15",0010,255,171,426,1753,24.30%,114,285,399
"Judge, County Criminal Court No. 15",0011,184,176,360,1785,20.17%,71,267,338
"Judge, County Criminal Court No. 15",0012,55,66,152,735,20.68%,88,60,148
"Judge, County Criminal Court No. 15",0013,548,361,909,2689,33.80%,660,201,861
"Judge, County Criminal Court No. 15",0014,442,495,937,1870,50.11%,514,354,868
"Judge, County Criminal Court No. 15",0015,597,898,1495,2878,51.95%,890,463,1353
"Judge, County Criminal Court No. 15",0016,239,137,376,1071,35.11%,169,185,354
"Judge, County Criminal Court No. 15",0017,185,215,400,1162,34.42%,178,193,371
"Judge, County Criminal Court No. 15",0018,371,351,722,1443,50.03%,349,317,666
"Judge, County Criminal Court No. 15",0019,170,207,377,1170,32.22%,125,233,358
"Judge, County Criminal Court No. 15",0020,311,287,598,2646,22.60%,186,385,571
"Judge, County Criminal Court No. 15",0021,175,184,360,1122,32.09%,74,268,342
"Judge, County Criminal Court No. 15",0022,397,322,719,2473,29.07%,142,552,694
"Judge, County Criminal Court No. 15",0023,31,22,53,541,9.80%,9,42,51
"Judge, County Criminal Court No. 15",0024,106,88,194,655,29.62%,16,169,185
"Judge, County Criminal Court No. 15",0025,104,143,247,1086,22.74%,12,228,240
"Judge, County Criminal Court No. 15",0026,239,277,516,1845,27.97%,125,345,470
"Judge, County Criminal Court No. 15",0027,453,427,890,3074,28.95%,217,633,850
"Judge, County Criminal Court No. 15",0028,535,405,1041,3029,34.37%,678,310,988
"Judge, County Criminal Court No. 15",0029,194,237,431,2638,16.34%,167,241,408
"Judge, County Criminal Court No. 15",0030,358,391,759,2403,31.59%,195,526,721
"Judge, County Criminal Court No. 15",0031,453,280,733,2511,29.19%,16,691,707
"Judge, County Criminal Court No. 15",0032,318,405,723,2398,30.15%,286,385,671
"Judge, County Criminal Court No. 15",0033,707,615,1322,3706,35.67%,437,793,1230
Office,Precinct,Early Ballots Cast,Election Ballots Cast,Total Ballots Cast,Registered Voters,Percent Turnout,REP Jean Spradling Hughes,DEM Raul Rodriguez,Totals
"Judge, County Criminal Court No. 15",0034,625,579,1204,2786,43.22%,294,842,1136
"Judge, County Criminal Court No. 15",0035,4,0,4,11,36.36%,1,3,4
"Judge, County Criminal Court No. 15",0036,416,318,734,2927,25.08%,200,490,690
"Judge, County Criminal Court No. 15",0037,542,436,978,2106,46.44%,291,608,899
"Judge, County Criminal Court No. 15",0038,784,589,1373,2875,47.76%,478,790,1268
"Judge, County Criminal Court No. 15",0039,657,575,1232,2759,44.65%,323,814,1137
"Judge, County Criminal Court No. 15",0040,136,152,288,541,53.23%,151,116,267
"Judge, County Criminal Court No. 15",0041,176,230,406,1334,30.43%,164,228,392
"Judge, County Criminal Court No. 15",0042,228,109,337,1071,31.47%,6,320,326
"Judge, County Criminal Court No. 15",0043,293,210,503,1695,29.68%,269,208,477
"Judge, County Criminal Court No. 15",0044,204,222,426,2001,21.29%,90,312,402
"Judge, County Criminal Court No. 15",0045,894,750,1644,6698,24.54%,320,1272,1592
"Judge, County Criminal Court No. 15",0046,290,247,537,2511,21.39%,89,419,508
"Judge, County Criminal Court No. 15",0047,213,218,431,1627,26.49%,17,403,420
"Judge, County Criminal Court No. 15",0048,157,142,299,940,31.81%,23,266,289
"Judge, County Criminal Court No. 15",0049,584,482,1066,3343,31.89%,778,257,1035
"Judge, County Criminal Court No. 15",0050,785,771,1556,5211,29.86%,852,649,1501
"Judge, County Criminal Court No. 15",0051,353,243,596,1689,35.29%,444,131,575
"Judge, County Criminal Court No. 15",0052,422,447,869,2457,35.37%,409,403,812
"Judge, County Criminal Court No. 15",0053,564,726,1290,2971,43.42%,538,646,1184
"Judge, County Criminal Court No. 15",0054,269,364,633,1487,42.57%,330,258,588
"Judge, County Criminal Court No. 15",0055,191,251,442,1506,29.35%,194,212,406
"Judge, County Criminal Court No. 15",0056,282,278,560,1326,42.23%,380,148,528
"Judge, County Criminal Court No. 15",0057,710,831,1541,3153,48.87%,602,799,1401
"Judge, County Criminal Court No. 15",0058,469,556,1025,2690,38.10%,443,527,970
"Judge, County Criminal Court No. 15",0059,555,609,1164,2544,45.75%,462,607,1069
"Judge, County Criminal Court No. 15",0060,498,564,1062,2453,43.29%,260,723,983
"Judge, County Criminal Court No. 15",0061,172,204,376,1773,21.21%,149,199,348
"Judge, County Criminal Court No. 15",0062,145,322,467,2181,21.41%,106,340,446
"Judge, County Criminal Court No. 15",0063,264,354,618,1826,33.84%,510,90,600
"Judge, County Criminal Court No. 15",0064,191,221,412,2141,19.24%,77,312,389
"Judge, County Criminal Court No. 15",0065,172,230,402,2167,18.55%,85,297,382
"Judge, County Criminal Court No. 15",0066,69,143,212,1098,19.31%,35,165,200
Office,Precinct,Early Ballots Cast,Election Ballots Cast,Total Ballots Cast,Registered Voters,Percent Turnout,REP Jean Spradling Hughes,DEM Raul Rodriguez,Totals
"Judge, County Criminal Court No. 15",0067,304,282,586,2794,20.97%,150,397,547
"Judge, County Criminal Court No. 15",0068,553,352,905,2924,30.95%,23,858,881
"Judge, County Criminal Court No. 15",0069,80,124,204,1284,15.89%,39,153,192
"Judge, County Criminal Court No. 15",0070,882,664,1546,3337,46.33%,919,492,1411
"Judge, County Criminal Court No. 15",0071,602,722,1324,4197,31.55%,655,589,1244
"Judge, County Criminal Court No. 15",0072,220,293,513,1924,26.66%,153,331,484
"Judge, County Criminal Court No. 15",0073,252,414,666,1555,42.83%,384,226,610
"Judge, County Criminal Court No. 15",0074,1153,782,1935,3583,54.01%,1532,317,1849
"Judge, County Criminal Court No. 15",0075,254,280,534,1444,36.98%,203,297,500
"Judge, County Criminal Court No. 15",0076,373,374,747,2362,31.63%,435,282,717
"Judge, County Criminal Court No. 15",0077,43,46,89,566,15.72%,21,65,86
"Judge, County Criminal Court No. 15",0078,180,201,381,1522,25.03%,124,237,361
"Judge, County Criminal Court No. 15",0079,205,306,511,2927,17.46%,103,370,473
"Judge, County Criminal Court No. 15",0080,501,351,852,2725,31.27%,211,601,812
"Judge, County Criminal Court No. 15",0081,183,187,370,1835,20.16%,147,198,345
"Judge, County Criminal Court No. 15",0082,639,671,1310,3368,38.90%,986,285,1271
"Judge, County Criminal Court No. 15",0083,1296,888,2184,6625,32.97%,1070,1029,2099
"Judge, County Criminal Court No. 15",0084,208,218,426,1373,31.03%,311,95,406
"Judge, County Criminal Court No. 15",0085,271,248,519,2173,23.88%,18,487,505
"Judge, County Criminal Court No. 15",0086,447,568,1015,2910,34.88%,463,489,952
"Judge, County Criminal Court No. 15",0087,574,787,1461,2818,51.85%,942,399,1341
"Judge, County Criminal Court No. 15",0088,123,118,241,693,34.78%,159,70,229
"Judge, County Criminal Court No. 15",0089,165,371,536,1094,48.99%,304,180,484
"Judge, County Criminal Court No. 15",0090,844,790,1634,3700,44.16%,1209,350,1559
"Judge, County Criminal Court No. 15",0091,219,222,441,1505,29.30%,270,152,422
"Judge, County Criminal Court No. 15",0092,695,462,1157,2242,51.61,%,772,304,1076
"Judge, County Criminal Court No. 15",0093,381,301,682,3356,20.32%,265,377,642
"Judge, County Criminal Court No. 15",0094,51,43,94,549,17.12%,26,65,91
"Judge, County Criminal Court No. 15",0095,917,576,1493,3177,46.99%,1112,312,1424
"Judge, County Criminal Court No. 15",0096,83,83,166,1296,12.81%,24,141,165
"Judge, County Criminal Court No. 15",0097,1024,725,1749,4828,36.23%,1305,375,1680
"Judge, County Criminal Court No. 15",0098,403,488,891,2651,33.61%,742,119,861
"Judge, County Criminal Court No. 15",0099,254,184,438,2092,20.94%,210,213,423
Office,Precinct,Early Ballots Cast,Election Ballots Cast,Total Ballots Cast,Registered Voters,Percent Turnout,REP Jean Spradling Hughes,DEM Raul Rodriguez,Totals
"Judge, County Criminal Court No. 15",0100,155,173,338,1730,19.54%,180,149,329
"Judge, County Criminal Court No. 15",0101,72,58,130,946,13.74%,48,79,127
"Judge, County Criminal Court No. 15",0102,207,121,328,1872,17.52%,87,230,317
"Judge, County Criminal Court No. 15",0103,700,714,1414,5371,26.33%,806,561,1367
"Judge, County Criminal Court No. 15",0104,530,231,761,1905,39.95%,27,718,745
"Judge, County Criminal Court No. 15",0105,195,210,406,2165,18.75%,126,247,373
"Judge, County Criminal Court No. 15",0106,15,7,25,294,8.50%,15,9,24
"Judge, County Criminal Court No. 15",0107,154,197,351,2032,17.27%,52,281,333
"Judge, County Criminal Court No. 15",0108,558,272,940,3365,27.93%,577,330,907
"Judge, County Criminal Court No. 15",0109,529,245,774,2824,27.41%,10,745,755
"Judge, County Criminal Court No. 15",0110,554,494,1148,3042,37.74%,753,358,1111
"Judge, County Criminal Court No. 15",0111,815,795,1611,4102,39.27%,1181,351,1532
"Judge, County Criminal Court No. 15",0112,542,485,1027,2976,34.51%,764,219,983
"Judge, County Criminal Court No. 15",0113,552,429,991,2647,37.44%,617,324,941
"Judge, County Criminal Court No. 15",0114,707,547,1254,3311,37.87%,1016,203,1219
"Judge, County Criminal Court No. 15",0115,238,150,388,1800,21.56%,52,322,374
"Judge, County Criminal Court No. 15",0116,982,776,1758,3147,55.86%,1366,274,1640
"Judge, County Criminal Court No. 15",0117,215,226,441,1880,23.46%,220,198,418
"Judge, County Criminal Court No. 15",0118,304,123,427,759,56.26%,360,51,411
"Judge, County Criminal Court No. 15",0119,1288,1024,2312,5500,42.04%,1880,332,2212
"Judge, County Criminal Court No. 15",0120,712,422,1134,3191,35.54%,744,338,1082
"Judge, County Criminal Court No. 15",0121,92,178,270,848,31.84%,190,69,259
"Judge, County Criminal Court No. 15",0122,352,225,577,1890,30.53%,25,527,552
"Judge, County Criminal Court No. 15",0123,284,288,572,1392,41.09%,151,381,532
"Judge, County Criminal Court No. 15",0124,1734,1292,3026,7254,41.71%,2413,528,2941
"Judge, County Criminal Court No. 15",0125,415,332,747,2405,31.06%,462,258,720
"Judge, County Criminal Court No. 15",0126,893,467,1360,3100,43.87%,1202,117,1319
"Judge, County Criminal Court No. 15",0127,435,154,589,1836,32.08%,424,130,554
"Judge, County Criminal Court No. 15",0128,445,707,1152,2290,50.31%,758,291,1049
"Judge, County Criminal Court No. 15",0129,1030,1200,2230,5746,38.81%,1422,683,2105
"Judge, County Criminal Court No. 15",0130,727,523,1250,2333,53.58%,933,244,1177
"Judge, County Criminal Court No. 15",0131,251,259,510,1935,26.36%,124,359,483
"Judge, County Criminal Court No. 15",0132,593,323,916,2387,38.37%,19,872,891
Office,Precinct,Early Ballots Cast,Election Ballots Cast,Total Ballots Cast,Registered Voters,Percent Turnout,REP Jean Spradling Hughes,DEM Raul Rodriguez,Totals
"Judge, County Criminal Court No. 15",0133,513,858,1371,2662,51.50%,813,434,1247
"Judge, County Criminal Court No. 15",0134,192,265,457,1437,31.80%,203,233,436
"Judge, County Criminal Court No. 15",0135,727,579,1306,2671,48.90%,927,290,1217
"Judge, County Criminal Court No. 15",0136,503,371,874,2013,43.42%,37,809,846
"Judge, County Criminal Court No. 15",0137,166,141,307,716,42.88%,157,121,278
"Judge, County Criminal Court No. 15",0138,296,199,495,1699,29.13%,14,468,482
"Judge, County Criminal Court No. 15",0139,699,551,1250,3037,41.16%,550,617,1167
"Judge, County Criminal Court No. 15",0140,699,480,1179,3214,36.68%,142,993,1135
"Judge, County Criminal Court No. 15",0141,80,80,160,855,18.71%,99,52,151
"Judge, County Criminal Court No. 15",0142,87,103,190,902,21.06%,59,120,179
"Judge, County Criminal Court No. 15",0143,1962,580,2542,6386,39.81%,1844,628,2472
"Judge, County Criminal Court No. 15",0144,216,158,374,1093,34.22%,10,355,365
"Judge, County Criminal Court No. 15",0145,264,213,477,1538,31.01%,9,454,463
"Judge, County Criminal Court No. 15",0146,426,519,945,2008,47.06%,429,458,887
"Judge, County Criminal Court No. 15",0147,689,329,1018,3008,33.84%,134,857,991
"Judge, County Criminal Court No. 15",0148,500,780,1280,2540,50.39%,520,641,1161
"Judge, County Criminal Court No. 15",0149,1621,737,2358,7993,29.50%,1239,1052,2291
"Judge, County Criminal Court No. 15",0150,236,169,405,1256,32.25%,13,383,396
"Judge, County Criminal Court No. 15",0151,137,79,216,826,26.15%,11,198,209
"Judge, County Criminal Court No. 15",0152,213,299,512,2788,18.36%,133,356,489
"Judge, County Criminal Court No. 15",0153,125,206,331,1808,18.31%,99,222,321
"Judge, County Criminal Court No. 15",0154,249,183,432,2190,19.73%,102,308,410
"Judge, County Criminal Court No. 15",0155,1022,619,1641,4109,39.94%,1148,428,1576
"Judge, County Criminal Court No. 15",0156,799,326,1125,3071,36.63%,40,1052,1092
"Judge, County Criminal Court No. 15",0157,448,214,662,2236,29.61%,23,618,641
"Judge, County Criminal Court No. 15",0158,600,315,915,3035,30.15%,24,863,887
"Judge, County Criminal Court No. 15",0159,116,127,243,998,24.35%,41,193,234
"Judge, County Criminal Court No. 15",0160,122,73,195,696,28.02%,7,185,192
"Judge, County Criminal Court No. 15",0161,163,141,304,991,30.68%,4,290,294
"Judge, County Criminal Court No. 15",0162,101,83,184,1265,14.55%,72,99,171
"Judge, County Criminal Court No. 15",0163,230,320,550,3037,18.11%,229,294,523
"Judge, County Criminal Court No. 15",0164,182,205,387,1420,27.25%,11,370,381
"Judge, County Criminal Court No. 15",0165,535,483,1018,2334,43.62%,687,279,966
Office,Precinct,Early Ballots Cast,Election Ballots Cast,Total Ballots Cast,Registered Voters,Percent Turnout,REP Jean Spradling Hughes,DEM Raul Rodriguez,Totals
"Judge, County Criminal Court No. 15",0166,158,233,391,1028,38.04%,118,248,366
"Judge, County Criminal Court No. 15",0167,3,0,3,24,12.50%,0,3,3
"Judge, County Criminal Court No. 15",0168,92,58,150,503,29.82%,2,143,145
"Judge, County Criminal Court No. 15",0169,518,251,767,2513,30.52%,17,728,745
"Judge, County Criminal Court No. 15",0170,271,141,412,1869,22.04%,214,175,389
"Judge, County Criminal Court No. 15",0171,202,198,400,1604,24.94%,10,380,390
"Judge, County Criminal Court No. 15",0172,88,80,166,621,26.73%,63,91,154
"Judge, County Criminal Court No. 15",0173,817,739,1556,3599,43.23%,1262,241,1503
"Judge, County Criminal Court No. 15",0174,829,733,1562,3296,47.39%,1095,378,1473
"Judge, County Criminal Court No. 15",0175,557,749,1306,2618,49.89%,676,509,1185
"Judge, County Criminal Court No. 15",0176,344,451,795,1602,49.63%,429,287,716
"Judge, County Criminal Court No. 15",0177,278,326,604,1496,40.37%,343,217,560
"Judge, County Criminal Court No. 15",0178,504,365,869,1765,49.24%,607,188,795
"Judge, County Criminal Court No. 15",0179,256,188,444,1575,28.19%,238,181,419
"Judge, County Criminal Court No. 15",0180,470,343,813,2834,28.69%,23,753,776
"Judge, County Criminal Court No. 15",0181,175,262,437,2061,21.20%,135,281,416
"Judge, County Criminal Court No. 15",0182,590,974,1564,3405,45.93%,981,437,1418
"Judge, County Criminal Court No. 15",0183,519,794,1313,2491,52.71%,889,323,1212
"Judge, County Criminal Court No. 15",0184,106,135,241,994,24.25%,79,138,217
"Judge, County Criminal Court No. 15",0185,283,292,575,1933,29.75%,203,348,551
"Judge, County Criminal Court No. 15",0186,97,106,203,798,25.44%,31,167,198
"Judge, County Criminal Court No. 15",0187,21,25,46,311,14.79%,12,33,45
"Judge, County Criminal Court No. 15",0188,153,146,299,1637,18.27%,140,149,289
"Judge, County Criminal Court No. 15",0189,239,360,599,1465,40.89%,318,232,550
"Judge, County Criminal Court No. 15",0190,120,177,297,1723,17.24%,123,160,283
"Judge, County Criminal Court No. 15",0191,79,126,205,1366,15.01%,79,118,197
"Judge, County Criminal Court No. 15",0192,380,225,605,1959,30.88%,25,561,586
"Judge, County Criminal Court No. 15",0193,173,187,360,1074,33.52%,10,337,347
"Judge, County Criminal Court No. 15",0194,350,431,781,1912,40.85%,250,483,733
"Judge, County Criminal Court No. 15",0195,269,278,547,1694,32.29%,20,511,531
"Judge, County Criminal Court No. 15",0196,52,32,84,316,26.58%,5,77,82
"Judge, County Criminal Court No. 15",0197,543,309,852,2914,29.24%,14,818,832
"Judge, County Criminal Court No. 15",0198,53,74,127,642,19.78%,3,122,125
Office,Precinct,Early Ballots Cast,Election Ballots Cast,Total Ballots Cast,Registered Voters,Percent Turnout,REP Jean Spradling Hughes,DEM Raul Rodriguez,Totals
"Judge, County Criminal Court No. 15",0199,812,661,1473,3216,45.80%,1156,250,1406
"Judge, County Criminal Court No. 15",0200,962,536,1498,3382,44.29%,698,679,1377
"Judge, County Criminal Court No. 15",0201,98,87,185,724,25.55%,6,174,180
"Judge, County Criminal Court No. 15",0202,217,189,406,1464,27.73%,19,378,397
"Judge, County Criminal Court No. 15",0203,107,68,175,960,18.23%,39,126,165
"Judge, County Criminal Court No. 15",0204,816,784,1600,3487,45.88%,896,579,1475
"Judge, County Criminal Court No. 15",0205,464,171,635,1664,38.16%,12,613,625
"Judge, County Criminal Court No. 15",0206,362,462,824,2779,29.65%,233,547,780
"Judge, County Criminal Court No. 15",0207,265,261,526,1188,44.28%,158,339,497
"Judge, County Criminal Court No. 15",0208,322,262,584,2195,26.61%,167,388,555
"Judge, County Criminal Court No. 15",0209,0,2,2,0,0.00%,2,0,2
"Judge, County Criminal Court No. 15",0210,502,467,969,2533,38.26%,106,826,932
"Judge, County Criminal Court No. 15",0211,307,386,693,2914,23.78%,249,405,654
"Judge, County Criminal Court No. 15",0212,96,155,251,1300,19.31%,54,192,246
"Judge, County Criminal Court No. 15",0213,826,913,1739,3350,51.91%,1400,214,1614
"Judge, County Criminal Court No. 15",0214,404,491,895,1854,48.27%,586,245,831
"Judge, County Criminal Court No. 15",0215,421,711,1132,2258,50.13%,699,341,1040
"Judge, County Criminal Court No. 15",0216,362,223,585,1945,30.08%,38,534,572
"Judge, County Criminal Court No. 15",0217,844,631,1475,2678,55.08%,997,342,1339
"Judge, County Criminal Court No. 15",0218,391,402,793,2292,34.60%,235,504,739
"Judge, County Criminal Court No. 15",0219,496,436,932,2767,33.68%,52,839,891
"Judge, County Criminal Court No. 15",0220,325,187,512,2310,22.16%,373,122,495
"Judge, County Criminal Court No. 15",0221,332,369,701,2529,27.72%,294,375,669
"Judge, County Criminal Court No. 15",0222,623,674,1297,2501,51.86%,648,533,1181
"Judge, County Criminal Court No. 15",0223,563,377,940,3582,26.24%,263,613,876
"Judge, County Criminal Court No. 15",0224,530,456,986,2238,44.06%,474,438,912
"Judge, County Criminal Court No. 15",0225,376,405,781,3305,23.63%,392,355,747
"Judge, County Criminal Court No. 15",0226,227,307,534,2436,21.92%,119,389,508
"Judge, County Criminal Court No. 15",0227,558,423,981,1785,54.96%,743,145,888
"Judge, County Criminal Court No. 15",0228,362,195,557,1050,53.05%,28,508,536
"Judge, County Criminal Court No. 15",0229,31,96,127,815,15.58%,57,66,123
"Judge, County Criminal Court No. 15",0230,185,116,301,1089,27.64%,5,287,292
"Judge, County Criminal Court No. 15",0231,233,264,497,2232,22.27%,120,346,466
Office,Precinct,Early Ballots Cast,Election Ballots Cast,Total Ballots Cast,Registered Voters,Percent Turnout,REP Jean Spradling Hughes,DEM Raul Rodriguez,Totals
"Judge, County Criminal Court No. 15",0232,361,474,835,1760,47.44%,480,292,772
"Judge, County Criminal Court No. 15",0233,890,801,1691,4445,38.04%,836,706,1542
"Judge, County Criminal Court No. 15",0234,1192,913,2105,3993,52.72%,1625,316,1941
"Judge, County Criminal Court No. 15",0235,240,158,398,1356,29.35%,13,372,385
"Judge, County Criminal Court No. 15",0236,354,235,589,2079,28.33%,14,558,572
"Judge, County Criminal Court No. 15",0237,416,253,669,2161,30.96%,10,640,650
"Judge, County Criminal Court No. 15",0238,339,245,584,1925,30.34%,15,555,570
"Judge, County Criminal Court No. 15",0239,383,236,619,1964,31.52%,23,586,609
"Judge, County Criminal Court No. 15",0240,585,243,828,2649,31.26%,18,789,807
"Judge, County Criminal Court No. 15",0241,222,229,451,2372,19.01%,191,235,426
"Judge, County Criminal Court No. 15",0242,173,162,335,1596,20.99%,196,120,316
"Judge, County Criminal Court No. 15",0243,138,43,181,457,39.61%,3,177,180
"Judge, County Criminal Court No. 15",0244,480,425,905,3117,29.03%,510,346,856
"Judge, County Criminal Court No. 15",0245,946,799,1745,5828,29.94%,1226,478,1704
"Judge, County Criminal Court No. 15",0246,584,513,1197,3315,36.11%,864,293,1157
"Judge, County Criminal Court No. 15",0247,173,254,427,1582,26.99%,14,406,420
"Judge, County Criminal Court No. 15",0248,161,167,328,2100,15.62%,91,222,313
"Judge, County Criminal Court No. 15",0249,461,348,809,2719,29.75%,569,213,782
"Judge, County Criminal Court No. 15",0250,109,164,273,964,28.32%,9,259,268
"Judge, County Criminal Court No. 15",0251,278,436,714,2089,34.18%,29,671,700
"Judge, County Criminal Court No. 15",0252,504,312,816,2377,34.33%,17,780,797
"Judge, County Criminal Court No. 15",0253,379,222,601,2177,27.61%,11,573,584
"Judge, County Criminal Court No. 15",0254,93,112,205,1550,13.23%,65,131,196
"Judge, County Criminal Court No. 15",0255,525,648,1173,2482,47.26%,568,518,1086
"Judge, County Criminal Court No. 15",0256,575,449,1024,3254,31.47%,492,470,962
"Judge, County Criminal Court No. 15",0257,204,245,449,2523,17.80%,134,293,427
"Judge, County Criminal Court No. 15",0258,839,800,1539,3322,49.34%,1214,299,1513
"Judge, County Criminal Court No. 15",0259,555,382,1038,2361,43.96%,32,978,1010
"Judge, County Criminal Court No. 15",0260,162,145,307,1260,24.37%,178,107,285
"Judge, County Criminal Court No. 15",0261,124,120,244,1417,17.22%,100,134,234
"Judge, County Criminal Court No. 15",0262,758,600,1358,4397,30.88%,854,420,1274
"Judge, County Criminal Court No. 15",0263,858,712,1570,3693,42.51%,1217,293,1510
"Judge, County Criminal Court No. 15",0264,480,457,937,2963,31.62%,576,300,876
Office,Precinct,Early Ballots Cast,Election Ballots Cast,Total Ballots Cast,Registered Voters,Percent Turnout,REP Jean Spradling Hughes,DEM Raul Rodriguez,Totals
"Judge, County Criminal Court No. 15",0265,988,759,1747,3584,48.74%,1336,279,1615
"Judge, County Criminal Court No. 15",0266,259,257,516,2104,24.52%,257,228,485
"Judge, County Criminal Court No. 15",0267,146,166,312,1327,23.51%,155,133,288
"Judge, County Criminal Court No. 15",0268,435,717,1152,2493,46.21%,678,343,1021
"Judge, County Criminal Court No. 15",0269,702,453,1155,2030,56.90%,937,148,1085
"Judge, County Criminal Court No. 15",0270,817,672,1489,3605,41.30%,832,567,1399
"Judge, County Criminal Court No. 15",0271,656,382,1038,2518,41.22%,33,988,1021
"Judge, County Criminal Court No. 15",0272,264,292,555,2162,25.72%,220,305,525
"Judge, County Criminal Court No. 15",0273,548,689,1237,2470,50.08%,1016,158,1174
"Judge, County Criminal Court No. 15",0274,588,346,934,2153,43.38%,641,222,863
"Judge, County Criminal Court No. 15",0275,207,236,443,1850,23.95%,105,322,427
"Judge, County Criminal Court No. 15",0276,572,231,803,2536,31.66%,11,772,783
"Judge, County Criminal Court No. 15",0277,170,186,356,1492,23.86%,170,170,340
"Judge, County Criminal Court No. 15",0278,421,320,741,2454,30.20%,411,296,707
"Judge, County Criminal Court No. 15",0279,250,223,473,1941,24.37%,280,171,451
"Judge, County Criminal Court No. 15",0280,130,188,318,1524,20.87%,131,169,300
"Judge, County Criminal Court No. 15",0281,655,742,1397,2633,53.06%,713,538,1251
"Judge, County Criminal Court No. 15",0282,314,455,769,2042,37.66%,493,226,719
"Judge, County Criminal Court No. 15",0283,0,0,0,0,0.00%,0,0,0
"Judge, County Criminal Court No. 15",0284,574,335,910,3172,28.69%,426,439,865
"Judge, County Criminal Court No. 15",0285,448,378,826,2540,32.52%,66,730,796
"Judge, County Criminal Court No. 15",0286,1255,821,2076,6170,33.65%,187,1808,1995
"Judge, County Criminal Court No. 15",0287,370,477,847,1621,52.25%,420,369,789
"Judge, County Criminal Court No. 15",0288,532,313,845,2210,38.24%,18,810,828
"Judge, County Criminal Court No. 15",0289,186,212,398,1564,25.45%,195,183,378
"Judge, County Criminal Court No. 15",0290,245,298,543,1642,33.07%,403,121,524
"Judge, County Criminal Court No. 15",0291,325,235,560,1225,45.71%,287,233,520
"Judge, County Criminal Court No. 15",0292,207,147,354,1356,26.11%,38,304,342
"Judge, County Criminal Court No. 15",0293,356,447,803,1759,45.65%,378,366,744
"Judge, County Criminal Court No. 15",0294,488,221,709,2097,33.81%,8,683,691
"Judge, County Criminal Court No. 15",0295,148,103,251,885,28.36%,9,236,245
"Judge, County Criminal Court No. 15",0296,327,340,667,1713,38.94%,382,230,612
"Judge, County Criminal Court No. 15",0297,280,249,529,2012,26.29%,241,251,492
Office,Precinct,Early Ballots Cast,Election Ballots Cast,Total Ballots Cast,Registered Voters,Percent Turnout,REP Jean Spradling Hughes,DEM Raul Rodriguez,Totals
"Judge, County Criminal Court No. 15",0298,415,358,773,2121,36.45%,457,263,720
"Judge, County Criminal Court No. 15",0299,178,117,295,1353,21.80%,114,157,271
"Judge, County Criminal Court No. 15",0300,1389,1016,2405,5406,44.49%,1922,378,2300
"Judge, County Criminal Court No. 15",0301,210,255,465,2352,19.77%,186,256,442
"Judge, County Criminal Court No. 15",0302,353,343,696,2720,25.59%,407,263,670
"Judge, County Criminal Court No. 15",0303,922,784,1706,3245,52.57%,1387,225,1612
"Judge, County Criminal Court No. 15",0304,606,505,1111,2298,48.35%,649,378,1027
"Judge, County Criminal Court No. 15",0305,524,432,956,4191,22.81%,411,516,927
"Judge, County Criminal Court No. 15",0306,649,342,991,1879,52.74%,729,200,929
"Judge, County Criminal Court No. 15",0307,733,670,1403,3099,45.27%,967,338,1305
"Judge, County Criminal Court No. 15",0308,199,130,329,1296,25.39%,111,202,313
"Judge, County Criminal Court No. 15",0309,708,593,1301,2524,51.55%,1049,165,1214
"Judge, County Criminal Court No. 15",0310,386,279,665,1435,46.34%,460,161,621
"Judge, County Criminal Court No. 15",0311,486,421,907,2986,30.38%,495,348,843
"Judge, County Criminal Court No. 15",0312,742,457,1199,3636,32.98%,795,348,1143
"Judge, County Criminal Court No. 15",0313,9,0,9,62,14.52%,7,1,8
"Judge, County Criminal Court No. 15",0314,1121,913,2034,5647,36.02%,1284,681,1965
"Judge, County Criminal Court No. 15",0315,478,388,866,1608,53.86%,516,286,802
"Judge, County Criminal Court No. 15",0316,412,341,753,1537,48.99%,424,264,688
"Judge, County Criminal Court No. 15",0317,248,209,457,1588,28.78%,152,281,433
"Judge, County Criminal Court No. 15",0318,834,568,1402,3660,38.31%,68,1286,1354
"Judge, County Criminal Court No. 15",0319,512,230,742,2158,34.38%,48,669,717
"Judge, County Criminal Court No. 15",0320,234,168,402,1537,26.15%,200,186,386
"Judge, County Criminal Court No. 15",0321,262,191,453,2346,19.31%,160,268,428
"Judge, County Criminal Court No. 15",0322,181,129,310,1226,25.29%,104,194,298
"Judge, County Criminal Court No. 15",0323,278,211,489,1722,28.40%,237,222,459
"Judge, County Criminal Court No. 15",0324,532,646,1178,2336,50.43%,734,350,1084
"Judge, County Criminal Court No. 15",0325,289,193,482,2112,22.82%,106,353,459
"Judge, County Criminal Court No. 15",0326,87,74,161,698,23.07%,77,75,152
"Judge, County Criminal Court No. 15",0327,380,129,509,1729,29.44%,12,476,488
"Judge, County Criminal Court No. 15",0328,151,140,291,1434,20.29%,123,156,279
"Judge, County Criminal Court No. 15",0329,189,184,373,1397,26.70%,141,215,356
"Judge, County Criminal Court No. 15",0330,334,253,587,1936,30.32%,336,223,559
Office,Precinct,Early Ballots Cast,Election Ballots Cast,Total Ballots Cast,Registered Voters,Percent Turnout,REP Jean Spradling Hughes,DEM Raul Rodriguez,Totals
"Judge, County Criminal Court No. 15",0331,0,0,0,0,0.00%,0,0,0
"Judge, County Criminal Court No. 15",0332,18,7,25,138,18.12%,13,9,22
"Judge, County Criminal Court No. 15",0333,524,714,1238,3021,40.98%,873,297,1170
"Judge, County Criminal Court No. 15",0334,83,42,125,742,16.85%,22,98,120
"Judge, County Criminal Court No. 15",0335,121,98,219,1300,16.85%,88,116,204
"Judge, County Criminal Court No. 15",0336,866,624,1490,4051,36.78%,135,1316,1451
"Judge, County Criminal Court No. 15",0337,124,103,227,1029,22.06%,39,177,216
"Judge, County Criminal Court No. 15",0338,730,391,1121,4934,22.72%,389,650,1039
"Judge, County Criminal Court No. 15",0339,202,222,424,1757,24.13%,80,318,398
"Judge, County Criminal Court No. 15",0340,1038,594,1632,3765,43.35%,1236,317,1553
"Judge, County Criminal Court No. 15",0341,91,167,258,1290,20.00%,76,174,250
"Judge, County Criminal Court No. 15",0342,675,605,1280,6526,19.61%,220,1024,1244
"Judge, County Criminal Court No. 15",0343,189,271,460,1964,23.42%,124,315,439
"Judge, County Criminal Court No. 15",0344,154,172,326,1160,28.10%,16,294,310
"Judge, County Criminal Court No. 15",0345,156,165,321,1804,17.79%,97,206,303
"Judge, County Criminal Court No. 15",0346,0,1,1,3,33.33%,1,0,1
"Judge, County Criminal Court No. 15",0347,592,436,1028,3387,30.35%,704,285,989
"Judge, County Criminal Court No. 15",0348,438,208,646,1708,37.82%,502,112,614
"Judge, County Criminal Court No. 15",0349,188,267,455,1349,33.73%,280,149,429
"Judge, County Criminal Court No. 15",0350,524,526,1050,2909,36.09%,439,521,960
"Judge, County Criminal Court No. 15",0351,1491,710,2201,4712,46.71%,1753,365,2118
"Judge, County Criminal Court No. 15",0352,520,339,859,3205,26.80%,628,199,827
"Judge, County Criminal Court No. 15",0353,665,451,1116,3862,28.90%,202,878,1080
"Judge, County Criminal Court No. 15",0354,715,338,1053,3388,31.08%,269,753,1022
"Judge, County Criminal Court No. 15",0355,301,264,565,1560,36.22%,48,499,547
"Judge, County Criminal Court No. 15",0356,594,538,1132,2972,38.09%,749,327,1076
"Judge, County Criminal Court No. 15",0357,837,575,1412,3517,40.15%,1044,314,1358
"Judge, County Criminal Court No. 15",0358,212,254,466,2492,18.70%,53,397,450
"Judge, County Criminal Court No. 15",0359,234,224,458,3061,14.96%,59,388,447
"Judge, County Criminal Court No. 15",0360,522,380,902,2146,42.03%,482,336,818
"Judge, County Criminal Court No. 15",0361,41,295,336,1673,20.08%,51,241,292
"Judge, County Criminal Court No. 15",0362,1138,887,2025,5086,39.82%,1501,414,1915
"Judge, County Criminal Court No. 15",0363,620,412,1032,3677,28.07%,469,530,999
Office,Precinct,Early Ballots Cast,Election Ballots Cast,Total Ballots Cast,Registered Voters,Percent Turnout,REP Jean Spradling Hughes,DEM Raul Rodriguez,Totals
"Judge, County Criminal Court No. 15",0364,488,405,893,2658,33.60%,518,327,845
"Judge, County Criminal Court No. 15",0365,478,231,709,1305,54.33%,61,633,694
"Judge, County Criminal Court No. 15",0366,252,270,522,2454,21.27%,132,376,508
"Judge, County Criminal Court No. 15",0367,170,138,308,1130,27.26%,68,232,300
"Judge, County Criminal Court No. 15",0368,178,88,266,958,27.77%,72,183,255
"Judge, County Criminal Court No. 15",0369,32,29,61,559,10.91%,17,42,59
"Judge, County Criminal Court No. 15",0370,1532,1105,2637,6593,40.00%,2000,542,2542
"Judge, County Criminal Court No. 15",0371,122,52,174,502,34.66%,6,161,167
"Judge, County Criminal Court No. 15",0372,221,170,391,1224,31.94%,50,323,373
"Judge, County Criminal Court No. 15",0373,21,12,33,157,21.02%,2,28,30
"Judge, County Criminal Court No. 15",0374,85,93,158,738,21.41%,47,102,149
"Judge, County Criminal Court No. 15",0375,254,220,474,2645,17.92%,234,203,437
"Judge, County Criminal Court No. 15",0376,278,205,483,1910,25.29%,211,250,461
"Judge, County Criminal Court No. 15",0377,525,583,1109,2920,37.98%,824,223,1047
"Judge, County Criminal Court No. 15",0378,232,354,586,1829,32.04%,371,183,554
"Judge, County Criminal Court No. 15",0379,431,289,720,2027,35.52%,67,633,700
"Judge, County Criminal Court No. 15",0380,1299,995,2294,5666,40.49%,1274,945,2219
"Judge, County Criminal Court No. 15",0381,412,248,660,2855,23.12%,309,321,630
"Judge, County Criminal Court No. 15",0382,132,157,289,922,31.34%,216,64,280
"Judge, County Criminal Court No. 15",0383,289,263,552,2173,25.40%,228,300,528
"Judge, County Criminal Court No. 15",0384,573,373,946,2657,35.60%,192,714,906
"Judge, County Criminal Court No. 15",0385,583,670,1253,2207,56.77%,989,188,1177
"Judge, County Criminal Court No. 15",0386,662,469,1131,2922,38.71%,824,257,1081
"Judge, County Criminal Court No. 15",0387,555,672,1227,3935,31.18%,890,299,1189
"Judge, County Criminal Court No. 15",0388,1430,1010,2440,6888,35.42%,1417,945,2362
"Judge, County Criminal Court No. 15",0389,91,208,299,1026,29.14%,46,230,276
"Judge, County Criminal Court No. 15",0390,356,263,619,1480,41.82%,77,517,594
"Judge, County Criminal Court No. 15",0391,508,260,768,1883,40.79%,496,234,730
"Judge, County Criminal Court No. 15",0392,387,155,542,1446,37.48%,6,526,532
"Judge, County Criminal Court No. 15",0393,165,185,350,1292,27.09%,170,167,337
"Judge, County Criminal Court No. 15",0394,69,73,142,834,17.03%,73,62,135
"Judge, County Criminal Court No. 15",0395,469,404,873,1846,47.29%,635,184,819
"Judge, County Criminal Court No. 15",0396,622,216,838,2082,40.25%,23,795,818
Office,Precinct,Early Ballots Cast,Election Ballots Cast,Total Ballots Cast,Registered Voters,Percent Turnout,REP Jean Spradling Hughes,DEM Raul Rodriguez,Totals
"Judge, County Criminal Court No. 15",0397,86,78,164,760,21,58%,78,80,158
"Judge, County Criminal Court No. 15",0398,615,521,1136,4022,28.24%,611,491,1102
"Judge, County Criminal Court No. 15",0399,402,366,768,2791,27.52%,429,311,740
"Judge, County Criminal Court No. 15",0400,620,359,979,2411,40.61%,727,201,928
"Judge, County Criminal Court No. 15",0401,330,205,535,1913,27.97%,19,502,521
"Judge, County Criminal Court No. 15",0402,466,266,732,1794,40.80%,40,671,711
"Judge, County Criminal Court No. 15",0403,475,498,973,1715,56.73%,552,320,872
"Judge, County Criminal Court No. 15",0404,419,330,749,2585,28.97%,441,281,722
"Judge, County Criminal Court No. 15",0405,0,0,0,0,0.00%,0,0,0
"Judge, County Criminal Court No. 15",0406,137,67,204,628,32.48%,4,196,200
"Judge, County Criminal Court No. 15",0407,688,793,1481,3769,39.29%,1002,388,1390
"Judge, County Criminal Court No. 15",0408,146,153,299,1691,17.68%,146,135,281
"Judge, County Criminal Court No. 15",0409,122,149,271,1459,18.57%,109,152,261
"Judge, County Criminal Court No. 15",0410,132,80,212,899,23.58%,46,155,201
"Judge, County Criminal Court No. 15",0411,235,200,435,2339,18.60%,152,264,416
"Judge, County Criminal Court No. 15",0412,74,44,118,468,25.21%,7,103,110
"Judge, County Criminal Court No. 15",0413,767,386,1153,2992,38.54%,465,639,1104
"Judge, County Criminal Court No. 15",0414,654,480,1134,3453,32.84%,889,198,1087
"Judge, County Criminal Court No. 15",0415,539,598,1137,2203,51.61%,778,300,1078
"Judge, County Criminal Court No. 15",0416,538,558,1096,3791,28.91%,617,432,1049
"Judge, County Criminal Court No. 15",0417,353,385,738,2448,30.15%,375,327,702
"Judge, County Criminal Court No. 15",0418,403,469,872,3584,24.33%,361,469,830
"Judge, County Criminal Court No. 15",0419,571,324,895,2658,33.67%,599,252,851
"Judge, County Criminal Court No. 15",0420,1036,874,1910,4762,40.11%,1572,252,1824
"Judge, County Criminal Court No. 15",0421,36,37,73,410,17.80%,26,42,68
"Judge, County Criminal Court No. 15",0422,731,402,1133,3345,33.87%,35,1072,1107
"Judge, County Criminal Court No. 15",0423,108,120,228,1376,16.57%,77,141,218
"Judge, County Criminal Court No. 15",0424,240,111,351,967,36.30%,213,118,331
"Judge, County Criminal Court No. 15",0425,107,123,230,883,26.05%,88,132,220
"Judge, County Criminal Court No. 15",0426,260,183,443,1218,36.37%,268,148,416
"Judge, County Criminal Court No. 15",0427,179,134,313,1092,28.66%,143,148,291
"Judge, County Criminal Court No. 15",0428,619,421,1040,4538,22.92%,326,631,957
"Judge, County Criminal Court No. 15",0429,445,314,759,3197,23.74%,210,505,715
Office,Precinct,Early Ballots Cast,Election Ballots Cast,Total Ballots Cast,Registered Voters,Percent Turnout,REP Jean Spradling Hughes,DEM Raul Rodriguez,Totals
"Judge, County Criminal Court No. 15",0430,161,133,294,1657,17.74%,93,188,281
"Judge, County Criminal Court No. 15",0431,327,84,411,3417,12.03%,156,235,391
"Judge, County Criminal Court No. 15",0432,123,157,280,1455,19.24%,106,164,270
"Judge, County Criminal Court No. 15",0433,50,63,113,581,19.45%,27,80,107
"Judge, County Criminal Court No. 15",0434,370,289,659,1503,43.85%,429,192,621
"Judge, County Criminal Court No. 15",0435,855,636,1491,3252,45.85%,995,410,1405
"Judge, County Criminal Court No. 15",0436,629,531,1160,2933,39.55%,742,341,1083
"Judge, County Criminal Court No. 15",0437,521,512,1033,2033,50.81%,732,231,963
"Judge, County Criminal Court No. 15",0438,517,389,1006,1861,54.06%,775,158,933
"Judge, County Criminal Court No. 15",0439,710,884,1594,3554,44.85%,1176,322,1498
"Judge, County Criminal Court No. 15",0440,664,858,1522,2930,51.95%,1224,197,1421
"Judge, County Criminal Court No. 15",0441,345,420,765,1669,45.84%,585,132,717
"Judge, County Criminal Court No. 15",0442,612,574,1186,2575,46.06%,983,153,1136
"Judge, County Criminal Court No. 15",0443,226,138,364,646,56.35%,263,76,339
"Judge, County Criminal Court No. 15",0444,587,583,1270,3262,38.93%,814,378,1192
"Judge, County Criminal Court No. 15",0445,499,348,847,2026,41.81%,586,216,802
"Judge, County Criminal Court No. 15",0446,31,22,53,291,18.21%,23,26,49
"Judge, County Criminal Court No. 15",0447,93,86,179,637,28.10%,52,116,168
"Judge, County Criminal Court No. 15",0448,590,778,1368,3138,43.59%,771,509,1280
"Judge, County Criminal Court No. 15",0449,12,23,35,198,17.68%,4,31,35
"Judge, County Criminal Court No. 15",0450,435,328,763,2635,28.96%,239,492,731
"Judge, County Criminal Court No. 15",0451,1002,510,1512,2687,56.27%,1247,178,1425
"Judge, County Criminal Court No. 15",0452,554,444,998,3048,32.74%,747,219,966
"Judge, County Criminal Court No. 15",0453,231,262,493,1937,25.45%,199,270,469
"Judge, County Criminal Court No. 15",0454,594,248,842,2561,32.88%,11,811,822
"Judge, County Criminal Court No. 15",0455,367,165,532,1689,31.50%,26,496,522
"Judge, County Criminal Court No. 15",0456,482,362,844,3513,24.03%,500,316,816
"Judge, County Criminal Court No. 15",0457,0,0,0,0,0.00%,0,0,0
"Judge, County Criminal Court No. 15",0458,471,237,708,1924,36.80%,38,644,682
"Judge, County Criminal Court No. 15",0459,951,474,1425,3021,47.17%,1141,231,1372
"Judge, County Criminal Court No. 15",0460,554,331,885,2837,31.19%,230,633,863
"Judge, County Criminal Court No. 15",0461,1155,735,1900,3871,49.08%,1333,437,1770
"Judge, County Criminal Court No. 15",0462,674,619,1293,3384,38.21%,487,736,1223
Office,Precinct,Early Ballots Cast,Election Ballots Cast,Total Ballots Cast,Registered Voters,Percent Turnout,REP Jean Spradling Hughes,DEM Raul Rodriguez,Totals
"Judge, County Criminal Court No. 15",0463,480,404,884,3326,26.58%,413,439,852
"Judge, County Criminal Court No. 15",0464,356,430,786,2257,34.82%,566,190,756
"Judge, County Criminal Court No. 15",0465,687,520,1207,3564,33.87%,691,473,1164
"Judge, County Criminal Court No. 15",0466,1058,614,1672,4184,39.96%,982,627,1609
"Judge, County Criminal Court No. 15",0467,213,189,402,1270,31.65%,100,293,393
"Judge, County Criminal Court No. 15",0468,352,443,795,3598,22.10%,252,513,765
"Judge, County Criminal Court No. 15",0469,1294,547,1841,3985,46.20%,1470,284,1754
"Judge, County Criminal Court No. 15",0470,185,176,361,1326,27.22%,270,72,342
"Judge, County Criminal Court No. 15",0471,375,380,755,2387,31.63%,608,123,731
"Judge, County Criminal Court No. 15",0472,198,278,476,1081,44.03%,207,223,430
"Judge, County Criminal Court No. 15",0473,599,391,990,1806,54.82%,698,234,932
"Judge, County Criminal Court No. 15",0474,559,588,1147,3037,37.77%,805,298,1103
"Judge, County Criminal Court No. 15",0475,189,267,456,1809,25.21%,211,222,433
"Judge, County Criminal Court No. 15",0476,404,473,877,2430,36.09%,481,361,842
"Judge, County Criminal Court No. 15",0477,737,567,1304,3505,37.20%,1001,249,1250
"Judge, County Criminal Court No. 15",0478,958,657,1615,4461,36.20%,1109,430,1539
"Judge, County Criminal Court No. 15",0479,638,612,1250,2714,46.06%,941,255,1196
"Judge, County Criminal Court No. 15",0480,493,450,943,2415,39.05%,689,211,900
"Judge, County Criminal Court No. 15",0481,770,623,1393,3482,40.01%,1068,264,1332
"Judge, County Criminal Court No. 15",0482,878,630,1508,4373,34.48%,1094,365,1459
"Judge, County Criminal Court No. 15",0483,1042,478,1520,4308,35.28%,898,555,1453
"Judge, County Criminal Court No. 15",0484,1107,930,2037,4979,40.91%,1485,484,1969
"Judge, County Criminal Court No. 15",0485,1095,911,2006,5388,37.23%,1557,383,1940
"Judge, County Criminal Court No. 15",0486,873,855,1728,3866,44.70%,1362,285,1647
"Judge, County Criminal Court No. 15",0487,570,294,864,3860,22.38%,316,474,790
"Judge, County Criminal Court No. 15",0488,268,254,522,1719,30.37%,199,280,479
"Judge, County Criminal Court No. 15",0489,350,290,640,1893,33.81%,216,392,608
"Judge, County Criminal Court No. 15",0490,444,368,812,1975,41.11%,301,475,776
"Judge, County Criminal Court No. 15",0491,314,372,686,1888,36.33%,414,232,646
"Judge, County Criminal Court No. 15",0492,556,410,966,2335,41.37%,598,318,916
"Judge, County Criminal Court No. 15",0493,479,322,801,1853,43.23%,554,192,746
"Judge, County Criminal Court No. 15",0494,381,247,628,2467,25.46%,77,535,612
"Judge, County Criminal Court No. 15",0495,522,523,1045,2375,44.00%,766,214,980
Office,Precinct,Early Ballots Cast,Election Ballots Cast,Total Ballots Cast,Registered Voters,Percent Turnout,REP Jean Spradling Hughes,DEM Raul Rodriguez,Totals
"Judge, County Criminal Court No. 15",0496,190,315,505,2160,23.38%,201,287,488
"Judge, County Criminal Court No. 15",0497,526,243,769,2257,34.07%,28,719,747
"Judge, County Criminal Court No. 15",0498,363,323,686,2297,29.87%,313,354,667
"Judge, County Criminal Court No. 15",0499,750,518,1268,2326,54.51%,947,236,1183
"Judge, County Criminal Court No. 15",0500,729,715,1444,3507,41.17%,1014,370,1384
"Judge, County Criminal Court No. 15",0501,341,417,758,1801,42.09%,275,425,700
"Judge, County Criminal Court No. 15",0502,477,350,827,2501,33.07%,673,124,797
"Judge, County Criminal Court No. 15",0503,174,116,290,1374,21.11%,107,162,269
"Judge, County Criminal Court No. 15",0504,624,527,1151,2288,50.31%,764,316,1080
"Judge, County Criminal Court No. 15",0505,531,562,1193,3773,31.62%,551,557,1108
"Judge, County Criminal Court No. 15",0506,665,670,1335,3502,38.12%,241,1039,1280
"Judge, County Criminal Court No. 15",0507,221,149,370,2452,15.09%,75,227,302
"Judge, County Criminal Court No. 15",0508,492,412,904,3287,27.50%,341,491,832
"Judge, County Criminal Court No. 15",0509,753,596,1349,3732,36.15%,959,317,1276
"Judge, County Criminal Court No. 15",0510,687,514,1201,3590,33.45%,627,518,1145
"Judge, County Criminal Court No. 15",0511,0,0,0,0,0.00%,0,0,0
"Judge, County Criminal Court No. 15",0512,602,660,1262,5057,24.96%,609,617,1226
"Judge, County Criminal Court No. 15",0513,1019,487,1506,2894,52.04%,1163,262,1425
"Judge, County Criminal Court No. 15",0514,953,720,1673,4275,39.13%,1280,322,1602
"Judge, County Criminal Court No. 15",0515,942,683,1625,3455,47.03%,1319,230,1549
"Judge, County Criminal Court No. 15",0516,1000,800,1800,5356,33.61%,973,741,1714
"Judge, County Criminal Court No. 15",0517,481,256,737,2954,24.95%,421,289,710
"Judge, County Criminal Court No. 15",0518,635,693,1328,3943,33.68%,880,389,1269
"Judge, County Criminal Court No. 15",0519,623,493,1116,2966,37.63%,843,231,1074
"Judge, County Criminal Court No. 15",0520,473,457,930,4580,20.31%,180,727,907
"Judge, County Criminal Court No. 15",0521,471,464,935,2866,32.62%,512,388,900
"Judge, County Criminal Court No. 15",0522,715,572,1288,2689,47.90%,1008,220,1228
"Judge, County Criminal Court No. 15",0523,751,415,1166,3052,38.20%,803,308,1111
"Judge, County Criminal Court No. 15",0524,567,459,1026,3410,30.09%,360,628,988
"Judge, County Criminal Court No. 15",0525,707,482,1189,3091,38.47%,277,855,1132
"Judge, County Criminal Court No. 15",0526,68,84,152,780,19.49%,44,101,145
"Judge, County Criminal Court No. 15",0527,37,40,77,574,13.41%,44,31,75
"Judge, County Criminal Court No. 15",0528,14,12,26,90,28.89%,2,22,24
Office,Precinct,Early Ballots Cast,Election Ballots Cast,Total Ballots Cast,Registered Voters,Percent Turnout,REP Jean Spradling Hughes,DEM Raul Rodriguez,Totals
"Judge, County Criminal Court No. 15",0529,1043,491,1534,3710,41.35%,1324,145,1469
"Judge, County Criminal Court No. 15",0530,114,107,221,1196,18.48%,49,158,207
"Judge, County Criminal Court No. 15",0531,363,174,537,1145,46.90%,421,91,512
"Judge, County Criminal Court No. 15",0532,205,146,351,1048,33.49%,255,85,340
"Judge, County Criminal Court No. 15",0533,124,108,232,1119,20.73%,134,85,219
"Judge, County Criminal Court No. 15",0534,783,524,1307,3837,34.06%,1010,238,1248
"Judge, County Criminal Court No. 15",0535,33,29,62,416,14.90%,30,31,61
"Judge, County Criminal Court No. 15",0536,554,780,1334,5139,25.96%,516,772,1288
"Judge, County Criminal Court No. 15",0537,855,778,1633,3050,53.54%,1213,346,1559
"Judge, County Criminal Court No. 15",0538,204,160,364,1303,27.94%,10,347,357
"Judge, County Criminal Court No. 15",0539,15,241,256,64,400.00%,73,165,238
"Judge, County Criminal Court No. 15",0540,378,316,694,1567,44.29%,294,339,633
"Judge, County Criminal Court No. 15",0541,784,505,1289,4599,28.03%,189,1040,1229
"Judge, County Criminal Court No. 15",0542,360,382,742,2557,29.02%,48,666,714
"Judge, County Criminal Court No. 15",0543,141,213,354,1565,22.62%,108,224,332
"Judge, County Criminal Court No. 15",0544,35,41,77,310,24.84%,13,63,76
"Judge, County Criminal Court No. 15",0545,596,620,1216,3629,33.51%,623,542,1165
"Judge, County Criminal Court No. 15",0546,2,2,4,37,10.81%,2,1,3
"Judge, County Criminal Court No. 15",0547,501,466,967,2406,40.19%,682,243,925
"Judge, County Criminal Court No. 15",0548,286,293,579,2215,26.14%,303,259,562
"Judge, County Criminal Court No. 15",0549,343,418,761,2663,28.58%,111,633,744
"Judge, County Criminal Court No. 15",0550,501,431,932,3031,30.75%,532,366,898
"Judge, County Criminal Court No. 15",0551,1288,1394,2682,7034,38.13%,2044,554,2598
"Judge, County Criminal Court No. 15",0552,847,883,1730,3415,50.66%,1456,212,1668
"Judge, County Criminal Court No. 15",0553,578,529,1107,4686,23.62%,508,563,1071
"Judge, County Criminal Court No. 15",0554,261,199,460,1757,26.18%,105,320,425
"Judge, County Criminal Court No. 15",0555,225,277,502,2219,22.62%,108,374,482
"Judge, County Criminal Court No. 15",0556,276,186,462,2319,19.92%,140,306,446
"Judge, County Criminal Court No. 15",0557,455,183,638,2830,22.54%,265,297,562
"Judge, County Criminal Court No. 15",0558,693,463,1156,4380,26.39%,412,695,1107
"Judge, County Criminal Court No. 15",0559,640,494,1134,4969,22.82%,353,737,1090
"Judge, County Criminal Court No. 15",0560,72,131,203,1120,18.13%,47,143,190
"Judge, County Criminal Court No. 15",0561,362,436,798,3064,26.04%,491,269,760
Office,Precinct,Early Ballots Cast,Election Ballots Cast,Total Ballots Cast,Registered Voters,Percent Turnout,REP Jean Spradling Hughes,DEM Raul Rodriguez,Totals
"Judge, County Criminal Court No. 15",0562,113,68,181,694,26.08%,20,158,178
"Judge, County Criminal Court No. 15",0563,1107,376,1483,3105,47.76%,1177,235,1412
"Judge, County Criminal Court No. 15",0564,470,426,896,3155,28.40%,242,609,851
"Judge, County Criminal Court No. 15",0565,108,78,186,1354,13.74%,43,126,169
"Judge, County Criminal Court No. 15",0566,417,324,741,2882,25.71%,242,475,717
"Judge, County Criminal Court No. 15",0567,301,193,494,2238,22.07%,174,280,454
"Judge, County Criminal Court No. 15",0568,876,685,1561,3594,43.43%,1031,431,1462
"Judge, County Criminal Court No. 15",0569,572,667,1239,3525,35.15%,684,478,1162
"Judge, County Criminal Court No. 15",0570,238,210,448,1562,28.68%,157,259,416
"Judge, County Criminal Court No. 15",0571,155,149,304,1827,16.64%,117,176,293
"Judge, County Criminal Court No. 15",0572,555,375,930,3108,29.92%,496,391,887
"Judge, County Criminal Court No. 15",0573,290,151,441,1619,27.24%,7,429,436
"Judge, County Criminal Court No. 15",0574,31,42,73,402,18.16%,8,63,71
"Judge, County Criminal Court No. 15",0575,13,11,24,74,32.43%,19,4,23
"Judge, County Criminal Court No. 15",0576,485,318,803,2734,29.37%,28,758,786
"Judge, County Criminal Court No. 15",0577,147,88,235,608,38.65%,146,82,228
"Judge, County Criminal Court No. 15",0578,409,538,947,1799,52.64%,596,297,893
"Judge, County Criminal Court No. 15",0579,75,101,176,1056,16.67%,33,137,170
"Judge, County Criminal Court No. 15",0580,179,118,297,1031,28.81%,5,281,286
"Judge, County Criminal Court No. 15",0581,212,174,386,1032,37.40%,6,365,371
"Judge, County Criminal Court No. 15",0582,258,171,429,1588,27.02%,20,395,415
"Judge, County Criminal Court No. 15",0583,225,131,356,1262,28.21%,11,335,346
"Judge, County Criminal Court No. 15",0584,182,93,275,1014,27.12%,13,258,271
"Judge, County Criminal Court No. 15",0585,417,172,589,2511,23.46%,16,558,574
"Judge, County Criminal Court No. 15",0586,638,680,1318,4316,30.54%,807,456,1263
"Judge, County Criminal Court No. 15",0587,436,284,720,2598,27.71%,285,411,696
"Judge, County Criminal Court No. 15",0588,758,674,1432,3645,39.29%,1027,353,1380
"Judge, County Criminal Court No. 15",0589,500,386,886,3420,25.91%,503,354,857
"Judge, County Criminal Court No. 15",0590,772,399,1171,2162,54.16%,936,190,1126
"Judge, County Criminal Court No. 15",0591,183,231,414,2121,19.52%,118,278,396
"Judge, County Criminal Court No. 15",0592,133,157,290,1350,21.48%,78,197,275
"Judge, County Criminal Court No. 15",0593,543,564,1107,4380,25.27%,543,508,1051
"Judge, County Criminal Court No. 15",0594,561,326,887,2490,35.62%,261,595,856
Office,Precinct,Early Ballots Cast,Election Ballots Cast,Total Ballots Cast,Registered Voters,Percent Turnout,REP Jean Spradling Hughes,DEM Raul Rodriguez,Totals
"Judge, County Criminal Court No. 15",0595,201,178,379,1693,22.39%,69,299,368
"Judge, County Criminal Court No. 15",0596,441,348,789,3007,26.24%,444,317,761
"Judge, County Criminal Court No. 15",0597,367,394,761,3653,20.83%,332,418,750
"Judge, County Criminal Court No. 15",0598,195,57,252,728,34.62%,208,38,246
"Judge, County Criminal Court No. 15",0599,850,578,1428,4950,28.85%,518,864,1382
"Judge, County Criminal Court No. 15",0600,667,429,1096,3957,27.70%,454,588,1042
"Judge, County Criminal Court No. 15",0601,1073,756,1829,4057,45.08%,1400,358,1758
"Judge, County Criminal Court No. 15",0602,293,235,528,1326,39.82%,390,122,512
"Judge, County Criminal Court No. 15",0603,884,794,1678,4843,34.65%,1082,552,1634
"Judge, County Criminal Court No. 15",0604,702,518,1220,3005,40.60%,1025,154,1179
"Judge, County Criminal Court No. 15",0605,907,556,1463,5582,26.21%,361,1066,1427
"Judge, County Criminal Court No. 15",0606,176,70,246,937,26.25%,3,238,241
"Judge, County Criminal Court No. 15",0607,62,51,113,728,15.52%,12,96,108
"Judge, County Criminal Court No. 15",0608,31,47,78,537,14.53%,42,30,72
"Judge, County Criminal Court No. 15",0609,667,680,1347,3384,39.80%,857,411,1268
"Judge, County Criminal Court No. 15",0610,231,188,419,1927,21.74%,219,166,385
"Judge, County Criminal Court No. 15",0611,495,242,737,2488,29.62%,26,698,724
"Judge, County Criminal Court No. 15",0612,996,497,1493,3307,45.15%,1130,278,1408
"Judge, County Criminal Court No. 15",0613,186,204,390,1554,25.10%,66,312,378
"Judge, County Criminal Court No. 15",0614,737,566,1303,4207,30.97%,505,746,1251
"Judge, County Criminal Court No. 15",0615,480,299,779,1967,39.60%,502,250,752
"Judge, County Criminal Court No. 15",0616,739,663,1402,3436,40.80%,996,348,1344
"Judge, County Criminal Court No. 15",0617,541,393,934,3809,24.52%,393,516,909
"Judge, County Criminal Court No. 15",0618,946,567,1513,6003,25.20%,771,691,1462
"Judge, County Criminal Court No. 15",0619,1219,803,2022,4297,47.06%,1518,402,1920
"Judge, County Criminal Court No. 15",0620,689,264,953,2897,32.90%,617,288,905
"Judge, County Criminal Court No. 15",0621,154,101,255,1133,22.51%,134,106,240
"Judge, County Criminal Court No. 15",0622,881,524,1405,4403,31.91,%,884,469,1353
"Judge, County Criminal Court No. 15",0623,887,487,1374,3691,37.23%,948,359,1307
"Judge, County Criminal Court No. 15",0624,1,1,2,3,66.67%,1,1,2
"Judge, County Criminal Court No. 15",0625,477,362,839,1820,46.10%,492,294,786
"Judge, County Criminal Court No. 15",0626,581,440,1021,2861,35.69%,577,381,958
"Judge, County Criminal Court No. 15",0627,346,322,668,3049,21.91%,242,395,637
Office,Precinct,Early Ballots Cast,Election Ballots Cast,Total Ballots Cast,Registered Voters,Percent Turnout,REP Jean Spradling Hughes,DEM Raul Rodriguez,Totals
"Judge, County Criminal Court No. 15",0628,152,219,371,1675,22.15%,200,161,361
"Judge, County Criminal Court No. 15",0629,37,53,90,696,12.93%,15,74,89
"Judge, County Criminal Court No. 15",0630,974,600,1574,3905,40.31%,129,1402,1531
"Judge, County Criminal Court No. 15",0631,822,404,1226,2846,43.08%,906,270,1176
"Judge, County Criminal Court No. 15",0632,7,4,11,343,3.21%,3,8,11
"Judge, County Criminal Court No. 15",0633,943,731,1674,3559,47.04%,1201,403,1604
"Judge, County Criminal Court No. 15",0634,458,442,900,3029,29.71%,598,270,868
"Judge, County Criminal Court No. 15",0635,743,485,1228,3393,36.19%,935,250,1185
"Judge, County Criminal Court No. 15",0636,836,874,1710,4140,41.30%,1481,172,1653
"Judge, County Criminal Court No. 15",0637,409,362,771,2512,30.69%,181,543,724
"Judge, County Criminal Court No. 15",0638,304,245,549,2204,24.91%,47,475,522
"Judge, County Criminal Court No. 15",0639,549,547,1096,2526,43.39%,887,164,1051
"Judge, County Criminal Court No. 15",0640,641,459,1100,3733,29.47%,703,357,1060
"Judge, County Criminal Court No. 15",0641,649,596,1245,3650,34.11%,836,360,1196
"Judge, County Criminal Court No. 15",0642,471,394,865,1764,49.04%,697,125,822
"Judge, County Criminal Court No. 15",0643,934,653,1587,5945,26.69%,639,895,1534
"Judge, County Criminal Court No. 15",0644,1019,823,1842,5523,33.35%,1236,524,1760
"Judge, County Criminal Court No. 15",0645,654,594,1248,4185,29.82%,690,504,1194
"Judge, County Criminal Court No. 15",0646,364,287,651,2220,29.32%,215,398,613
"Judge, County Criminal Court No. 15",0647,904,470,1374,6084,22.58%,397,862,1259
"Judge, County Criminal Court No. 15",0648,838,579,1417,3367,42.08%,1034,334,1368
"Judge, County Criminal Court No. 15",0649,687,434,1121,4576,24.50%,364,682,1046
"Judge, County Criminal Court No. 15",0650,906,766,1672,3888,43.00%,1232,360,1592
"Judge, County Criminal Court No. 15",0651,963,766,1729,5128,33.72%,1120,533,1653
"Judge, County Criminal Court No. 15",0652,467,515,982,2815,34.88%,177,766,943
"Judge, County Criminal Court No. 15",0653,0,4,4,0,0.00%,0,4,4
"Judge, County Criminal Court No. 15",0654,950,1005,1955,6208,31.49%,1065,813,1878
"Judge, County Criminal Court No. 15",0655,1116,1079,2195,6855,32.02%,1377,729,2106
"Judge, County Criminal Court No. 15",0656,579,393,972,2674,36.35%,39,904,943
"Judge, County Criminal Court No. 15",0657,246,172,418,1292,32.35%,171,229,400
"Judge, County Criminal Court No. 15",0658,540,426,966,2807,34.41%,641,300,941
"Judge, County Criminal Court No. 15",0659,1149,788,1937,4856,39.89%,1408,465,1873
"Judge, County Criminal Court No. 15",0660,950,825,1775,5372,33.04%,168,1558,1726
Office,Precinct,Early Ballots Cast,Election Ballots Cast,Total Ballots Cast,Registered Voters,Percent Turnout,REP Jean Spradling Hughes,DEM Raul Rodriguez,Totals
"Judge, County Criminal Court No. 15",0661,675,765,1440,4567,31.53%,859,527,1386
"Judge, County Criminal Court No. 15",0662,1148,890,2038,4874,41.81%,1649,319,1968
"Judge, County Criminal Court No. 15",0663,717,797,1514,3346,45.25%,787,613,1400
"Judge, County Criminal Court No. 15",0664,352,250,602,2869,20.98%,130,442,572
"Judge, County Criminal Court No. 15",0665,482,348,830,2154,38.53%,705,95,800
"Judge, County Criminal Court No. 15",0666,0,0,0,0,0.00%,0,0,0
"Judge, County Criminal Court No. 15",0667,488,502,990,2149,46.07%,785,162,947
"Judge, County Criminal Court No. 15",0668,399,509,908,2775,32.72%,600,282,882
"Judge, County Criminal Court No. 15",0669,850,738,1,588,3425,46.36%,1160,357,1517
"Judge, County Criminal Court No. 15",0670,955,471,1427,2983,47.84%,1152,213,1365
"Judge, County Criminal Court No. 15",0671,403,565,968,3037,31.87%,598,327,925
"Judge, County Criminal Court No. 15",0672,959,862,1821,5706,31.91%,1250,512,1762
"Judge, County Criminal Court No. 15",0673,729,516,1245,2995,41.57%,1001,188,1189
"Judge, County Criminal Court No. 15",0674,1071,618,1689,4091,41.29%,1285,340,1625
"Judge, County Criminal Court No. 15",0675,0,1,1,0,0.00%,1,0,1
"Judge, County Criminal Court No. 15",0676,0,0,0,0,0.00%,0,0,0
"Judge, County Criminal Court No. 15",0677,127,127,254,1266,20.06%,92,148,240
"Judge, County Criminal Court No. 15",0678,166,108,274,735,37.28%,185,68,253
"Judge, County Criminal Court No. 15",0679,635,520,1155,3381,34.16%,891,213,1104
"Judge, County Criminal Court No. 15",0680,21,14,35,162,21.60%,14,21,35
"Judge, County Criminal Court No. 15",0681,1,0,1,5,20.00%,1,0,1
"Judge, County Criminal Court No. 15",0682,711,654,1365,4216,32.38%,1016,299,1315
"Judge, County Criminal Court No. 15",0683,29,20,49,276,17.75%,8,38,46
"Judge, County Criminal Court No. 15",0684,27,22,49,223,21.97%,26,20,46
"Judge, County Criminal Court No. 15",0685,110,29,139,307,45.28%,62,66,128
"Judge, County Criminal Court No. 15",0686,17,12,29,208,13.94%,12,16,28
"Judge, County Criminal Court No. 15",0687,549,537,1085,2609,41.63%,742,278,1020
"Judge, County Criminal Court No. 15",0688,999,617,1616,3504,46.12%,1303,242,1545
"Judge, County Criminal Court No. 15",0689,211,387,598,2346,25.49%,310,259,569
"Judge, County Criminal Court No. 15",0690,926,1104,2030,5102,39.79%,1660,301,1961
"Judge, County Criminal Court No. 15",0691,2,5,7,25,28.00%,3,4,7
"Judge, County Criminal Court No. 15",0692,444,548,992,2847,34.84%,762,187,949
"Judge, County Criminal Court No. 15",0693,167,91,258,666,38.74%,72,174,246
Office,Precinct,Early Ballots Cast,Election Ballots Cast,Total Ballots Cast,Registered Voters,Percent Turnout,REP Jean Spradling Hughes,DEM Raul Rodriguez,Totals
"Judge, County Criminal Court No. 15",0694,260,120,380,845,44.97%,263,91,354
"Judge, County Criminal Court No. 15",0695,232,193,425,1724,24.65%,277,132,409
"Judge, County Criminal Court No. 15",0696,261,207,468,1982,23.61%,304,140,444
"Judge, County Criminal Court No. 15",0697,605,613,1218,4413,27.60%,301,868,1169
"Judge, County Criminal Court No. 15",0698,448,489,937,3189,29.38%,97,810,907
"Judge, County Criminal Court No. 15",0699,568,414,982,2343,41.91%,680,237,917
"Judge, County Criminal Court No. 15",0700,255,251,506,1371,36.91%,425,56,481
"Judge, County Criminal Court No. 15",0701,56,43,99,588,16.84%,63,32,95
"Judge, County Criminal Court No. 15",0702,54,70,134,539,24.86%,17,115,132
"Judge, County Criminal Court No. 15",0703,372,490,862,1882,45.80%,647,173,820
"Judge, County Criminal Court No. 15",0704,569,599,1168,3064,38.12%,953,165,1118
"Judge, County Criminal Court No. 15",0705,114,113,227,1523,14.90%,33,183,216
"Judge, County Criminal Court No. 15",0706,115,71,186,610,30.49%,97,77,174
"Judge, County Criminal Court No. 15",0707,153,86,239,707,33.80%,155,70,225
"Judge, County Criminal Court No. 15",0708,54,52,106,563,18.83%,47,48,95
"Judge, County Criminal Court No. 15",0709,1375,947,2322,6848,33.91%,1418,830,2248
"Judge, County Criminal Court No. 15",0710,371,462,833,2082,40.01%,460,308,768
"Judge, County Criminal Court No. 15",0711,702,506,1208,3484,34.67%,759,378,1137
"Judge, County Criminal Court No. 15",0712,491,463,954,3670,25.99%,412,526,938
"Judge, County Criminal Court No. 15",0713,228,262,490,1907,25.69%,253,213,466
"Judge, County Criminal Court No. 15",0714,35,19,55,296,18.58%,33,20,53
"Judge, County Criminal Court No. 15",0715,176,187,363,1408,25.78%,210,134,344
"Judge, County Criminal Court No. 15",0716,449,407,856,2680,31.94%,615,217,832
"Judge, County Criminal Court No. 15",0717,373,250,623,2002,31.12%,70,537,607
"Judge, County Criminal Court No. 15",0718,1017,806,1823,4229,43.11%,1302,412,1714
"Judge, County Criminal Court No. 15",0719,247,137,384,1589,24.17%,234,132,366
"Judge, County Criminal Court No. 15",0720,994,780,1774,4282,41.43%,1347,360,1707
"Judge, County Criminal Court No. 15",0721,754,532,1286,2870,44.81%,867,348,1215
"Judge, County Criminal Court No. 15",0722,871,494,1365,4479,30.48%,100,1212,1312
"Judge, County Criminal Court No. 15",0723,401,202,603,1858,32.45%,133,446,579
"Judge, County Criminal Court No. 15",0724,151,128,279,766,36.42%,217,49,266
"Judge, County Criminal Court No. 15",0725,423,237,660,2237,29.50%,311,329,640
"Judge, County Criminal Court No. 15",0726,592,402,994,2087,47.63%,877,91,968
Office,Precinct,Early Ballots Cast,Election Ballots Cast,Total Ballots Cast,Registered Voters,Percent Turnout,REP Jean Spradling Hughes,DEM Raul Rodriguez,Totals
"Judge, County Criminal Court No. 15",0727,338,290,628,2488,25.24%,212,378,590
"Judge, County Criminal Court No. 15",0728,209,151,360,880,40.91%,231,105,336
"Judge, County Criminal Court No. 15",0729,136,59,195,464,42.03%,121,67,188
"Judge, County Criminal Court No. 15",0730,428,359,787,1747,45.05%,526,212,738
"Judge, County Criminal Court No. 15",0731,58,27,85,352,24.15%,25,57,82
"Judge, County Criminal Court No. 15",0732,441,324,765,1924,39.76%,483,238,721
"Judge, County Criminal Court No. 15",0733,13,7,20,215,9.30%,7,11,18
"Judge, County Criminal Court No. 15",0734,1558,962,2520,7005,35.97%,1737,700,2437
"Judge, County Criminal Court No. 15",0735,8,0,6,18,33.33%,6,0,6
"Judge, County Criminal Court No. 15",0736,3,1,4,22,18.18%,0,3,3
"Judge, County Criminal Court No. 15",0737,11,7,18,51,35.29%,13,5,18
"Judge, County Criminal Court No. 15",0738,139,100,239,1361,17.56%,47,184,231
"Judge, County Criminal Court No. 15",0739,353,301,654,2955,22.13%,343,286,629
"Judge, County Criminal Court No. 15",0740,96,98,194,939,20.66%,128,56,184
"Judge, County Criminal Court No. 15",0741,0,1,1,0,0.00%,0,1,1
"Judge, County Criminal Court No. 15",0742,0,11,11,0,0.00%,6,5,11
"Judge, County Criminal Court No. 15",0743,15,18,33,210,15.71%,18,13,31
"Judge, County Criminal Court No. 15",0744,456,392,848,2027,41.84%,566,228,794
"Judge, County Criminal Court No. 15",0745,683,372,1055,2494,42.30%,663,333,996
"Judge, County Criminal Court No. 15",0746,114,77,191,691,27.64%,94,93,187
"Judge, County Criminal Court No. 15",0747,550,467,1017,3743,27.17%,503,482,985
"Judge, County Criminal Court No. 15",0748,170,140,310,1403,22.10%,161,135,296
"Judge, County Criminal Court No. 15",0749,30,17,47,377,12.47%,9,36,45
"Judge, County Criminal Court No. 15",0750,111,96,207,767,26.99%,128,75,203
"Judge, County Criminal Court No. 15",0751,925,964,1889,5084,37.16%,1264,543,1807
"Judge, County Criminal Court No. 15",0752,286,200,486,1483,32.77%,376,89,465
"Judge, County Criminal Court No. 15",0753,55,73,128,259,49.42%,79,42,121
"Judge, County Criminal Court No. 15",0754,0,0,0,0,0.00%,0,0,0
"Judge, County Criminal Court No. 15",0755,442,584,1026,4294,23.89%,453,532,985
"Judge, County Criminal Court No. 15",0756,251,177,428,1600,26.75%,177,233,410
"Judge, County Criminal Court No. 15",0757,520,508,1028,4035,25.48%,192,801,993
"Judge, County Criminal Court No. 15",0758,1114,692,1806,4096,44.09%,1468,273,1741
"Judge, County Criminal Court No. 15",0759,465,413,878,2730,32.16%,568,274,842
Office,Precinct,Early Ballots Cast,Election Ballots Cast,Total Ballots Cast,Registered Voters,Percent Turnout,REP Jean Spradling Hughes,DEM Raul Rodriguez,Totals
"Judge, County Criminal Court No. 15",0760,1432,639,2071,4367,47.42%,1739,236,1975
"Judge, County Criminal Court No. 15",0761,548,253,801,1550,51.68%,569,173,742
"Judge, County Criminal Court No. 15",0762,0,0,0,0,0.00%,0,0,0
"Judge, County Criminal Court No. 15",0763,108,146,254,1212,20.96%,100,143,243
"Judge, County Criminal Court No. 15",0764,1133,774,1907,5217,36.55%,1218,621,1839
"Judge, County Criminal Court No. 15",0765,647,426,1073,4055,26.46%,465,556,1021
"Judge, County Criminal Court No. 15",0766,40,25,65,392,16.58%,16,42,58
"Judge, County Criminal Court No. 15",0767,10,2,12,86,13.95%,6,6,12
"Judge, County Criminal Court No. 15",0768,1359,1015,2374,5857,40.53%,1953,353,2306
"Judge, County Criminal Court No. 15",0769,54,16,70,183,38.25%,3,66,69
"Judge, County Criminal Court No. 15",0770,31,25,56,323,17.34%,26,26,52
"Judge, County Criminal Court No. 15",0771,324,254,578,2426,23.83%,347,208,555
"Judge, County Criminal Court No. 15",0772,1792,851,2643,5709,46.30%,2046,464,2510
"Judge, County Criminal Court No. 15",0773,473,312,785,2918,26.90%,221,499,720
"Judge, County Criminal Court No. 15",0774,30,41,71,378,18.78%,15,54,69
"Judge, County Criminal Court No. 15",0775,18,3,21,92,22.83%,0,20,20
"Judge, County Criminal Court No. 15",0776,551,496,1047,3053,34.29%,626,375,1001
"Judge, County Criminal Court No. 15",0777,46,40,86,652,13.19%,31,54,85
"Judge, County Criminal Court No. 15",0778,0,0,0,0,0.00%,0,0,0
"Judge, County Criminal Court No. 15",0779,64,51,115,940,12.23%,40,71,111
"Judge, County Criminal Court No. 15",0780,63,59,122,595,20.50%,73,45,118
"Judge, County Criminal Court No. 15",0781,666,273,939,3603,26.06%,428,416,844
"Judge, County Criminal Court No. 15",0782,368,370,738,2236,33.01%,466,240,706
"Judge, County Criminal Court No. 15",0783,49,13,62,294,21.09%,46,13,59
"Judge, County Criminal Court No. 15",0784,208,128,336,1079,31.14%,8,312,320
"Judge, County Criminal Court No. 15",0785,28,25,53,296,17.91%,31,22,53
"Judge, County Criminal Court No. 15",0786,100,98,198,1251,15.83%,73,119,192
"Judge, County Criminal Court No. 15",0787,46,52,98,488,20.08%,34,61,95
"Judge, County Criminal Court No. 15",0788,74,32,106,454,23.35%,52,51,103
"Judge, County Criminal Court No. 15",0789,0,3,3,3,100.00%,1,2,3
"Judge, County Criminal Court No. 15",0790,0,0,0,3,0.00%,0,0,0
"Judge, County Criminal Court No. 15",0791,0,0,0,0,0.00%,0,0,0
"Judge, County Criminal Court No. 15",0792,269,239,508,1865,27.24%,122,362,484
Office,Precinct,Early Ballots Cast,Election Ballots Cast,Total Ballots Cast,Registered Voters,Percent Turnout,REP Jean Spradling Hughes,DEM Raul Rodriguez,Totals
"Judge, County Criminal Court No. 15",0793,448,247,695,2484,27.98%,411,261,672
"Judge, County Criminal Court No. 15",0794,124,144,268,2710,9.89%,34,226,260
"Judge, County Criminal Court No. 15",0795,90,125,215,1217,17.67%,76,128,204
"Judge, County Criminal Court No. 15",0796,83,51,134,476,28.15%,77,52,129
"Judge, County Criminal Court No. 15",0797,0,0,0,0,0.00%,0,0,0
"Judge, County Criminal Court No. 15",0798,99,111,210,500,42.00%,83,115,198
"Judge, County Criminal Court No. 15",0799,28,15,43,161,26.71%,8,35,43
"Judge, County Criminal Court No. 15",0800,588,642,1230,2932,41.95%,844,325,1169
"Judge, County Criminal Court No. 15",0801,32,14,46,258,17.83%,16,26,42
"Judge, County Criminal Court No. 15",0802,51,27,78,312,25.00%,14,62,76
"Judge, County Criminal Court No. 15",0803,725,511,1236,2893,42.72%,928,268,1196
"Judge, County Criminal Court No. 15",0804,932,591,1523,4768,31.94%,970,506,1476
"Judge, County Criminal Court No. 15",0805,765,533,1298,2866,45.29%,1064,184,1248
"Judge, County Criminal Court No. 15",0806,0,0,0,0,0.00%,0,0,0
"Judge, County Criminal Court No. 15",0807,211,204,415,2028,20.46%,92,305,397
"Judge, County Criminal Court No. 15",0808,12,17,29,131,22.14%,8,19,27
"Judge, County Criminal Court No. 15",0809,7,6,13,92,14.13%,5,6,11
"Judge, County Criminal Court No. 15",0810,9,16,25,211,11.85%,7,17,24
"Judge, County Criminal Court No. 15",0811,29,50,79,270,29.26%,25,53,78
"Judge, County Criminal Court No. 15",0812,0,0,0,0,0.00%,0,0,0
"Judge, County Criminal Court No. 15",0813,938,761,1699,5807,29.26%,847,798,1645
"Judge, County Criminal Court No. 15",0814,673,533,1206,5102,23.64%,308,856,1164
"Judge, County Criminal Court No. 15",0815,0,0,0,0,0.00%,0,0,0
"Judge, County Criminal Court No. 15",0816,10,0,10,73,13.70%,3,7,10
"Judge, County Criminal Court No. 15",0817,0,0,0,0,0.00%,0,0,0
"Judge, County Criminal Court No. 15",0818,86,39,125,616,20.29%,29,91,120
"Judge, County Criminal Court No. 15",0819,64,30,94,240,39.17%,52,30,82
"Judge, County Criminal Court No. 15",0820,0,0,0,0,0.00%,0,0,0
"Judge, County Criminal Court No. 15",0821,124,120,244,1242,19.65%,30,205,235
"Judge, County Criminal Court No. 15",0822,332,167,499,1535,32.51%,15,467,482
"Judge, County Criminal Court No. 15",0823,821,564,1385,5087,27.23%,811,529,1340
"Judge, County Criminal Court No. 15",0824,428,282,710,2700,26.30%,162,527,689
"Judge, County Criminal Court No. 15",0825,0,0,0,0,0.00%,0,0,0
Office,Precinct,Early Ballots Cast,Election Ballots Cast,Total Ballots Cast,Registered Voters,Percent Turnout,REP Jean Spradling Hughes,DEM Raul Rodriguez,Totals
"Judge, County Criminal Court No. 15",0828,73,50,123,358,34.38%,88,45,113
"Judge, County Criminal Court No. 15",0827,80,98,158,979,18.14%,72,81,153
"Judge, County Criminal Court No. 15",0828,541,388,929,1918,48.49%,757,128,883
"Judge, County Criminal Court No. 15",0829,54,22,78,284,28.79%,19,58,75
"Judge, County Criminal Court No. 15",0830,0,0,0,2,0.00%,0,0,0
"Judge, County Criminal Court No. 15",0831,0,0,0,0,0.00%,0,0,0
"Judge, County Criminal Court No. 15",0832,34,28,82,352,17.81%,19,41,80
"Judge, County Criminal Court No. 15",0833,0,1,1,20,5.00%,0,1,1
"Judge, County Criminal Court No. 15",0834,0,0,0,0,0.00%,0,0,0
"Judge, County Criminal Court No. 15",0835,38,19,57,290,19.88%,14,37,51
"Judge, County Criminal Court No. 15",0838,3,0,3,19,15.79%,0,3,3
"Judge, County Criminal Court No. 15",0837,0,0,0,0,0.00%,0,0,0
"Judge, County Criminal Court No. 15",0838,0,0,0,0,0.00%,0,0,0
"Judge, County Criminal Court No. 15",0839,138,118,254,1128,22.52%,53,190,243
"Judge, County Criminal Court No. 15",0840,381,174,555,1705,32.55%,198,344,540
"Judge, County Criminal Court No. 15",0841,0,0,0,0,0.00%,0,0,0
"Judge, County Criminal Court No. 15",0842,421,434,855,3259,28.24%,398,425,821
"Judge, County Criminal Court No. 15",0843,0,1,1,0,0.00%,0,1,1
"Judge, County Criminal Court No. 15",0844,1,0,1,11,9.09%,0,1,1
"Judge, County Criminal Court No. 15",0845,54,9,83,134,47.01%,39,21,80
"Judge, County Criminal Court No. 15",0848,23,24,47,229,20.52%,4,42,48
"Judge, County Criminal Court No. 15",0847,305,211,518,2015,25.81%,145,358,501
"Judge, County Criminal Court No. 15",0848,489,288,755,1858,40.88%,227,489,718
"Judge, County Criminal Court No. 15",0849,201,291,492,2124,23.18%,185,291,478
"Judge, County Criminal Court No. 15",0850,48,41,87,210,41.43%,28,57,85
"Judge, County Criminal Court No. 15",0851,1029,857,1888,4709,35.80%,1143,489,1812
"Judge, County Criminal Court No. 15",0852,0,0,0,1,0.00%,0,0,0
"Judge, County Criminal Court No. 15",0853,575,820,1298,2882,44.97%,1002,233,1235
"Judge, County Criminal Court No. 15",0854,15,28,41,172,23.84%,5,35,40
"Judge, County Criminal Court No. 15",0855,5,9,14,18,87.50%,5,8,13
"Judge, County Criminal Court No. 15",0858,0,1,1,0,0.00%,0,1,1
"Judge, County Criminal Court No. 15",0857,0,0,0,1,0.00%,0,0,0
"Judge, County Criminal Court No. 15",0858,83,34,97,343,28.28%,3,90,93
Office,Precinct,Early Ballots Cast,Election Ballots Cast,Total Ballots Cast,Registered Voters,Percent Turnout,REP Jean Spradling Hughes,DEM Raul Rodriguez,Totals
"Judge, County Criminal Court No. 15",0859,157,106,263,890,29.55%,69,187,256
"Judge, County Criminal Court No. 15",0860,0,0,0,0,0.00%,0,0,0
"Judge, County Criminal Court No. 15",0861,315,199,514,1842,27.90%,87,411,498
"Judge, County Criminal Court No. 15",0862,0,0,0,0,0.00%,0,0,0
"Judge, County Criminal Court No. 15",0863,101,54,155,584,26.54%,9,145,154
"Judge, County Criminal Court No. 15",0864,193,299,492,2569,19.15%,138,332,470
"Judge, County Criminal Court No. 15",0865,2,3,5,21,23.81%,0,5,5
"Judge, County Criminal Court No. 15",0866,0,0,0,0,0.00%,0,0,0
"Judge, County Criminal Court No. 15",0867,0,0,0,0,0.00%,0,0,0
"Judge, County Criminal Court No. 15",0868,236,271,507,2326,21.80%,162,329,491
"Judge, County Criminal Court No. 15",0869,53,39,92,470,19.57%,26,65,91
"Judge, County Criminal Court No. 15",0870,0,0,0,0,0.00%,0,0,0
"Judge, County Criminal Court No. 15",0871,1,0,1,3,33.33%,0,1,1
"Judge, County Criminal Court No. 15",0872,5,3,8,59,13.56%,4,4,8
"Judge, County Criminal Court No. 15",0873,98,75,173,737,23.47%,46,124,170
"Judge, County Criminal Court No. 15",0874,763,707,1470,3223,45.61%,1117,293,1410
"Judge, County Criminal Court No. 15",0875,904,527,1431,5147,27.80%,707,674,1381
"Judge, County Criminal Court No. 15",0876,698,641,1339,3265,41.01,%,1035,260,1295
"Judge, County Criminal Court No. 15",0877,476,382,858,3032,28.30%,350,486,836
"Judge, County Criminal Court No. 15",0878,427,354,781,1666,46.88%,660,101,761
"Judge, County Criminal Court No. 15",0879,407,294,701,2667,26.28%,358,311,669
"Judge, County Criminal Court No. 15",0880,543,447,990,2352,42.09%,806,151,957
"Judge, County Criminal Court No. 15",0881,593,540,1133,4479,25.30%,398,706,1104
"Judge, County Criminal Court No. 15",0882,426,291,717,2422,29.60%,434,255,689
"Judge, County Criminal Court No. 15",0883,643,702,1345,5408,24.87%,249,1059,1308
"Judge, County Criminal Court No. 15",0884,57,25,82,377,21.75%,9,71,80
"Judge, County Criminal Court No. 15",0885,562,368,930,2619,35.51%,554,352,906
"Judge, County Criminal Court No. 15",0886,128,108,236,675,34.96%,141,80,221
"Judge, County Criminal Court No. 15",0887,50,67,117,418,27.99%,56,52,108
"Judge, County Criminal Court No. 15",0888,0,3,3,0,0.00%,2,1,3
"Judge, County Criminal Court No. 15",0889,14,0,14,57,24.56%,5,8,13
"Judge, County Criminal Court No. 15",0890,164,103,267,1095,24.38%,95,153,248
"Judge, County Criminal Court No. 15",0891,317,243,560,1331,42.07%,221,295,516
Office,Precinct,Early Ballots Cast,Election Ballots Cast,Total Ballots Cast,Registered Voters,Percent Turnout,REP Jean Spradling Hughes,DEM Raul Rodriguez,Totals
"Judge, County Criminal Court No. 15",0892,115,86,201,808,24.88%,74,116,190
"Judge, County Criminal Court No. 15",0893,0,2,2,6,33.33%,0,2,2
"Judge, County Criminal Court No. 15",0894,0,3,3,0,0.00%,2,1,3
"Judge, County Criminal Court No. 15",0895,156,286,442,793,55.74%,185,203,388
"Judge, County Criminal Court No. 15",0896,370,297,667,1459,45.72%,263,349,612
"Judge, County Criminal Court No. 15",0897,252,297,549,1701,32.28%,323,205,528
"Judge, County Criminal Court No. 15",0898,0,0,0,3,0.00%,0,0,0
"Judge, County Criminal Court No. 15",0899,2,0,2,8,25.00%,0,2,2
"Judge, County Criminal Court No. 15",0900,0,2,2,10,20.00%,1,1,2
"Judge, County Criminal Court No. 15",0901,0,0,0,0,0.00%,0,0,0
"Judge, County Criminal Court No. 15",0902,394,486,880,2139,41.14%,500,320,820
"Judge, County Criminal Court No. 15",0903,3,7,10,50,20.00%,2,6,8
"Judge, County Criminal Court No. 15",0904,1,0,1,7,14.29%,1,0,1
"Judge, County Criminal Court No. 15",0905,123,100,223,904,24.67%,98,114,212
"Judge, County Criminal Court No. 15",0906,8,6,14,25,56.00%,7,5,12
"Judge, County Criminal Court No. 15",0907,12,19,31,181,17.13%,6,25,31
"Judge, County Criminal Court No. 15",0908,0,1,1,0,0.00%,0,1,1
"Judge, County Criminal Court No. 15",0909,2,1,3,18,16.67%,0,3,3
"Judge, County Criminal Court No. 15",0910,25,24,49,217,22.58%,19,26,45
"Judge, County Criminal Court No. 15",0911,118,60,178,551,32.30%,121,50,171
"Judge, County Criminal Court No. 15",0912,316,201,517,1273,40.61%,339,152,491
"Judge, County Criminal Court No. 15",0913,0,0,0,0,0.00%,0,0,0
"Judge, County Criminal Court No. 15",0914,169,179,348,701,49.64%,283,52,335
"Judge, County Criminal Court No. 15",0915,0,0,0,0,0.00%,0,0,0
"Judge, County Criminal Court No. 15",0916,417,240,657,1491,44.06%,528,105,633
"Judge, County Criminal Court No. 15",0917,177,62,239,483,49.48%,159,64,223
"Judge, County Criminal Court No. 15",0918,304,168,472,883,53.45%,373,75,448
"Judge, County Criminal Court No. 15",0919,0,0,0,3,0.00%,0,0,0
"Judge, County Criminal Court No. 15",0920,22,12,34,71,47.89%,23,10,33
"Judge, County Criminal Court No. 15",0921,32,15,47,119,39.50%,33,13,46
"Judge, County Criminal Court No. 15",0922,0,0,0,0,0.00%,0,0,0
"Judge, County Criminal Court No. 15",0923,470,137,607,1511,40.17%,458,132,590
"Judge, County Criminal Court No. 15",0924,0,0,0,0,0.00%,0,0,0
Office,Precinct,Early Ballots Cast,Election Ballots Cast,Total Ballots Cast,Registered Voters,Percent Turnout,REP Jean Spradling Hughes,DEM Raul Rodriguez,Totals
"Judge, County Criminal Court No. 15",0925,0,0,0,0,0.00%,0,0,0
"Judge, County Criminal Court No. 15",0926,171,128,299,796,37.56%,224,64,288
"Judge, County Criminal Court No. 15",0927,44,30,74,270,27.41%,30,39,69
"Judge, County Criminal Court No. 15",0928,3,0,3,8,37.50%,0,3,3
"Judge, County Criminal Court No. 15",0929,0,0,0,0,0.00%,0,0,0
"Judge, County Criminal Court No. 15",0930,109,54,163,584,27.91%,5,154,159
"Judge, County Criminal Court No. 15",0931,30,40,70,130,53.85%,35,24,59
"Judge, County Criminal Court No. 15",0932,0,0,0,0,0.00%,0,0,0
"Judge, County Criminal Court No. 15",0933,115,85,200,627,31.90%,60,134,194
"Judge, County Criminal Court No. 15",0934,2,0,2,63,3.17%,1,1,2
"Judge, County Criminal Court No. 15",0935,3,2,5,54,9.26%,2,1,3
"Judge, County Criminal Court No. 15",0936,8,2,10,81,12.35%,3,7,10
"Judge, County Criminal Court No. 15",0937,0,0,0,0,0.00%,0,0,0
"Judge, County Criminal Court No. 15",0938,30,14,44,231,19.05%,15,28,43
"Judge, County Criminal Court No. 15",0939,0,0,0,2,0.00%,0,0,0
"Judge, County Criminal Court No. 15",0940,0,0,0,10,0.00%,0,0,0
"Judge, County Criminal Court No. 15",0941,9,10,19,25,76.00%,19,0,19
"Judge, County Criminal Court No. 15",0942,53,27,80,156,51.28%,68,7,75
"Judge, County Criminal Court No. 15",0943,164,80,244,547,44.61%,172,56,228
"Judge, County Criminal Court No. 15",0944,20,4,24,45,53.33%,20,0,20
"Judge, County Criminal Court No. 15",0945,1,2,3,17,17.65%,1,2,3
"Judge, County Criminal Court No. 15",0946,0,1,1,13,7.69%,0,1,1
"Judge, County Criminal Court No. 15",0947,177,246,423,799,52.94%,222,177,399
"Judge, County Criminal Court No. 15",0948,0,14,14,1,1400.00%,10,3,13
"Judge, County Criminal Court No. 15",0949,34,27,61,193,31.61%,32,29,61
"Judge, County Criminal Court No. 15",0950,0,0,0,1,0.00%,0,0,0
"Judge, County Criminal Court No. 15",0951,33,30,63,277,22.74%,16,46,62
"Judge, County Criminal Court No. 15",0952,15,15,31,71,43.66%,17,12,29
"Judge, County Criminal Court No. 15",0953,18,9,27,275,9.82%,4,22,26
"Judge, County Criminal Court No. 15",0954,0,0,0,1,0.00%,0,0,0
"Judge, County Criminal Court No. 15",0955,3,2,5,19,26.32%,4,1,5
"Judge, County Criminal Court No. 15",0956,2,4,6,11,54.55%,2,4,6
"Judge, County Criminal Court No. 15",0957,97,95,192,562,34.16%,23,168,191
Office,Precinct,Early Ballots Cast,Election Ballots Cast,Total Ballots Cast,Registered Voters,Percent Turnout,REP Jean Spradling Hughes,DEM Raul Rodriguez,Totals
"Judge, County Criminal Court No. 15",0958,81,129,210,1081,19.43%,53,151,204
"Judge, County Criminal Court No. 15",0959,0,0,0,0,0.00%,0,0,0
"Judge, County Criminal Court No. 15",0960,196,157,353,976,36.17%,75,267,342
"Judge, County Criminal Court No. 15",0961,15,0,16,56,28.57%,0,16,16
"Judge, County Criminal Court No. 15",0962,10,17,27,88,30.68%,5,22,27
"Judge, County Criminal Court No. 15",0963,54,41,105,426,24.65%,57,42,99
"Judge, County Criminal Court No. 15",0964,568,437,1005,2372,42.37%,619,351,970
"Judge, County Criminal Court No. 15",0965,31,21,52,343,15.16%,27,24,51
"Judge, County Criminal Court No. 15",0966,129,83,212,1148,18.47%,74,134,208
"Judge, County Criminal Court No. 15",0967,15,48,63,165,38.18%,18,44,62
"Judge, County Criminal Court No. 15",0968,119,30,149,692,21.53%,31,114,145
"Judge, County Criminal Court No. 15",0969,156,73,229,604,37.91%,0,225,225
"Judge, County Criminal Court No. 15",0970,83,36,119,731,16.28%,16,98,114
"Judge, County Criminal Court No. 15",0971,11,8,19,147,12.93%,1,16,17
"Judge, County Criminal Court No. 15",0972,e,8,14,31,45.16%,13,0,13
"Judge, County Criminal Court No. 15",0973,24,19,43,111,38.74%,20,19,39
"Judge, County Criminal Court No. 15",0974,57,36,93,299,31.10%,59,33,92
"Judge, County Criminal Court No. 15",0975,55,30,85,193,44.04%,39,40,79
"Judge, County Criminal Court No. 15",0976,58,62,130,683,19.03%,88,39,127
"Judge, County Criminal Court No. 15",0977,50,43,93,572,16.26%,40,52,92
"Judge, County Criminal Court No. 15",0978,77,79,156,546,28.57%,29,124,153
"Judge, County Criminal Court No. 15",0979,2,6,8,27,29.63%,4,3,7
"Judge, County Criminal Court No. 15",0980,280,321,601,1389,43.27%,454,118,572
"Judge, County Criminal Court No. 15",0981,0,0,0,0,0.00%,0,0,0
"Judge, County Criminal Court No. 15",0982,312,312,624,1567,39.82%,510,88,598
"Judge, County Criminal Court No. 15",0983,11,21,32,161,19.88%,20,10,30
"Judge, County Criminal Court No. 15",0984,18,9,27,192,14.06%,4,22,26
"Judge, County Criminal Court No. 15",0985,117,63,180,351,51.28%,97,71,168
"Judge, County Criminal Court No. 15",0986,43,30,73,463,15.77%,12,60,72
"Judge, County Criminal Court No. 15",0987,231,90,321,1155,27.79%,31,284,315
"Judge, County Criminal Court No. 15",0988,24,12,36,123,29.27%,33,3,36
"Judge, County Criminal Court No. 15",0989,e,6,12,43,27.91%,8,4,12
"Judge, County Criminal Court No. 15",0990,16,1,17,140,12.14%,9,7,16
Office,Precinct,Early Ballots Cast,Election Ballots Cast,Total Ballots Cast,Registered Voters,Percent Turnout,REP Jean Spradling Hughes,DEM Raul Rodriguez,Totals
"Judge, County Criminal Court No. 15",0991,0,0,0,1,0.00%,0,0,0
"Judge, County Criminal Court No. 15",0992,157,107,264,1048,25.19%,149,104,253
"Judge, County Criminal Court No. 15",0993,169,101,270,568,47.54%,224,38,262
"Judge, County Criminal Court No. 15",0994,e,5,11,25,44.00%,2,9,11
"Judge, County Criminal Court No. 15",0995,295,156,451,1393,32.38%,29,410,439
"Judge, County Criminal Court No. 15",0996,135,140,275,694,39.63%,160,94,254
"Judge, County Criminal Court No. 15",0997,101,163,264,1656,15.94%,60,200,260
"Judge, County Criminal Court No. 15",0998,5,1,6,57,10.53%,3,3,6
"Judge, County Criminal Court No. 15",0999,17,10,27,68,39.71%,23,3,26
"Judge, County Criminal Court No. 15",1000,42,6,48,405,11.85%,13,34,47
"Judge, County Criminal Court No. 15",1001,228,136,364,1565,23.26%,94,252,346
"Judge, County Criminal Court No. 15",1002,170,139,309,1744,17.72%,56,236,292
"Judge, County Criminal Court No. 15",1003,1,0,1,0,0.00%,1,0,1
"Judge, County Criminal Court No. 15",1004,111,139,250,654,38.23%,124,101,225
"Judge, County Criminal Court No. 15",1005,0,8,8,0,0.00%,3,4,7
"Judge, County Criminal Court No. 15",1006,1,0,1,5,20.00%,1,0,1
"Judge, County Criminal Court No. 15",1007,208,188,396,1547,25.60%,88,291,379
"Judge, County Criminal Court No. 15",1008,32,12,44,151,29.14%,34,8,42
"Judge, County Criminal Court No. 15",1009,0,0,0,9,0.00%,0,0,0
"Judge, County Criminal Court No. 15",1010,59,35,94,459,20.48%,16,75,91
"Judge, County Criminal Court No. 15",1011,8,1,9,26,34.62%,5,3,8
"Judge, County Criminal Court No. 15",1012,134,201,335,1365,24.54%,103,225,328
"Judge, County Criminal Court No. 15",1013,0,6,6,58,10.34%,3,3,6
"Judge, County Criminal Court No. 15",1014,4,6,10,31,32.26%,1,9,10
"Judge, County Criminal Court No. 15",1015,5,4,9,25,36.00%,2,6,8
"Judge, County Criminal Court No. 15",1016,252,212,464,1691,27.44%,228,220,448
"Judge, County Criminal Court No. 15",1017,61,44,105,330,31.82%,32,71,103
"Judge, County Criminal Court No. 15",1018,93,64,157,494,31.78%,71,82,153
"Judge, County Criminal Court No. 15",1019,130,107,237,1456,16.28%,13,220,233
"Judge, County Criminal Court No. 15",1020,0,0,0,1,0.00%,0,0,0
"Judge, County Criminal Court No. 15",1021,0,0,0,2,0.00%,0,0,0
"Judge, County Criminal Court No. 15",1022,97,79,176,441,39.91%,131,33,164
"Judge, County Criminal Court No. 15",1023,430,315,745,2026,36.77%,536,178,714
Office,Precinct,Early Ballots Cast,Election Ballots Cast,Total Ballots Cast,Registered Voters,Percent Turnout,REP Jean Spradling Hughes,DEM Raul Rodriguez,Totals
"Judge, County Criminal Court No. 15",1024,55,61,116,249,46.59%,64,42,106
"Judge, County Criminal Court No. 15",1025,0,1,1,14,7.14%,1,0,1
"Judge, County Criminal Court No. 15",1026,0,0,0,0,0.00%,0,0,0
"Judge, County Criminal Court No. 15",1027,1,0,1,8,12.50%,0,1,1
"Judge, County Criminal Court No. 15",1028,0,0,0,0,0.00%,0,0,0
"Judge, County Criminal Court No. 15",1029,537,719,1256,2927,42.91%,995,203,1198
"Judge, County Criminal Court No. 15",1030,231,151,382,785,48.66%,337,40,377
"Judge, County Criminal Court No. 15",1031,59,71,130,792,16.41%,35,87,122
"Judge, County Criminal Court No. 15",1032,31,25,56,244,22.95%,35,17,52
"Judge, County Criminal Court No. 15",1033,0,0,0,0,0.00%,0,0,0
"Judge, County Criminal Court No. 15",1034,0,0,0,0,0.00%,0,0,0
"Judge, County Criminal Court No. 15",1035,2,4,6,138,4.35%,1,4,5
"Judge, County Criminal Court No. 15",1036,65,24,89,449,19.82%,73,14,87
"Judge, County Criminal Court No. 15",1037,19,11,30,76,39.47%,17,10,27
"Judge, County Criminal Court No. 15",1038,62,6,68,327,20.80%,10,54,64
"Judge, County Criminal Court No. 15",1039,2,0,2,25,8.00%,0,2,2
"Judge, County Criminal Court No. 15",1040,91,66,157,771,20.36%,72,78,150
"Judge, County Criminal Court No. 15",1041,0,2,2,0,0.00%,1,1,2
"Judge, County Criminal Court No. 15",1042,105,67,172,521,33.01%,53,112,165
"Judge, County Criminal Court No. 15",1043,6,6,12,33,36.36%,4,8,12
"Judge, County Criminal Court No. 15",1044,16,6,22,55,40.00%,7,14,21
"Judge, County Criminal Court No. 15",1045,197,173,370,1788,20.69%,55,303,358
"Judge, County Criminal Court No. 15",1046,11,5,16,62,25.81%,1,15,16
"Judge, County Criminal Court No. 15",1047,255,186,441,1568,28.13%,163,265,428
"Judge, County Criminal Court No. 15",1048,1,0,1,17,5.88%,1,0,1
"Judge, County Criminal Court No. 15",1049,14,45,59,290,20.34%,20,37,57
"Judge, County Criminal Court No. 15",1050,60,63,123,537,22.91%,32,85,117
"Judge, County Criminal Court No. 15",1051,0,31,31,0,0.00%,18,11,29
"Judge, County Criminal Court No. 15",1052,0,0,0,0,0.00%,0,0,0
"Judge, County Criminal Court No. 15",1053,0,0,0,0,0.00%,0,0,0
"Judge, County Criminal Court No. 15",1054,0,0,0,1,0.00%,0,0,0
"Judge, County Criminal Court No. 15",1055,0,0,0,0,0.00%,0,0,0
"Judge, County Criminal Court No. 15",1056,4,2,6,8,75.00%,0,6,6
Office,Precinct,Early Ballots Cast,Election Ballots Cast,Total Ballots Cast,Registered Voters,Percent Turnout,REP Jean Spradling Hughes,DEM Raul Rodriguez,Totals
"Judge, County Criminal Court No. 15",1057,7,9,16,118,13.56%,2,13,15
"Judge, County Criminal Court No. 15",1058,241,285,526,1243,42.32%,102,411,513
"Judge, County Criminal Court No. 15",1059,3,3,6,28,21.43%,1,5,6
"Judge, County Criminal Court No. 15",1060,5,2,7,42,16.67%,5,2,7
"Judge, County Criminal Court No. 15",1061,332,184,516,1716,30.07%,276,218,494
"Judge, County Criminal Court No. 15",1062,17,6,23,201,11.44%,4,16,20
"Judge, County Criminal Court No. 15",1063,66,59,125,857,14.59%,18,102,120
"Judge, County Criminal Court No. 15",1064,25,11,36,119,30.25%,30,6,36
"Judge, County Criminal Court No. 15",1065,1,0,1,28,3.57%,0,1,1
"Judge, County Criminal Court No. 15",1066,72,0,72,229,31.44%,3,65,68
"Judge, County Criminal Court No. 15",1067,0,0,0,0,0.00%,0,0,0
"Judge, County Criminal Court No. 15",1068,22,8,30,121,24.79%,12,17,29
"Judge, County Criminal Court No. 15",1069,434,256,690,2580,26.74%,318,326,644
"Judge, County Criminal Court No. 15",Totals:,378846,308736,687582,2044361,360974,293690,654664
