Office,Precinct,Early Ballots Cast,Election Ballots Cast,Total Ballots Cast,Registered Voters,Percent Turnout,REP Linda Storey,DEM Gloria Cantu Minnick,Totals
"Judge, County Court at Law No. 3",0001,417,466,883,2358,37.45%,288,535,823
"Judge, County Court at Law No. 3",0002,333,313,646,1961,32.94%,258,343,601
"Judge, County Court at Law No. 3",0003,325,405,731,1560,46.86%,248,405,653
"Judge, County Court at Law No. 3",0004,369,487,856,1668,51.32%,283,496,779
"Judge, County Court at Law No. 3",0005,279,448,727,1417,51.31%,237,425,662
"Judge, County Court at Law No. 3",0006,656,456,1112,3702,30.04%,640,436,1076
"Judge, County Court at Law No. 3",0007,209,110,319,1017,31.37%,13,294,307
"Judge, County Court at Law No. 3",0008,393,310,703,1744,40.31%,357,314,671
"Judge, County Court at Law No. 3",0009,206,223,429,1874,22.89%,115,281,396
"Judge, County Court at Law No. 3",0010,255,171,426,1753,24.30%,122,273,395
"Judge, County Court at Law No. 3",0011,184,176,360,1785,20.17%,69,264,333
"Judge, County Court at Law No. 3",0012,86,66,152,735,20.68%,88,60,148
"Judge, County Court at Law No. 3",0013,548,361,909,2689,33.80%,661,206,867
"Judge, County Court at Law No. 3",0014,442,495,937,1870,50.11%,481,393,874
"Judge, County Court at Law No. 3",0015,597,898,1495,2878,51.95%,815,545,1360
"Judge, County Court at Law No. 3",0016,239,137,376,1071,35.11%,163,187,350
"Judge, County Court at Law No. 3",0017,185,215,400,1162,34.42%,175,197,372
"Judge, County Court at Law No. 3",0018,371,351,722,1443,50.03%,319,344,663
"Judge, County Court at Law No. 3",0019,170,207,377,1170,32.22%,110,240,350
"Judge, County Court at Law No. 3",0020,311,287,598,2646,22.60%,173,396,569
"Judge, County Court at Law No. 3",0021,176,184,360,1122,32.09%,68,271,339
"Judge, County Court at Law No. 3",0022,397,322,719,2473,29.07%,132,560,692
"Judge, County Court at Law No. 3",0023,31,22,53,541,9.80%,10,40,50
"Judge, County Court at Law No. 3",0024,106,88,194,655,29.62%,16,171,187
"Judge, County Court at Law No. 3",0025,104,143,247,1086,22.74%,12,229,241
"Judge, County Court at Law No. 3",0026,239,277,516,1845,27.97%,125,351,476
"Judge, County Court at Law No. 3",0027,463,427,890,3074,28.95%,222,620,842
"Judge, County Court at Law No. 3",0028,636,405,1041,3029,34.37%,668,319,987
"Judge, County Court at Law No. 3",0029,194,237,431,2638,16.34%,169,239,408
"Judge, County Court at Law No. 3",0030,368,391,759,2403,31.59%,197,525,722
"Judge, County Court at Law No. 3",0031,453,280,733,2511,29.19%,18,690,708
"Judge, County Court at Law No. 3",0032,318,405,723,2398,30.15%,279,390,669
"Judge, County Court at Law No. 3",0033,707,615,1322,3706,35.67%,418,818,1236
Office,Precinct,Early Ballots Cast,Election Ballots Cast,Total Ballots Cast,Registered Voters,Percent Turnout,REP Linda Storey,DEM Gloria Cantu Minnick,Totals
"Judge, County Court at Law No. 3",0034,625,579,1204,2786,43.22%,271,869,1140
"Judge, County Court at Law No. 3",0035,4,0,4,11,36.36%,1,3,4
"Judge, County Court at Law No. 3",0036,416,318,734,2927,25.08%,206,489,695
"Judge, County Court at Law No. 3",0037,542,436,978,2106,46.44%,278,628,906
"Judge, County Court at Law No. 3",0038,784,589,1373,2875,47.76%,444,830,1274
"Judge, County Court at Law No. 3",0039,657,575,1232,2759,44.65%,299,845,1144
"Judge, County Court at Law No. 3",0040,136,152,288,541,53.23%,122,145,267
"Judge, County Court at Law No. 3",0041,176,230,406,1334,30.43%,162,229,391
"Judge, County Court at Law No. 3",0042,228,109,337,1071,31.47%,5,321,326
"Judge, County Court at Law No. 3",0043,293,210,503,1695,29.68%,277,203,480
"Judge, County Court at Law No. 3",0044,204,222,426,2001,21.29%,87,308,395
"Judge, County Court at Law No. 3",0045,894,750,1644,6698,24.54%,329,1264,1593
"Judge, County Court at Law No. 3",0046,290,247,537,2511,21.39%,86,420,506
"Judge, County Court at Law No. 3",0047,213,218,431,1627,26.49%,20,402,422
"Judge, County Court at Law No. 3",0048,157,142,299,940,31.81%,24,267,291
"Judge, County Court at Law No. 3",0049,584,482,1066,3343,31.89%,779,253,1032
"Judge, County Court at Law No. 3",0050,785,771,1556,5211,29.86%,850,649,1499
"Judge, County Court at Law No. 3",0051,353,243,596,1689,35.29%,445,129,574
"Judge, County Court at Law No. 3",0052,422,447,869,2457,35.37%,400,411,811
"Judge, County Court at Law No. 3",0053,564,726,1290,2971,43.42%,503,688,1191
"Judge, County Court at Law No. 3",0054,269,364,633,1487,42.57%,320,272,592
"Judge, County Court at Law No. 3",0055,191,251,442,1506,29.35%,197,213,410
"Judge, County Court at Law No. 3",0056,282,278,560,1326,42.23%,364,165,529
"Judge, County Court at Law No. 3",0057,710,831,1541,3153,48.87%,557,846,1403
"Judge, County Court at Law No. 3",0058,469,556,1025,2690,38.10%,435,538,973
"Judge, County Court at Law No. 3",0059,555,609,1164,2544,45.75%,440,641,1081
"Judge, County Court at Law No. 3",0060,498,564,1062,2453,43.29%,253,730,983
"Judge, County Court at Law No. 3",0061,172,204,376,1773,21.21%,156,192,348
"Judge, County Court at Law No. 3",0062,145,322,467,2181,21.41%,116,329,445
"Judge, County Court at Law No. 3",0063,264,354,618,1826,33.84%,503,96,599
"Judge, County Court at Law No. 3",0064,191,221,412,2141,19.24%,84,303,387
"Judge, County Court at Law No. 3",0065,172,230,402,2167,18.55%,92,286,378
"Judge, County Court at Law No. 3",0066,69,143,212,1098,19.31%,35,163,198
Office,Precinct,Early Ballots Cast,Election Ballots Cast,Total Ballots Cast,Registered Voters,Percent Turnout,REP Linda Storey,DEM Gloria Cantu Minnick,Totals
"Judge, County Court at Law No. 3",0067,304,282,586,2794,20.97%,153,389,542
"Judge, County Court at Law No. 3",0068,553,352,905,2924,30.95%,23,859,882
"Judge, County Court at Law No. 3",0069,80,124,204,1284,15.89%,41,151,192
"Judge, County Court at Law No. 3",0070,882,664,1546,3337,46.33%,863,556,1419
"Judge, County Court at Law No. 3",0071,602,722,1324,4197,31.55%,639,609,1248
"Judge, County Court at Law No. 3",0072,220,293,513,1924,26.66%,155,332,487
"Judge, County Court at Law No. 3",0073,252,414,666,1555,42.83%,375,239,614
"Judge, County Court at Law No. 3",0074,1153,782,1935,3583,54.01%,1506,340,1846
"Judge, County Court at Law No. 3",0075,254,280,534,1444,36.98%,203,296,499
"Judge, County Court at Law No. 3",0076,373,374,747,2362,31.63%,427,288,715
"Judge, County Court at Law No. 3",0077,43,46,89,566,15.72%,22,63,85
"Judge, County Court at Law No. 3",0078,180,201,381,1522,25.03%,132,229,361
"Judge, County Court at Law No. 3",0079,205,306,511,2927,17.46%,125,348,473
"Judge, County Court at Law No. 3",0080,501,351,852,2725,31.27%,219,589,808
"Judge, County Court at Law No. 3",0081,183,187,370,1835,20.16%,143,204,347
"Judge, County Court at Law No. 3",0082,639,671,1310,3368,38.90%,987,285,1272
"Judge, County Court at Law No. 3",0083,1296,888,2184,6625,32.97%,1070,1034,2104
"Judge, County Court at Law No. 3",0084,208,218,426,1373,31.03%,312,96,408
"Judge, County Court at Law No. 3",0085,271,248,519,2173,23.88%,24,478,502
"Judge, County Court at Law No. 3",0086,447,568,1015,2910,34.88%,449,509,958
"Judge, County Court at Law No. 3",0087,574,787,1461,2818,51.85%,884,462,1346
"Judge, County Court at Law No. 3",0088,123,118,241,693,34.78%,155,73,228
"Judge, County Court at Law No. 3",0089,165,371,536,1094,48.99%,281,210,491
"Judge, County Court at Law No. 3",0090,844,790,1634,3700,44.16%,1171,386,1557
"Judge, County Court at Law No. 3",0091,219,222,441,1505,29.30%,266,156,422
"Judge, County Court at Law No. 3",0092,695,462,1157,2242,51.61%,753,324,1077
"Judge, County Court at Law No. 3",0093,381,301,682,3356,20.32%,274,365,639
"Judge, County Court at Law No. 3",0094,51,43,94,549,17.12%,27,64,91
"Judge, County Court at Law No. 3",0095,917,576,1493,3177,46.99%,1073,354,1427
"Judge, County Court at Law No. 3",0096,83,83,166,1296,12.81%,24,139,163
"Judge, County Court at Law No. 3",0097,1024,725,1749,4828,36.23%,1305,387,1692
"Judge, County Court at Law No. 3",0098,403,488,891,2651,33.61%,741,122,863
"Judge, County Court at Law No. 3",0099,254,184,438,2092,20.94%,211,214,425
Office,Precinct,Early Ballots Cast,Election Ballots Cast,Total Ballots Cast,Registered Voters,Percent Turnout,REP Linda Storey,DEM Gloria Cantu Minnick,Totals
"Judge, County Court at Law No. 3",0100,185,173,338,1730,19.54%,178,153,331
"Judge, County Court at Law No. 3",0101,72,58,130,948,13.74%,48,79,127
"Judge, County Court at Law No. 3",0102,207,121,328,1872,17.52%,89,227,318
"Judge, County Court at Law No. 3",0103,700,714,1414,5371,28.33%,805,588,1371
"Judge, County Court at Law No. 3",0104,530,231,781,1905,39.95%,17,728,745
"Judge, County Court at Law No. 3",0105,198,210,408,2185,18.75%,130,242,372
"Judge, County Court at Law No. 3",0108,18,7,25,294,8.50%,15,9,24
"Judge, County Court at Law No. 3",0107,154,197,351,2032,17.27%,54,280,334
"Judge, County Court at Law No. 3",0108,558,272,940,3385,27.93%,589,339,908
"Judge, County Court at Law No. 3",0109,529,245,774,2824,27.41%,10,745,755
"Judge, County Court at Law No. 3",0110,854,494,1148,3042,37.74%,743,385,1108
"Judge, County Court at Law No. 3",0111,818,795,1811,4102,39.27%,1187,351,1538
"Judge, County Court at Law No. 3",0112,542,485,1027,2978,34.51%,755,229,984
"Judge, County Court at Law No. 3",0113,582,429,991,2847,37.44%,597,344,941
"Judge, County Court at Law No. 3",0114,707,547,1254,3311,37.87%,1014,205,1219
"Judge, County Court at Law No. 3",0115,238,150,388,1800,21.58%,49,329,378
"Judge, County Court at Law No. 3",0118,982,778,1758,3147,55.88%,1325,330,1855
"Judge, County Court at Law No. 3",0117,215,228,441,1880,23.48%,224,192,418
"Judge, County Court at Law No. 3",0118,304,123,427,759,58.28%,353,58,411
"Judge, County Court at Law No. 3",0119,1288,1024,2312,5500,42.04%,1877,345,2222
"Judge, County Court at Law No. 3",0120,712,422,1134,3191,35.54%,738,348,1088
"Judge, County Court at Law No. 3",0121,92,178,270,848,31.84%,192,88,258
"Judge, County Court at Law No. 3",0122,352,225,577,1890,30.53%,20,533,553
"Judge, County Court at Law No. 3",0123,284,288,572,1392,41.09%,143,390,533
"Judge, County Court at Law No. 3",0124,1734,1292,3028,7254,41.71%,2410,538,2948
"Judge, County Court at Law No. 3",0125,415,332,747,2405,31.08%,458,282,720
"Judge, County Court at Law No. 3",0128,893,487,1380,3100,43.87%,1201,121,1322
"Judge, County Court at Law No. 3",0127,435,154,589,1838,32.08%,415,137,552
"Judge, County Court at Law No. 3",0128,445,707,1152,2290,50.31%,888,381,1047
"Judge, County Court at Law No. 3",0129,1030,1200,2230,5748,38.81%,1373,739,2112
"Judge, County Court at Law No. 3",0130,727,523,1250,2333,53.58%,921,287,1188
"Judge, County Court at Law No. 3",0131,251,259,510,1935,28.38%,129,357,488
"Judge, County Court at Law No. 3",0132,593,323,918,2387,38.37%,19,874,893
Office,Precinct,Early Ballots Cast,Election Ballots Cast,Total Ballots Cast,Registered Voters,Percent Turnout,REP Linda Storey,DEM Gloria Cantu Minnick,Totals
"Judge, County Court at Law No. 3",0133,513,858,1371,2662,51.50%,775,485,1260
"Judge, County Court at Law No. 3",0134,192,265,457,1437,31.80%,205,227,432
"Judge, County Court at Law No. 3",0135,727,579,1305,2671,48.90%,862,356,1218
"Judge, County Court at Law No. 3",0136,503,371,874,2013,43.42%,27,820,847
"Judge, County Court at Law No. 3",0137,166,141,307,716,42.88%,147,132,279
"Judge, County Court at Law No. 3",0138,296,199,495,1699,29.13%,15,469,484
"Judge, County Court at Law No. 3",0139,699,551,1250,3037,41.16%,530,643,1173
"Judge, County Court at Law No. 3",0140,699,480,1179,3214,36.68%,136,998,1134
"Judge, County Court at Law No. 3",0141,80,80,160,855,18.71%,96,56,152
"Judge, County Court at Law No. 3",0142,87,103,190,902,21.06%,59,121,180
"Judge, County Court at Law No. 3",0143,1962,580,2542,6386,39.81%,1827,649,2476
"Judge, County Court at Law No. 3",0144,216,158,374,1093,34.22%,9,357,366
"Judge, County Court at Law No. 3",0145,264,213,477,1538,31.01%,10,452,462
"Judge, County Court at Law No. 3",0146,426,519,945,2008,47.06%,404,485,889
"Judge, County Court at Law No. 3",0147,589,329,1018,3008,33.84%,134,857,991
"Judge, County Court at Law No. 3",0148,500,780,1280,2540,50.39%,465,701,1166
"Judge, County Court at Law No. 3",0149,1621,737,2358,7993,29.50%,1236,1064,2300
"Judge, County Court at Law No. 3",0150,236,169,405,1256,32.25%,11,386,397
"Judge, County Court at Law No. 3",0151,137,79,216,826,26.15%,11,197,208
"Judge, County Court at Law No. 3",0152,213,299,512,2788,18.36%,131,359,490
"Judge, County Court at Law No. 3",0153,125,206,331,1808,18.31%,104,214,318
"Judge, County Court at Law No. 3",0154,249,183,432,2190,19.73%,109,297,406
"Judge, County Court at Law No. 3",0155,1022,619,1641,4109,39.94%,1142,442,1584
"Judge, County Court at Law No. 3",0156,799,326,1125,3071,36.63%,39,1053,1092
"Judge, County Court at Law No. 3",0157,448,214,662,2236,29.61%,22,620,642
"Judge, County Court at Law No. 3",0158,600,315,915,3035,30.15%,21,868,889
"Judge, County Court at Law No. 3",0159,116,127,243,998,24.35%,38,197,235
"Judge, County Court at Law No. 3",0160,122,73,195,696,28.02%,6,185,191
"Judge, County Court at Law No. 3",0161,163,141,304,991,30.68%,5,290,295
"Judge, County Court at Law No. 3",0162,101,83,184,1265,14.55%,70,100,170
"Judge, County Court at Law No. 3",0163,230,320,550,3037,18.11%,238,284,522
"Judge, County Court at Law No. 3",0164,182,205,387,1420,27.25%,12,367,379
"Judge, County Court at Law No. 3",0165,535,483,1018,2334,43.62%,679,293,972
Office,Precinct,Early Ballots Cast,Election Ballots Cast,Total Ballots Cast,Registered Voters,Percent Turnout,REP Linda Storey,DEM Gloria Cantu Minnick,Totals
"Judge, County Court at Law No. 3",0166,158,233,391,1028,38.04%,119,253,372
"Judge, County Court at Law No. 3",0167,3,0,3,24,12.50%,0,3,3
"Judge, County Court at Law No. 3",0168,92,58,150,503,29.82%,3,142,145
"Judge, County Court at Law No. 3",0169,518,251,767,2513,30.52%,18,727,745
"Judge, County Court at Law No. 3",0170,271,141,412,1869,22.04%,213,178,391
"Judge, County Court at Law No. 3",0171,202,198,400,1604,24.94%,11,379,390
"Judge, County Court at Law No. 3",0172,88,80,166,621,26.73%,64,90,154
"Judge, County Court at Law No. 3",0173,817,739,1556,3599,43.23%,1250,256,1506
"Judge, County Court at Law No. 3",0174,829,733,1562,3296,47.39%,1050,423,1473
"Judge, County Court at Law No. 3",0175,557,749,1306,2618,49.89%,643,555,1198
"Judge, County Court at Law No. 3",0176,344,451,795,1602,49.63%,398,325,723
"Judge, County Court at Law No. 3",0177,278,326,604,1496,40.37%,338,231,569
"Judge, County Court at Law No. 3",0178,504,365,869,1765,49.24%,571,230,801
"Judge, County Court at Law No. 3",0179,256,188,444,1575,28.19%,239,181,420
"Judge, County Court at Law No. 3",0180,470,343,813,2834,28.69%,21,753,774
"Judge, County Court at Law No. 3",0181,175,262,437,2061,21.20%,139,276,415
"Judge, County Court at Law No. 3",0182,590,974,1564,3405,45.93%,918,506,1424
"Judge, County Court at Law No. 3",0183,519,794,1313,2491,52.71%,841,378,1219
"Judge, County Court at Law No. 3",0184,106,135,241,994,24.25%,82,137,219
"Judge, County Court at Law No. 3",0185,283,292,575,1933,29.75%,203,347,550
"Judge, County Court at Law No. 3",0186,97,106,203,798,25.44%,30,165,195
"Judge, County Court at Law No. 3",0187,21,25,46,311,14.79%,14,31,45
"Judge, County Court at Law No. 3",0188,153,146,299,1637,18.27%,142,144,286
"Judge, County Court at Law No. 3",0189,239,360,599,1465,40.89%,307,241,548
"Judge, County Court at Law No. 3",0190,120,177,297,1723,17.24%,125,162,287
"Judge, County Court at Law No. 3",0191,79,126,205,1366,15.01%,85,110,195
"Judge, County Court at Law No. 3",0192,380,225,605,1959,30.88%,28,558,586
"Judge, County Court at Law No. 3",0193,173,187,360,1074,33.52%,9,337,346
"Judge, County Court at Law No. 3",0194,350,431,781,1912,40.85%,238,500,738
"Judge, County Court at Law No. 3",0195,269,278,547,1694,32.29%,21,509,530
"Judge, County Court at Law No. 3",0196,52,32,84,316,26.58%,4,76,80
"Judge, County Court at Law No. 3",0197,543,309,852,2914,29.24%,14,817,831
"Judge, County Court at Law No. 3",0198,53,74,127,642,19.78%,2,123,125
Office,Precinct,Early Ballots Cast,Election Ballots Cast,Total Ballots Cast,Registered Voters,Percent Turnout,REP Linda Storey,DEM Gloria Cantu Minnick,Totals
"Judge, County Court at Law No. 3",0199,812,661,1473,3216,45.80%,1149,258,1407
"Judge, County Court at Law No. 3",0200,962,536,1498,3382,44.29%,657,729,1386
"Judge, County Court at Law No. 3",0201,98,87,185,724,25.55%,1,179,180
"Judge, County Court at Law No. 3",0202,217,189,406,1464,27.73%,13,382,395
"Judge, County Court at Law No. 3",0203,107,68,175,960,18.23%,42,124,166
"Judge, County Court at Law No. 3",0204,816,784,1600,3487,45.88%,876,604,1480
"Judge, County Court at Law No. 3",0205,464,171,635,1664,38.16%,12,611,623
"Judge, County Court at Law No. 3",0206,362,462,824,2779,29.65%,229,544,773
"Judge, County Court at Law No. 3",0207,265,261,526,1188,44.28%,155,342,497
"Judge, County Court at Law No. 3",0208,322,262,584,2195,26.61%,172,383,555
"Judge, County Court at Law No. 3",0209,0,2,2,0,0.00%,2,0,2
"Judge, County Court at Law No. 3",0210,502,467,969,2533,38.26%,99,832,931
"Judge, County Court at Law No. 3",0211,307,386,693,2914,23.78%,256,400,656
"Judge, County Court at Law No. 3",0212,96,155,251,1300,19.31%,57,186,243
"Judge, County Court at Law No. 3",0213,826,913,1739,3350,51.91%,1346,278,1624
"Judge, County Court at Law No. 3",0214,404,491,895,1854,48.27%,552,289,841
"Judge, County Court at Law No. 3",0215,421,711,1132,2258,50.13%,659,385,1044
"Judge, County Court at Law No. 3",0216,362,223,585,1945,30.08%,38,534,572
"Judge, County Court at Law No. 3",0217,844,631,1475,2678,55.08%,925,432,1357
"Judge, County Court at Law No. 3",0218,391,402,793,2292,34.60%,238,498,736
"Judge, County Court at Law No. 3",0219,496,436,932,2767,33.68%,47,844,891
"Judge, County Court at Law No. 3",0220,325,187,512,2310,22.16%,371,124,495
"Judge, County Court at Law No. 3",0221,332,369,701,2529,27.72%,296,367,663
"Judge, County Court at Law No. 3",0222,623,674,1297,2501,51.86%,566,619,1185
"Judge, County Court at Law No. 3",0223,563,377,940,3582,26.24%,254,625,879
"Judge, County Court at Law No. 3",0224,530,456,986,2238,44.06%,440,474,914
"Judge, County Court at Law No. 3",0225,376,405,781,3305,23.63%,392,354,746
"Judge, County Court at Law No. 3",0226,227,307,534,2436,21.92%,124,382,506
"Judge, County Court at Law No. 3",0227,558,423,981,1785,54.96%,696,194,890
"Judge, County Court at Law No. 3",0228,362,195,557,1050,53.05%,28,507,535
"Judge, County Court at Law No. 3",0229,31,96,127,815,15.58%,55,65,120
"Judge, County Court at Law No. 3",0230,185,116,301,1089,27.64%,6,285,291
"Judge, County Court at Law No. 3",0231,233,264,497,2232,22.27%,118,349,467
Office,Precinct,Early Ballots Cast,Election Ballots Cast,Total Ballots Cast,Registered Voters,Percent Turnout,REP Linda Storey,DEM Gloria Cantu Minnick,Totals
"Judge, County Court at Law No. 3",0232,351,474,835,1760,47.44%,437,338,775
"Judge, County Court at Law No. 3",0233,890,801,1691,4445,38.04%,786,761,1547
"Judge, County Court at Law No. 3",0234,1192,913,2105,3993,52.72%,1552,396,1948
"Judge, County Court at Law No. 3",0235,240,158,398,1356,29.35%,12,375,387
"Judge, County Court at Law No. 3",0236,354,235,589,2079,28.33%,13,560,573
"Judge, County Court at Law No. 3",0237,415,253,669,2161,30.96%,8,643,651
"Judge, County Court at Law No. 3",0238,339,245,584,1925,30.34%,15,554,569
"Judge, County Court at Law No. 3",0239,383,236,619,1964,31.52%,22,584,606
"Judge, County Court at Law No. 3",0240,585,243,828,2649,31.26%,21,787,808
"Judge, County Court at Law No. 3",0241,222,229,451,2372,19.01%,190,239,429
"Judge, County Court at Law No. 3",0242,173,162,335,1596,20.99%,195,121,316
"Judge, County Court at Law No. 3",0243,138,43,181,457,39.61%,1,178,179
"Judge, County Court at Law No. 3",0244,480,425,905,3117,29.03%,509,356,865
"Judge, County Court at Law No. 3",0245,945,799,1745,5828,29.94%,1228,475,1703
"Judge, County Court at Law No. 3",0246,584,513,1197,3315,36.11%,852,303,1155
"Judge, County Court at Law No. 3",0247,173,254,427,1582,26.99%,14,407,421
"Judge, County Court at Law No. 3",0248,161,167,328,2100,15.62%,91,221,312
"Judge, County Court at Law No. 3",0249,461,348,809,2719,29.75%,563,217,780
"Judge, County Court at Law No. 3",0250,109,164,273,964,28.32%,9,260,269
"Judge, County Court at Law No. 3",0251,278,436,714,2089,34.18%,29,670,699
"Judge, County Court at Law No. 3",0252,504,312,816,2377,34.33%,13,785,798
"Judge, County Court at Law No. 3",0253,379,222,601,2177,27.61%,12,571,583
"Judge, County Court at Law No. 3",0254,93,112,205,1550,13.23%,64,131,195
"Judge, County Court at Law No. 3",0255,525,648,1173,2482,47.26%,531,552,1083
"Judge, County Court at Law No. 3",0256,575,449,1024,3254,31.47%,482,484,966
"Judge, County Court at Law No. 3",0257,204,245,449,2523,17.80%,132,292,424
"Judge, County Court at Law No. 3",0258,839,800,1539,3322,49.34%,1170,353,1523
"Judge, County Court at Law No. 3",0259,555,382,1038,2361,43.96%,23,985,1008
"Judge, County Court at Law No. 3",0260,152,145,307,1260,24.37%,182,106,288
"Judge, County Court at Law No. 3",0261,124,120,244,1417,17.22%,102,131,233
"Judge, County Court at Law No. 3",0262,758,600,1358,4397,30.88%,846,434,1280
"Judge, County Court at Law No. 3",0263,858,712,1570,3693,42.51%,1203,307,1510
"Judge, County Court at Law No. 3",0264,480,457,937,2963,31.62%,581,295,876
Office,Precinct,Early Ballots Cast,Election Ballots Cast,Total Ballots Cast,Registered Voters,Percent Turnout,REP Linda Storey,DEM Gloria Cantu Minnick,Totals
"Judge, County Court at Law No. 3",0265,988,759,1747,3584,48.74%,1274,352,1626
"Judge, County Court at Law No. 3",0266,259,257,516,2104,24.52%,252,232,484
"Judge, County Court at Law No. 3",0267,146,166,312,1327,23.51%,163,128,291
"Judge, County Court at Law No. 3",0268,435,717,1152,2493,46.21%,643,382,1025
"Judge, County Court at Law No. 3",0269,702,453,1155,2030,56.90%,892,192,1084
"Judge, County Court at Law No. 3",0270,817,672,1489,3605,41.30%,826,580,1406
"Judge, County Court at Law No. 3",0271,656,382,1038,2518,41.22%,27,994,1021
"Judge, County Court at Law No. 3",0272,264,292,556,2162,25.72%,221,306,527
"Judge, County Court at Law No. 3",0273,548,689,1237,2470,50.08%,978,195,1173
"Judge, County Court at Law No. 3",0274,588,346,934,2153,43.38%,625,248,873
"Judge, County Court at Law No. 3",0275,207,236,443,1850,23.95%,103,324,427
"Judge, County Court at Law No. 3",0276,572,231,803,2536,31.66%,8,777,785
"Judge, County Court at Law No. 3",0277,170,186,356,1492,23.86%,166,175,341
"Judge, County Court at Law No. 3",0278,421,320,741,2454,30.20%,407,302,709
"Judge, County Court at Law No. 3",0279,250,223,473,1941,24.37%,282,171,453
"Judge, County Court at Law No. 3",0280,130,188,318,1524,20.87%,132,166,298
"Judge, County Court at Law No. 3",0281,655,742,1397,2633,53.06%,619,637,1256
"Judge, County Court at Law No. 3",0282,314,455,769,2042,37.66%,486,239,725
"Judge, County Court at Law No. 3",0283,0,0,0,0,0.00%,0,0,0
"Judge, County Court at Law No. 3",0284,574,336,910,3172,28.69%,420,449,869
"Judge, County Court at Law No. 3",0285,448,378,826,2540,32.52%,75,725,800
"Judge, County Court at Law No. 3",0286,1255,821,2076,6170,33.65%,189,1811,2000
"Judge, County Court at Law No. 3",0287,370,477,847,1621,52.25%,403,385,788
"Judge, County Court at Law No. 3",0288,532,313,845,2210,38.24%,17,813,830
"Judge, County Court at Law No. 3",0289,186,212,398,1564,25.45%,196,181,377
"Judge, County Court at Law No. 3",0290,245,298,543,1642,33.07%,407,117,524
"Judge, County Court at Law No. 3",0291,325,235,560,1225,45.71%,275,249,524
"Judge, County Court at Law No. 3",0292,207,147,354,1356,26.11%,40,304,344
"Judge, County Court at Law No. 3",0293,356,447,803,1759,45.65%,362,385,747
"Judge, County Court at Law No. 3",0294,488,221,709,2097,33.81%,9,686,695
"Judge, County Court at Law No. 3",0295,148,103,251,885,28.36%,6,241,247
"Judge, County Court at Law No. 3",0296,327,340,667,1713,38.94%,375,237,612
"Judge, County Court at Law No. 3",0297,280,249,529,2012,26.29%,238,258,496
Office,Precinct,Early Ballots Cast,Election Ballots Cast,Total Ballots Cast,Registered Voters,Percent Turnout,REP Linda Storey,DEM Gloria Cantu Minnick,Totals
"Judge, County Court at Law No. 3",0298,415,358,773,2121,36.45%,452,273,725
"Judge, County Court at Law No. 3",0299,178,117,295,1353,21.80%,113,160,273
"Judge, County Court at Law No. 3",0300,1389,1016,2405,5406,44.49%,1913,393,2306
"Judge, County Court at Law No. 3",0301,210,255,465,2352,19.77%,191,250,441
"Judge, County Court at Law No. 3",0302,353,343,696,2720,25.59%,407,261,668
"Judge, County Court at Law No. 3",0303,922,784,1706,3245,52.57%,1336,278,1614
"Judge, County Court at Law No. 3",0304,606,505,1111,2298,48.35%,599,431,1030
"Judge, County Court at Law No. 3",0305,524,432,956,4191,22.81%,404,524,928
"Judge, County Court at Law No. 3",0306,549,342,991,1879,52.74%,698,234,932
"Judge, County Court at Law No. 3",0307,733,670,1403,3099,45.27%,943,377,1320
"Judge, County Court at Law No. 3",0308,199,130,329,1296,25.39%,109,205,314
"Judge, County Court at Law No. 3",0309,708,593,1301,2524,51.55%,1014,208,1222
"Judge, County Court at Law No. 3",0310,386,279,665,1435,46.34%,442,174,616
"Judge, County Court at Law No. 3",0311,486,421,907,2986,30.38%,489,356,845
"Judge, County Court at Law No. 3",0312,742,457,1199,3636,32.98%,758,386,1144
"Judge, County Court at Law No. 3",0313,9,0,9,62,14.52%,7,1,8
"Judge, County Court at Law No. 3",0314,1121,913,2034,5647,36.02%,1281,688,1969
"Judge, County Court at Law No. 3",0315,478,388,866,1608,53.86%,495,311,806
"Judge, County Court at Law No. 3",0316,412,341,753,1537,48.99%,386,308,694
"Judge, County Court at Law No. 3",0317,248,209,457,1588,28.78%,146,285,431
"Judge, County Court at Law No. 3",0318,834,568,1402,3660,38.31%,71,1286,1357
"Judge, County Court at Law No. 3",0319,512,230,742,2158,34.38%,43,674,717
"Judge, County Court at Law No. 3",0320,234,168,402,1537,26.15%,202,184,386
"Judge, County Court at Law No. 3",0321,262,191,453,2346,19.31%,173,255,428
"Judge, County Court at Law No. 3",0322,181,129,310,1226,25.29%,103,197,300
"Judge, County Court at Law No. 3",0323,278,211,489,1722,28.40%,236,223,459
"Judge, County Court at Law No. 3",0324,532,646,1178,2336,50.43%,708,377,1085
"Judge, County Court at Law No. 3",0325,289,193,482,2112,22.82%,109,350,459
"Judge, County Court at Law No. 3",0326,87,74,161,698,23.07%,77,74,151
"Judge, County Court at Law No. 3",0327,380,129,509,1729,29.44%,10,483,493
"Judge, County Court at Law No. 3",0328,151,140,291,1434,20.29%,121,156,277
"Judge, County Court at Law No. 3",0329,189,184,373,1397,26.70%,138,216,354
"Judge, County Court at Law No. 3",0330,334,253,587,1936,30.32%,328,226,554
Office,Precinct,Early Ballots Cast,Election Ballots Cast,Total Ballots Cast,Registered Voters,Percent Turnout,REP Linda Storey,DEM Gloria Cantu Minnick,Totals
"Judge, County Court at Law No. 3",0331,0,0,0,0,0.00%,0,0,0
"Judge, County Court at Law No. 3",0332,18,7,25,138,18.12%,11,10,21
"Judge, County Court at Law No. 3",0333,524,714,1238,3021,40.98%,859,309,1168
"Judge, County Court at Law No. 3",0334,83,42,125,742,16.85%,23,98,121
"Judge, County Court at Law No. 3",0335,121,98,219,1300,16.85%,83,120,203
"Judge, County Court at Law No. 3",0336,866,624,1490,4051,36.78%,131,1322,1453
"Judge, County Court at Law No. 3",0337,124,103,227,1029,22.06%,44,170,214
"Judge, County Court at Law No. 3",0338,730,391,1121,4934,22.72%,386,657,1043
"Judge, County Court at Law No. 3",0339,202,222,424,1757,24.13%,89,307,396
"Judge, County Court at Law No. 3",0340,1038,594,1632,3765,43.35%,1221,334,1555
"Judge, County Court at Law No. 3",0341,91,167,258,1290,20.00%,81,168,249
"Judge, County Court at Law No. 3",0342,675,605,1280,6526,19.61%,217,1029,1246
"Judge, County Court at Law No. 3",0343,189,271,460,1964,23.42%,132,298,430
"Judge, County Court at Law No. 3",0344,154,172,326,1160,28.10%,12,299,311
"Judge, County Court at Law No. 3",0345,156,165,321,1804,17.79%,97,206,303
"Judge, County Court at Law No. 3",0346,0,1,1,3,33.33%,1,0,1
"Judge, County Court at Law No. 3",0347,592,436,1028,3387,30.35%,691,306,997
"Judge, County Court at Law No. 3",0348,438,208,646,1708,37.82%,498,116,614
"Judge, County Court at Law No. 3",0349,188,267,455,1349,33.73%,281,149,430
"Judge, County Court at Law No. 3",0350,524,526,1050,2909,36.09%,402,555,957
"Judge, County Court at Law No. 3",0351,1491,710,2201,4712,46.71%,1721,394,2115
"Judge, County Court at Law No. 3",0352,520,339,859,3205,26.80%,634,195,829
"Judge, County Court at Law No. 3",0353,665,451,1116,3862,28.90%,204,877,1081
"Judge, County Court at Law No. 3",0354,715,338,1053,3388,31.08%,269,755,1024
"Judge, County Court at Law No. 3",0355,301,264,565,1560,36.22%,48,500,548
"Judge, County Court at Law No. 3",0356,594,538,1132,2972,38.09%,732,347,1079
"Judge, County Court at Law No. 3",0357,837,575,1412,3517,40.15%,1029,330,1359
"Judge, County Court at Law No. 3",0358,212,254,466,2492,18.70%,55,396,451
"Judge, County Court at Law No. 3",0359,234,224,458,3061,14.96%,65,382,447
"Judge, County Court at Law No. 3",0360,522,380,902,2146,42.03%,458,363,821
"Judge, County Court at Law No. 3",0361,41,295,336,1673,20.08%,48,246,294
"Judge, County Court at Law No. 3",0362,1138,887,2025,5086,39.82%,1483,436,1919
"Judge, County Court at Law No. 3",0363,620,412,1032,3677,28.07%,473,527,1000
Office,Precinct,Early Ballots Cast,Election Ballots Cast,Total Ballots Cast,Registered Voters,Percent Turnout,REP Linda Storey,DEM Gloria Cantu Minnick,Totals
"Judge, County Court at Law No. 3",0364,488,405,893,2658,33.60%,51,7,333,850
"Judge, County Court at Law No. 3",0365,478,231,709,1305,54.33%,51,641,692
"Judge, County Court at Law No. 3",0366,252,270,522,2454,21.27%,130,378,508
"Judge, County Court at Law No. 3",0367,170,138,308,1130,27.26%,72,228,300
"Judge, County Court at Law No. 3",0368,178,88,266,958,27.77%,71,184,255
"Judge, County Court at Law No. 3",0369,32,29,61,559,10.91%,18,40,58
"Judge, County Court at Law No. 3",0370,1532,1105,2637,6593,40.00%,2003,543,2546
"Judge, County Court at Law No. 3",0371,122,52,174,502,34.66%,7,161,168
"Judge, County Court at Law No. 3",0372,221,170,391,1224,31.94%,50,326,376
"Judge, County Court at Law No. 3",0373,21,12,33,157,21.02%,3,28,31
"Judge, County Court at Law No. 3",0374,65,93,158,738,21.41%,53,98,151
"Judge, County Court at Law No. 3",0375,254,220,474,2645,17.92%,238,200,438
"Judge, County Court at Law No. 3",0376,278,205,483,1910,25.29%,216,246,462
"Judge, County Court at Law No. 3",0377,525,583,1109,2920,37.98%,815,238,1053
"Judge, County Court at Law No. 3",0378,232,354,586,1829,32.04%,367,192,559
"Judge, County Court at Law No. 3",0379,431,289,720,2027,35.52%,69,630,699
"Judge, County Court at Law No. 3",0380,1299,995,2294,5666,40.49%,1258,964,2222
"Judge, County Court at Law No. 3",0381,412,248,660,2855,23.12%,313,319,632
"Judge, County Court at Law No. 3",0382,132,157,289,922,31.34%,216,64,280
"Judge, County Court at Law No. 3",0383,289,263,552,2173,25.40%,226,305,531
"Judge, County Court at Law No. 3",0384,573,373,946,2657,35.60%,185,722,907
"Judge, County Court at Law No. 3",0385,583,670,1253,2207,56.77%,934,240,1174
"Judge, County Court at Law No. 3",0386,662,469,1131,2922,38.71%,832,253,1085
"Judge, County Court at Law No. 3",0387,555,672,1227,3935,31.18%,891,295,1186
"Judge, County Court at Law No. 3",0388,1430,1010,2440,6888,35.42%,1417,948,2365
"Judge, County Court at Law No. 3",0389,91,208,299,1026,29.14%,41,234,275
"Judge, County Court at Law No. 3",0390,356,263,619,1480,41.82%,75,521,596
"Judge, County Court at Law No. 3",0391,508,260,768,1883,40.79%,477,251,728
"Judge, County Court at Law No. 3",0392,387,155,542,1446,37.48%,7,524,531
"Judge, County Court at Law No. 3",0393,165,185,350,1292,27.09%,169,167,336
"Judge, County Court at Law No. 3",0394,69,73,142,834,17.03%,71,65,136
"Judge, County Court at Law No. 3",0395,469,404,873,1846,47.29%,627,200,827
"Judge, County Court at Law No. 3",0396,622,216,838,2082,40.25%,19,799,818
Office,Precinct,Early Ballots Cast,Election Ballots Cast,Total Ballots Cast,Registered Voters,Percent Turnout,REP Linda Storey,DEM Gloria Cantu Minnick,Totals
"Judge, County Court at Law No. 3",0397,86,78,164,760,21.58%,85,74,159
"Judge, County Court at Law No. 3",0398,615,521,1136,4022,28.24%,610,491,1101
"Judge, County Court at Law No. 3",0399,402,366,768,2791,27.52%,418,322,740
"Judge, County Court at Law No. 3",0400,620,359,979,2411,40.61%,711,221,932
"Judge, County Court at Law No. 3",0401,330,205,535,1913,27.97%,18,502,520
"Judge, County Court at Law No. 3",0402,466,266,732,1794,40.80%,35,678,713
"Judge, County Court at Law No. 3",0403,475,498,973,1715,56.73%,518,359,877
"Judge, County Court at Law No. 3",0404,419,330,749,2585,28.97%,440,280,720
"Judge, County Court at Law No. 3",0405,0,0,0,0,0.00%,0,0,0
"Judge, County Court at Law No. 3",0406,137,67,204,628,32.48%,2,196,198
"Judge, County Court at Law No. 3",0407,688,793,1481,3769,39.29%,980,415,1395
"Judge, County Court at Law No. 3",0408,146,153,299,1691,17.68%,144,138,282
"Judge, County Court at Law No. 3",0409,122,149,271,1459,18.57%,111,149,260
"Judge, County Court at Law No. 3",0410,132,80,212,899,23.58%,44,157,201
"Judge, County Court at Law No. 3",0411,235,200,435,2339,18.60%,156,257,413
"Judge, County Court at Law No. 3",0412,74,44,118,468,25.21%,5,107,112
"Judge, County Court at Law No. 3",0413,767,386,1153,2992,38.54%,460,646,1106
"Judge, County Court at Law No. 3",0414,654,480,1134,3453,32.84%,878,208,1086
"Judge, County Court at Law No. 3",0415,539,598,1137,2203,51.61%,753,327,1080
"Judge, County Court at Law No. 3",0416,538,558,1096,3791,28.91%,616,440,1056
"Judge, County Court at Law No. 3",0417,353,385,738,2448,30.15%,372,332,704
"Judge, County Court at Law No. 3",0418,403,469,872,3584,24.33%,370,461,831
"Judge, County Court at Law No. 3",0419,571,324,895,2658,33.67%,598,255,853
"Judge, County Court at Law No. 3",0420,1036,874,1910,4762,40.11%,1562,271,1833
"Judge, County Court at Law No. 3",0421,36,37,73,410,17.80%,26,41,67
"Judge, County Court at Law No. 3",0422,731,402,1133,3345,33.87%,31,1080,1111
"Judge, County Court at Law No. 3",0423,108,120,228,1376,16.57%,74,144,218
"Judge, County Court at Law No. 3",0424,240,111,351,967,36.30%,210,123,333
"Judge, County Court at Law No. 3",0425,107,123,230,883,26.05%,87,131,218
"Judge, County Court at Law No. 3",0426,260,183,443,1218,36.37%,265,156,421
"Judge, County Court at Law No. 3",0427,179,134,313,1092,28.66%,137,153,290
"Judge, County Court at Law No. 3",0428,619,421,1040,4538,22.92%,334,626,960
"Judge, County Court at Law No. 3",0429,445,314,759,3197,23.74%,214,501,715
Office,Precinct,Early Ballots Cast,Election Ballots Cast,Total Ballots Cast,Registered Voters,Percent Turnout,REP Linda Storey,DEM Gloria Cantu Minnick,Totals
"Judge, County Court at Law No. 3",0430,161,133,294,1657,17.74%,86,194,280
"Judge, County Court at Law No. 3",0431,327,84,411,3417,12.03%,150,243,393
"Judge, County Court at Law No. 3",0432,123,157,280,1455,19.24%,103,166,269
"Judge, County Court at Law No. 3",0433,50,63,113,581,19.45%,25,82,107
"Judge, County Court at Law No. 3",0434,370,289,659,1503,43.85%,413,204,617
"Judge, County Court at Law No. 3",0435,855,636,1491,3252,45.85%,957,447,1404
"Judge, County Court at Law No. 3",0436,629,531,1160,2933,39.55%,727,360,1087
"Judge, County Court at Law No. 3",0437,521,512,1033,2033,50.81%,706,255,961
"Judge, County Court at Law No. 3",0438,617,389,1006,1861,54.06%,754,202,956
"Judge, County Court at Law No. 3",0439,710,884,1594,3554,44.85%,1128,369,1497
"Judge, County Court at Law No. 3",0440,664,858,1522,2930,51.95%,1183,247,1430
"Judge, County Court at Law No. 3",0441,345,420,765,1669,45.84%,574,144,718
"Judge, County Court at Law No. 3",0442,612,574,1186,2575,46.06%,978,161,1139
"Judge, County Court at Law No. 3",0443,226,138,364,646,56.35%,253,86,339
"Judge, County Court at Law No. 3",0444,687,583,1270,3262,38.93%,798,399,1197
"Judge, County Court at Law No. 3",0445,499,348,847,2026,41.81%,570,240,810
"Judge, County Court at Law No. 3",0446,31,22,53,291,18.21%,26,25,51
"Judge, County Court at Law No. 3",0447,93,86,179,637,28.10%,49,118,167
"Judge, County Court at Law No. 3",0448,590,778,1368,3138,43.59%,760,518,1278
"Judge, County Court at Law No. 3",0449,12,23,35,198,17.68%,3,31,34
"Judge, County Court at Law No. 3",0450,435,328,763,2635,28.96%,237,495,732
"Judge, County Court at Law No. 3",0451,1002,510,1512,2687,56.27%,1213,220,1433
"Judge, County Court at Law No. 3",0452,554,444,998,3048,32.74%,742,228,970
"Judge, County Court at Law No. 3",0453,231,262,493,1937,25.45%,200,270,470
"Judge, County Court at Law No. 3",0454,594,248,842,2561,32.88%,13,808,821
"Judge, County Court at Law No. 3",0455,367,165,532,1689,31.50%,23,499,522
"Judge, County Court at Law No. 3",0456,482,362,844,3513,24.03%,499,318,817
"Judge, County Court at Law No. 3",0457,0,0,0,0,0.00%,0,0,0
"Judge, County Court at Law No. 3",0458,471,237,708,1924,36.80%,29,653,682
"Judge, County Court at Law No. 3",0459,951,474,1425,3021,47.17%,1122,247,1369
"Judge, County Court at Law No. 3",0460,554,331,885,2837,31.19%,229,630,859
"Judge, County Court at Law No. 3",0461,1165,735,1900,3871,49.08%,1280,492,1772
"Judge, County Court at Law No. 3",0462,674,619,1293,3384,38.21%,473,750,1223
Office,Precinct,Early Ballots Cast,Election Ballots Cast,Total Ballots Cast,Registered Voters,Percent Turnout,REP Linda Storey,DEM Gloria Cantu Minnick,Totals
"Judge, County Court at Law No. 3",0463,480,404,884,3326,26.58%,408,448,856
"Judge, County Court at Law No. 3",0464,356,430,786,2257,34.82%,562,194,756
"Judge, County Court at Law No. 3",0465,687,520,1207,3564,33.87%,673,491,1164
"Judge, County Court at Law No. 3",0466,1058,614,1672,4184,39.96%,972,639,1611
"Judge, County Court at Law No. 3",0467,213,189,402,1270,31.65%,101,292,393
"Judge, County Court at Law No. 3",0468,352,443,795,3598,22.10%,258,508,766
"Judge, County Court at Law No. 3",0469,1294,547,1841,3985,46.20%,1435,318,1753
"Judge, County Court at Law No. 3",0470,185,176,361,1326,27.22%,266,75,341
"Judge, County Court at Law No. 3",0471,375,380,755,2387,31.63%,604,130,734
"Judge, County Court at Law No. 3",0472,198,278,476,1081,44.03%,180,256,436
"Judge, County Court at Law No. 3",0473,599,391,990,1806,54.82%,684,249,933
"Judge, County Court at Law No. 3",0474,559,588,1147,3037,37.77%,796,312,1108
"Judge, County Court at Law No. 3",0475,189,267,456,1809,25.21%,221,211,432
"Judge, County Court at Law No. 3",0476,404,473,877,2430,36.09%,493,351,844
"Judge, County Court at Law No. 3",0477,737,567,1304,3505,37.20%,999,254,1253
"Judge, County Court at Law No. 3",0478,958,657,1615,4461,36.20%,1085,449,1534
"Judge, County Court at Law No. 3",0479,638,612,1250,2714,46.06%,924,270,1194
"Judge, County Court at Law No. 3",0480,493,450,943,2415,39.05%,683,219,902
"Judge, County Court at Law No. 3",0481,770,623,1393,3482,40.01%,1061,268,1329
"Judge, County Court at Law No. 3",0482,878,630,1508,4373,34.48%,1090,365,1455
"Judge, County Court at Law No. 3",0483,1042,478,1520,4308,35.28%,889,571,1460
"Judge, County Court at Law No. 3",0484,1107,930,2037,4979,40.91%,1467,497,1964
"Judge, County Court at Law No. 3",0485,1095,911,2006,5388,37.23%,1573,378,1951
"Judge, County Court at Law No. 3",0486,873,855,1728,3866,44.70%,1348,304,1652
"Judge, County Court at Law No. 3",0487,570,294,864,3860,22.38%,326,466,792
"Judge, County Court at Law No. 3",0488,268,254,522,1719,30.37%,194,289,483
"Judge, County Court at Law No. 3",0489,350,290,640,1893,33.81%,213,398,611
"Judge, County Court at Law No. 3",0490,444,368,812,1975,41.11%,294,482,776
"Judge, County Court at Law No. 3",0491,314,372,686,1888,36.33%,406,239,645
"Judge, County Court at Law No. 3",0492,556,410,966,2335,41.37%,578,339,917
"Judge, County Court at Law No. 3",0493,479,322,801,1853,43.23%,541,213,754
"Judge, County Court at Law No. 3",0494,381,247,628,2467,25.46%,75,534,609
"Judge, County Court at Law No. 3",0495,522,523,1045,2375,44.00%,753,223,976
Office,Precinct,Early Ballots Cast,Election Ballots Cast,Total Ballots Cast,Registered Voters,Percent Turnout,REP Linda Storey,DEM Gloria Cantu Minnick,Totals
"Judge, County Court at Law No. 3",0496,190,315,505,2160,23.38%,201,286,487
"Judge, County Court at Law No. 3",0497,526,243,769,2257,34.07%,27,719,746
"Judge, County Court at Law No. 3",0498,363,323,686,2297,29.87%,308,358,666
"Judge, County Court at Law No. 3",0499,750,518,1268,2326,54.51%,920,272,1192
"Judge, County Court at Law No. 3",0500,729,715,1444,3507,41.17%,1003,381,1384
"Judge, County Court at Law No. 3",0501,341,417,758,1801,42.09%,272,425,697
"Judge, County Court at Law No. 3",0502,477,350,827,2501,33.07%,675,121,796
"Judge, County Court at Law No. 3",0503,174,116,290,1374,21.11%,112,157,269
"Judge, County Court at Law No. 3",0504,624,527,1151,2288,50.31%,734,347,1081
"Judge, County Court at Law No. 3",0505,531,562,1193,3773,31.62%,545,567,1112
"Judge, County Court at Law No. 3",0506,665,670,1335,3502,38.12%,241,1042,1283
"Judge, County Court at Law No. 3",0507,221,149,370,2452,15.09%,80,224,304
"Judge, County Court at Law No. 3",0508,492,412,904,3287,27.50%,351,484,835
"Judge, County Court at Law No. 3",0509,753,596,1349,3732,36.15%,957,324,1281
"Judge, County Court at Law No. 3",0510,687,514,1201,3590,33.45%,601,540,1141
"Judge, County Court at Law No. 3",0511,0,0,0,0,0.00%,0,0,0
"Judge, County Court at Law No. 3",0512,602,660,1262,5057,24.96%,617,610,1227
"Judge, County Court at Law No. 3",0513,1019,487,1506,2894,52.04%,1135,297,1432
"Judge, County Court at Law No. 3",0514,953,720,1673,4275,39.13%,1271,332,1603
"Judge, County Court at Law No. 3",0515,942,683,1625,3455,47.03%,1302,247,1549
"Judge, County Court at Law No. 3",0516,1000,800,1800,5356,33.61%,961,752,1713
"Judge, County Court at Law No. 3",0517,481,256,737,2954,24.95%,428,289,717
"Judge, County Court at Law No. 3",0518,635,693,1328,3943,33.68%,885,390,1275
"Judge, County Court at Law No. 3",0519,623,493,1116,2966,37.63%,835,240,1075
"Judge, County Court at Law No. 3",0520,473,457,930,4580,20.31%,169,740,909
"Judge, County Court at Law No. 3",0521,471,464,935,2866,32.62%,511,392,903
"Judge, County Court at Law No. 3",0522,715,572,1288,2689,47.90%,1010,228,1238
"Judge, County Court at Law No. 3",0523,751,415,1166,3052,38.20%,798,317,1115
"Judge, County Court at Law No. 3",0524,567,459,1026,3410,30.09%,351,640,991
"Judge, County Court at Law No. 3",0525,707,482,1189,3091,38.47%,269,863,1132
"Judge, County Court at Law No. 3",0526,68,84,152,780,19.49%,44,98,142
"Judge, County Court at Law No. 3",0527,37,40,77,574,13.41%,43,31,74
"Judge, County Court at Law No. 3",0528,14,12,26,90,28.89%,2,22,24
Office,Precinct,Early Ballots Cast,Election Ballots Cast,Total Ballots Cast,Registered Voters,Percent Turnout,REP Linda Storey,DEM Gloria Cantu Minnick,Totals
"Judge, County Court at Law No. 3",0529,1043,491,1534,3710,41.35%,1322,151,1473
"Judge, County Court at Law No. 3",0530,114,107,221,1196,18.48%,56,152,208
"Judge, County Court at Law No. 3",0531,363,174,537,1145,46.90%,415,96,511
"Judge, County Court at Law No. 3",0532,205,146,351,1048,33.49%,255,84,339
"Judge, County Court at Law No. 3",0533,124,108,232,1119,20.73%,134,84,218
"Judge, County Court at Law No. 3",0534,783,524,1,307,3837,34.06%,996,249,1245
"Judge, County Court at Law No. 3",0535,33,29,62,416,14.90%,29,31,60
"Judge, County Court at Law No. 3",0536,554,780,1334,5139,25.96%,524,763,1287
"Judge, County Court at Law No. 3",0537,855,778,1633,3050,53.54%,1198,361,1559
"Judge, County Court at Law No. 3",0538,204,160,364,1303,27.94%,6,348,354
"Judge, County Court at Law No. 3",0539,15,241,256,64,400.00%,77,163,240
"Judge, County Court at Law No. 3",0540,378,316,694,1567,44.29%,261,375,636
"Judge, County Court at Law No. 3",0541,784,505,1289,4599,28.03%,190,1041,1231
"Judge, County Court at Law No. 3",0542,360,382,742,2557,29.02%,47,667,714
"Judge, County Court at Law No. 3",0543,141,213,354,1565,22.62%,113,219,332
"Judge, County Court at Law No. 3",0544,36,41,77,310,24.84%,12,58,70
"Judge, County Court at Law No. 3",0545,596,620,1216,3629,33.51%,617,551,1168
"Judge, County Court at Law No. 3",0546,2,2,4,37,10.81%,2,1,3
"Judge, County Court at Law No. 3",0547,501,466,967,2406,40.19%,688,237,925
"Judge, County Court at Law No. 3",0548,286,293,579,2215,26.14%,309,251,560
"Judge, County Court at Law No. 3",0549,343,418,761,2663,28.58%,112,631,743
"Judge, County Court at Law No. 3",0550,501,431,932,3031,30.75%,532,364,896
"Judge, County Court at Law No. 3",0551,1288,1394,2682,7034,38.13%,2033,567,2600
"Judge, County Court at Law No. 3",0552,847,883,1730,3415,50.66%,1431,242,1673
"Judge, County Court at Law No. 3",0553,578,529,1107,4686,23.62%,513,559,1072
"Judge, County Court at Law No. 3",0554,261,199,460,1757,26.18%,100,326,426
"Judge, County Court at Law No. 3",0555,225,277,502,2219,22.62%,105,374,479
"Judge, County Court at Law No. 3",0556,276,186,462,2319,19.92%,138,305,443
"Judge, County Court at Law No. 3",0557,455,183,638,2830,22.54%,265,297,562
"Judge, County Court at Law No. 3",0558,693,463,1156,4380,26.39%,419,693,1112
"Judge, County Court at Law No. 3",0559,640,494,1134,4969,22.82%,345,745,1090
"Judge, County Court at Law No. 3",0560,72,131,203,1120,18.13%,50,138,188
"Judge, County Court at Law No. 3",0561,362,436,798,3064,26.04%,480,281,761
Office,Precinct,Early Ballots Cast,Election Ballots Cast,Total Ballots Cast,Registered Voters,Percent Turnout,REP Linda Storey,DEM Gloria Cantu Minnick,Totals
"Judge, County Court at Law No. 3",0562,113,68,181,694,26.08%,26,153,179
"Judge, County Court at Law No. 3",0563,1107,376,1483,3105,47.76%,1158,258,1416
"Judge, County Court at Law No. 3",0564,470,426,896,3155,28.40%,232,619,851
"Judge, County Court at Law No. 3",0565,108,78,186,1354,13.74%,43,128,171
"Judge, County Court at Law No. 3",0566,417,324,741,2882,25.71%,231,487,718
"Judge, County Court at Law No. 3",0567,301,193,494,2238,22.07%,161,292,453
"Judge, County Court at Law No. 3",0568,876,685,1561,3594,43.43%,1013,450,1463
"Judge, County Court at Law No. 3",0569,572,667,1239,3525,35.15%,644,518,1162
"Judge, County Court at Law No. 3",0570,238,210,448,1562,28.68%,154,257,411
"Judge, County Court at Law No. 3",0571,155,149,304,1827,16.64%,124,171,295
"Judge, County Court at Law No. 3",0572,555,375,930,3108,29.92%,480,405,885
"Judge, County Court at Law No. 3",0573,290,151,441,1619,27.24%,7,430,437
"Judge, County Court at Law No. 3",0574,31,42,73,402,18.16%,8,65,73
"Judge, County Court at Law No. 3",0575,13,11,24,74,32.43%,19,4,23
"Judge, County Court at Law No. 3",0576,485,318,803,2734,29.37%,23,762,785
"Judge, County Court at Law No. 3",0577,147,88,235,608,38.65%,145,80,225
"Judge, County Court at Law No. 3",0578,409,538,947,1799,52.64%,578,321,899
"Judge, County Court at Law No. 3",0579,75,101,176,1056,16.67%,35,133,168
"Judge, County Court at Law No. 3",0580,179,118,297,1031,28.81%,5,282,287
"Judge, County Court at Law No. 3",0581,212,174,386,1032,37.40%,7,365,372
"Judge, County Court at Law No. 3",0582,258,171,429,1588,27.02%,20,396,416
"Judge, County Court at Law No. 3",0583,225,131,356,1262,28.21%,12,336,348
"Judge, County Court at Law No. 3",0584,182,93,275,1014,27.12%,11,259,270
"Judge, County Court at Law No. 3",0585,417,172,589,2511,23.46%,16,562,578
"Judge, County Court at Law No. 3",0586,638,680,1318,4316,30.54%,807,460,1267
"Judge, County Court at Law No. 3",0587,436,284,720,2598,27.71%,282,415,697
"Judge, County Court at Law No. 3",0588,758,674,1432,3645,39.29%,1020,357,1377
"Judge, County Court at Law No. 3",0589,500,386,886,3420,25.91%,499,359,858
"Judge, County Court at Law No. 3",0590,772,399,1171,2162,54.16%,906,222,1128
"Judge, County Court at Law No. 3",0591,183,231,414,2121,19.52%,125,272,397
"Judge, County Court at Law No. 3",0592,133,157,290,1350,21.48%,79,197,276
"Judge, County Court at Law No. 3",0593,543,564,1107,4380,25.27%,546,508,1054
"Judge, County Court at Law No. 3",0594,561,326,887,2490,35.62%,253,604,857
Office,Precinct,Early Ballots Cast,Election Ballots Cast,Total Ballots Cast,Registered Voters,Percent Turnout,REP Linda Storey,DEM Gloria Cantu Minnick,Totals
"Judge, County Court at Law No. 3",0595,201,178,379,1693,22.39%,69,300,369
"Judge, County Court at Law No. 3",0596,441,348,789,3007,26.24%,443,319,762
"Judge, County Court at Law No. 3",0597,367,394,761,3653,20.83%,332,416,748
"Judge, County Court at Law No. 3",0598,195,57,252,728,34.62%,206,39,245
"Judge, County Court at Law No. 3",0599,850,578,1428,4950,28.85%,509,871,1380
"Judge, County Court at Law No. 3",0600,667,429,1096,3957,27.70%,446,599,1045
"Judge, County Court at Law No. 3",0601,1073,756,1829,4057,45.08%,1383,380,1763
"Judge, County Court at Law No. 3",0602,293,235,525,1326,39.82%,385,126,511
"Judge, County Court at Law No. 3",0603,554,794,1678,4843,34.65%,1089,547,1636
"Judge, County Court at Law No. 3",0604,702,518,1220,3005,40.60%,1011,163,1174
"Judge, County Court at Law No. 3",0605,907,556,1463,5582,26.21%,360,1061,1421
"Judge, County Court at Law No. 3",0606,176,70,246,937,26.25%,4,238,242
"Judge, County Court at Law No. 3",0607,52,51,113,728,15.52%,13,93,106
"Judge, County Court at Law No. 3",0608,31,47,78,537,14.53%,47,26,73
"Judge, County Court at Law No. 3",0609,557,680,1347,3384,39.80%,836,438,1274
"Judge, County Court at Law No. 3",0610,231,188,419,1927,21.74%,216,170,386
"Judge, County Court at Law No. 3",0611,495,242,737,2488,29.62%,26,699,725
"Judge, County Court at Law No. 3",0612,996,497,1493,3307,45.15%,1122,290,1412
"Judge, County Court at Law No. 3",0613,186,204,390,1554,25.10%,67,311,378
"Judge, County Court at Law No. 3",0614,737,566,1303,4207,30.97%,504,750,1254
"Judge, County Court at Law No. 3",0615,450,299,779,1967,39.60%,495,259,754
"Judge, County Court at Law No. 3",0616,739,663,1402,3436,40.80%,985,364,1349
"Judge, County Court at Law No. 3",0617,541,393,934,3809,24.52%,394,515,909
"Judge, County Court at Law No. 3",0618,946,567,1513,6003,25.20%,773,690,1463
"Judge, County Court at Law No. 3",0619,1219,803,2022,4297,47.06%,1506,418,1924
"Judge, County Court at Law No. 3",0620,589,264,953,2897,32.90%,593,313,906
"Judge, County Court at Law No. 3",0621,154,101,255,1133,22.51%,135,105,240
"Judge, County Court at Law No. 3",0622,881,524,1405,4403,31.91,%,872,481,1353
"Judge, County Court at Law No. 3",0623,887,487,1374,3691,37.23%,933,377,1310
"Judge, County Court at Law No. 3",0624,1,1,2,3,66.67%,1,1,2
"Judge, County Court at Law No. 3",0625,477,362,839,1820,46.10%,474,309,783
"Judge, County Court at Law No. 3",0626,551,440,1021,2861,35.69%,573,394,967
"Judge, County Court at Law No. 3",0627,345,322,668,3049,21.91%,251,387,638
Office,Precinct,Early Ballots Cast,Election Ballots Cast,Total Ballots Cast,Registered Voters,Percent Turnout,REP Linda Storey,DEM Gloria Cantu Minnick,Totals
"Judge, County Court at Law No. 3",0628,152,219,371,1675,22.15%,202,159,361
"Judge, County Court at Law No. 3",0629,37,53,90,696,12.93%,15,74,89
"Judge, County Court at Law No. 3",0630,974,600,1574,3905,40.31%,121,1405,1526
"Judge, County Court at Law No. 3",0631,822,404,1226,2846,43.08%,896,284,1180
"Judge, County Court at Law No. 3",0632,7,4,11,343,3.21%,3,8,11
"Judge, County Court at Law No. 3",0633,943,731,1674,3559,47.04%,1196,412,1608
"Judge, County Court at Law No. 3",0634,458,442,900,3029,29.71%,603,266,869
"Judge, County Court at Law No. 3",0635,743,485,1228,3393,36.19%,935,257,1192
"Judge, County Court at Law No. 3",0636,835,874,1710,4140,41.30%,1490,168,1658
"Judge, County Court at Law No. 3",0637,409,362,771,2512,30.69%,182,536,718
"Judge, County Court at Law No. 3",0638,304,245,549,2204,24.91%,41,484,525
"Judge, County Court at Law No. 3",0639,549,547,1096,2526,43.39%,884,164,1048
"Judge, County Court at Law No. 3",0640,641,459,1100,3733,29.47%,703,359,1062
"Judge, County Court at Law No. 3",0641,649,596,1245,3650,34.11%,840,360,1200
"Judge, County Court at Law No. 3",0642,471,394,865,1764,49.04%,697,125,822
"Judge, County Court at Law No. 3",0643,934,653,1587,5945,26.69%,634,903,1537
"Judge, County Court at Law No. 3",0644,1019,823,1842,5523,33.35%,1233,530,1763
"Judge, County Court at Law No. 3",0645,654,594,1248,4185,29.82%,676,517,1193
"Judge, County Court at Law No. 3",0646,364,287,651,2220,29.32%,211,400,611
"Judge, County Court at Law No. 3",0647,904,470,1374,6084,22.58%,402,860,1262
"Judge, County Court at Law No. 3",0648,838,579,1417,3367,42.08%,1027,341,1368
"Judge, County Court at Law No. 3",0649,687,434,1121,4576,24.50%,362,684,1046
"Judge, County Court at Law No. 3",0650,906,766,1672,3888,43.00%,1216,381,1597
"Judge, County Court at Law No. 3",0651,963,766,1729,5128,33.72%,1127,526,1653
"Judge, County Court at Law No. 3",0652,467,515,982,2815,34.88%,179,769,948
"Judge, County Court at Law No. 3",0653,0,4,4,0,0.00%,0,4,4
"Judge, County Court at Law No. 3",0654,950,1005,1955,6208,31.49%,1091,791,1882
"Judge, County Court at Law No. 3",0655,1115,1079,2195,6855,32.02%,1383,728,2111
"Judge, County Court at Law No. 3",0656,579,393,972,2674,36.35%,34,913,947
"Judge, County Court at Law No. 3",0657,246,172,418,1292,32.35%,167,234,401
"Judge, County Court at Law No. 3",0658,540,426,966,2807,34.41%,634,309,943
"Judge, County Court at Law No. 3",0659,1149,788,1937,4856,39.89%,1387,487,1874
"Judge, County Court at Law No. 3",0660,950,825,1775,5372,33.04%,169,1562,1731
Office,Precinct,Early Ballots Cast,Election Ballots Cast,Total Ballots Cast,Registered Voters,Percent Turnout,REP Linda Storey,DEM Gloria Cantu Minnick,Totals
"Judge, County Court at Law No. 3",0661,675,765,1440,4567,31.53%,850,535,1385
"Judge, County Court at Law No. 3",0662,1148,890,2038,4874,41.81%,1639,334,1973
"Judge, County Court at Law No. 3",0663,717,797,1514,3346,45.25%,749,659,1408
"Judge, County Court at Law No. 3",0664,352,250,602,2869,20.98%,133,442,575
"Judge, County Court at Law No. 3",0665,482,348,830,2154,38.53%,705,95,800
"Judge, County Court at Law No. 3",0666,0,0,0,0,0.00%,0,0,0
"Judge, County Court at Law No. 3",0667,488,502,990,2149,46.07%,769,181,950
"Judge, County Court at Law No. 3",0668,399,509,908,2775,32.72%,595,287,882
"Judge, County Court at Law No. 3",0669,850,738,1,588,3425,46.36%,1139,377,1516
"Judge, County Court at Law No. 3",0670,955,471,1427,2983,47.84%,1128,246,1374
"Judge, County Court at Law No. 3",0671,403,565,968,3037,31.87%,595,331,926
"Judge, County Court at Law No. 3",0672,959,862,1821,5706,31.91%,1244,519,1763
"Judge, County Court at Law No. 3",0673,729,516,1245,2995,41.57%,1002,192,1194
"Judge, County Court at Law No. 3",0674,1071,618,1689,4091,41.29%,1269,358,1627
"Judge, County Court at Law No. 3",0675,0,1,1,0,0.00%,1,0,1
"Judge, County Court at Law No. 3",0676,0,0,0,0,0.00%,0,0,0
"Judge, County Court at Law No. 3",0677,127,127,254,1266,20.06%,91,146,237
"Judge, County Court at Law No. 3",0678,166,108,274,735,37.28%,183,71,254
"Judge, County Court at Law No. 3",0679,635,520,1155,3381,34.16%,884,222,1106
"Judge, County Court at Law No. 3",0680,21,14,35,162,21.60%,13,21,34
"Judge, County Court at Law No. 3",0681,1,0,1,5,20.00%,1,0,1
"Judge, County Court at Law No. 3",0682,711,654,1365,4216,32.38%,1013,302,1315
"Judge, County Court at Law No. 3",0683,29,20,49,276,17.75%,8,36,44
"Judge, County Court at Law No. 3",0684,27,22,49,223,21.97%,27,19,46
"Judge, County Court at Law No. 3",0685,110,29,139,307,45.28%,64,65,129
"Judge, County Court at Law No. 3",0686,17,12,29,208,13.94%,11,17,28
"Judge, County Court at Law No. 3",0687,549,537,1085,2609,41.63%,739,279,1018
"Judge, County Court at Law No. 3",0688,999,617,1616,3504,46.12%,1292,259,1551
"Judge, County Court at Law No. 3",0689,211,387,598,2346,25.49%,306,262,568
"Judge, County Court at Law No. 3",0690,926,1104,2030,5102,39.79%,1652,314,1966
"Judge, County Court at Law No. 3",0691,2,5,7,25,28.00%,3,4,7
"Judge, County Court at Law No. 3",0692,444,548,992,2847,34.84%,747,206,953
"Judge, County Court at Law No. 3",0693,167,91,258,666,38.74%,71,174,245
Office,Precinct,Early Ballots Cast,Election Ballots Cast,Total Ballots Cast,Registered Voters,Percent Turnout,REP Linda Storey,DEM Gloria Cantu Minnick,Totals
"Judge, County Court at Law No. 3",0694,260,120,380,845,44.97%,262,94,356
"Judge, County Court at Law No. 3",0695,232,193,425,1724,24.65%,277,133,410
"Judge, County Court at Law No. 3",0696,261,207,468,1982,23.61%,300,142,442
"Judge, County Court at Law No. 3",0697,605,613,1218,4413,27.60%,305,864,1169
"Judge, County Court at Law No. 3",0698,448,489,937,3189,29.38%,99,811,910
"Judge, County Court at Law No. 3",0699,568,414,982,2343,41.91%,639,279,918
"Judge, County Court at Law No. 3",0700,255,251,506,1371,36.91%,429,54,483
"Judge, County Court at Law No. 3",0701,56,43,99,588,16.84%,62,32,94
"Judge, County Court at Law No. 3",0702,54,70,134,539,24.86%,18,114,132
"Judge, County Court at Law No. 3",0703,372,490,862,1882,45.80%,625,200,825
"Judge, County Court at Law No. 3",0704,569,599,1168,3064,38.12%,949,166,1115
"Judge, County Court at Law No. 3",0705,114,113,227,1523,14.90%,33,185,218
"Judge, County Court at Law No. 3",0706,115,71,186,610,30.49%,94,81,175
"Judge, County Court at Law No. 3",0707,153,86,239,707,33.80%,154,72,226
"Judge, County Court at Law No. 3",0708,54,52,106,563,18.83%,48,48,96
"Judge, County Court at Law No. 3",0709,1375,947,2322,6848,33.91%,1426,832,2258
"Judge, County Court at Law No. 3",0710,371,462,833,2082,40.01%,449,318,767
"Judge, County Court at Law No. 3",0711,702,506,1208,3484,34.67%,725,416,1141
"Judge, County Court at Law No. 3",0712,491,463,954,3670,25.99%,414,519,933
"Judge, County Court at Law No. 3",0713,228,262,490,1907,25.69%,249,217,466
"Judge, County Court at Law No. 3",0714,35,19,55,296,18.58%,34,19,53
"Judge, County Court at Law No. 3",0715,176,187,363,1408,25.78%,206,137,343
"Judge, County Court at Law No. 3",0716,449,407,856,2680,31.94%,613,223,836
"Judge, County Court at Law No. 3",0717,373,250,623,2002,31.12%,75,531,606
"Judge, County Court at Law No. 3",0718,1017,806,1823,4229,43.11%,1268,448,1716
"Judge, County Court at Law No. 3",0719,247,137,384,1589,24.17%,232,135,367
"Judge, County Court at Law No. 3",0720,994,780,1774,4282,41.43%,1344,366,1710
"Judge, County Court at Law No. 3",0721,754,532,1286,2870,44.81%,833,382,1215
"Judge, County Court at Law No. 3",0722,871,494,1365,4479,30.48%,100,1220,1320
"Judge, County Court at Law No. 3",0723,401,202,603,1858,32.45%,133,445,578
"Judge, County Court at Law No. 3",0724,151,128,279,766,36.42%,207,58,265
"Judge, County Court at Law No. 3",0725,423,237,660,2237,29.50%,309,331,640
"Judge, County Court at Law No. 3",0726,592,402,994,2087,47.63%,876,92,968
Office,Precinct,Early Ballots Cast,Election Ballots Cast,Total Ballots Cast,Registered Voters,Percent Turnout,REP Linda Storey,DEM Gloria Cantu Minnick,Totals
"Judge, County Court at Law No. 3",0727,338,290,628,2488,25.24%,203,384,587
"Judge, County Court at Law No. 3",0728,209,151,360,880,40.91%,224,115,339
"Judge, County Court at Law No. 3",0729,136,59,195,464,42.03%,123,67,190
"Judge, County Court at Law No. 3",0730,428,359,787,1747,45.05%,509,233,742
"Judge, County Court at Law No. 3",0731,58,27,85,352,24.15%,25,58,83
"Judge, County Court at Law No. 3",0732,441,324,765,1924,39.76%,480,241,721
"Judge, County Court at Law No. 3",0733,13,7,20,215,9.30%,8,10,18
"Judge, County Court at Law No. 3",0734,1558,962,2520,7005,35.97%,1755,695,2450
"Judge, County Court at Law No. 3",0735,8,0,6,18,33.33%,6,0,6
"Judge, County Court at Law No. 3",0736,3,1,4,22,18.18%,0,3,3
"Judge, County Court at Law No. 3",0737,11,7,18,51,35.29%,14,4,18
"Judge, County Court at Law No. 3",0738,139,100,239,1361,17.56%,47,185,232
"Judge, County Court at Law No. 3",0739,353,301,654,2955,22.13%,343,285,628
"Judge, County Court at Law No. 3",0740,96,98,194,939,20.66%,130,54,184
"Judge, County Court at Law No. 3",0741,0,1,1,0,0.00%,0,1,1
"Judge, County Court at Law No. 3",0742,0,11,11,0,0.00%,6,5,11
"Judge, County Court at Law No. 3",0743,15,18,33,210,15.71%,18,13,31
"Judge, County Court at Law No. 3",0744,456,392,848,2027,41.84%,538,260,798
"Judge, County Court at Law No. 3",0745,683,372,1055,2494,42.30%,649,352,1001
"Judge, County Court at Law No. 3",0746,114,77,191,691,27.64%,92,95,187
"Judge, County Court at Law No. 3",0747,550,467,1017,3743,27.17%,514,472,986
"Judge, County Court at Law No. 3",0748,170,140,310,1403,22.10%,165,135,300
"Judge, County Court at Law No. 3",0749,30,17,47,377,12.47%,9,36,45
"Judge, County Court at Law No. 3",0750,111,96,207,767,26.99%,127,76,203
"Judge, County Court at Law No. 3",0751,925,964,1889,5084,37.16%,1272,540,1812
"Judge, County Court at Law No. 3",0752,286,200,486,1483,32.77%,374,92,466
"Judge, County Court at Law No. 3",0753,55,73,128,259,49.42%,78,42,120
"Judge, County Court at Law No. 3",0754,0,0,0,0,0.00%,0,0,0
"Judge, County Court at Law No. 3",0755,442,584,1026,4294,23.89%,449,536,985
"Judge, County Court at Law No. 3",0756,251,177,428,1600,26.75%,174,236,410
"Judge, County Court at Law No. 3",0757,520,508,1028,4035,25.48%,183,812,995
"Judge, County Court at Law No. 3",0758,1114,692,1806,4096,44.09%,1458,290,1748
"Judge, County Court at Law No. 3",0759,465,413,878,2730,32.16%,567,276,843
Office,Precinct,Early Ballots Cast,Election Ballots Cast,Total Ballots Cast,Registered Voters,Percent Turnout,REP Linda Storey,DEM Gloria Cantu Minnick,Totals
"Judge, County Court at Law No. 3",0760,1432,639,2071,4367,47.42%,1714,270,1984
"Judge, County Court at Law No. 3",0761,548,253,801,1550,51.68%,548,199,747
"Judge, County Court at Law No. 3",0762,0,0,0,0,0.00%,0,0,0
"Judge, County Court at Law No. 3",0763,108,146,254,1212,20.96%,100,143,243
"Judge, County Court at Law No. 3",0764,1133,774,1907,5217,36.55%,1211,632,1843
"Judge, County Court at Law No. 3",0765,647,426,1073,4055,26.46%,457,564,1021
"Judge, County Court at Law No. 3",0766,40,25,65,392,16.58%,18,41,59
"Judge, County Court at Law No. 3",0767,10,2,12,86,13.95%,6,6,12
"Judge, County Court at Law No. 3",0768,1359,1015,2374,5857,40.53%,1949,360,2309
"Judge, County Court at Law No. 3",0769,54,16,70,183,38.25%,3,66,69
"Judge, County Court at Law No. 3",0770,31,25,56,323,17.34%,27,25,52
"Judge, County Court at Law No. 3",0771,324,254,578,2426,23.83%,340,219,559
"Judge, County Court at Law No. 3",0772,1792,851,2643,5709,46.30%,2025,501,2526
"Judge, County Court at Law No. 3",0773,473,312,785,2918,26.90%,223,496,719
"Judge, County Court at Law No. 3",0774,30,41,71,378,18.78%,15,54,69
"Judge, County Court at Law No. 3",0775,18,3,21,92,22.83%,0,21,21
"Judge, County Court at Law No. 3",0776,551,496,1047,3053,34.29%,616,387,1003
"Judge, County Court at Law No. 3",0777,46,40,86,652,13.19%,32,53,85
"Judge, County Court at Law No. 3",0778,0,0,0,0,0.00%,0,0,0
"Judge, County Court at Law No. 3",0779,64,51,115,940,12.23%,40,71,111
"Judge, County Court at Law No. 3",0780,63,59,122,595,20.50%,71,46,117
"Judge, County Court at Law No. 3",0781,666,273,939,3603,26.06%,430,412,842
"Judge, County Court at Law No. 3",0782,368,370,738,2236,33.01%,461,248,709
"Judge, County Court at Law No. 3",0783,49,13,62,294,21.09%,45,15,60
"Judge, County Court at Law No. 3",0784,208,128,336,1079,31.14%,5,314,319
"Judge, County Court at Law No. 3",0785,28,25,53,296,17.91%,31,22,53
"Judge, County Court at Law No. 3",0786,100,98,198,1251,15.83%,73,118,191
"Judge, County Court at Law No. 3",0787,46,52,98,488,20.08%,34,61,95
"Judge, County Court at Law No. 3",0788,74,32,106,454,23.35%,51,52,103
"Judge, County Court at Law No. 3",0789,0,3,3,3,100.00%,1,2,3
"Judge, County Court at Law No. 3",0790,0,0,0,3,0.00%,0,0,0
"Judge, County Court at Law No. 3",0791,0,0,0,0,0.00%,0,0,0
"Judge, County Court at Law No. 3",0792,269,239,508,1865,27.24%,120,364,484
Office,Precinct,Early Ballots Cast,Election Ballots Cast,Total Ballots Cast,Registered Voters,Percent Turnout,REP Linda Storey,DEM Gloria Cantu Minnick,Totals
"Judge, County Court at Law No. 3",0793,448,247,695,2484,27.98%,417,253,670
"Judge, County Court at Law No. 3",0794,124,144,268,2710,9.89%,35,223,258
"Judge, County Court at Law No. 3",0795,90,125,215,1217,17.67%,74,129,203
"Judge, County Court at Law No. 3",0796,83,51,134,476,28.15%,74,55,129
"Judge, County Court at Law No. 3",0797,0,0,0,0,0.00%,0,0,0
"Judge, County Court at Law No. 3",0798,99,111,210,500,42.00%,82,117,199
"Judge, County Court at Law No. 3",0799,28,15,43,161,26.71%,8,35,43
"Judge, County Court at Law No. 3",0800,588,642,1230,2932,41.95%,839,332,1171
"Judge, County Court at Law No. 3",0801,32,14,46,258,17.83%,16,26,42
"Judge, County Court at Law No. 3",0802,51,27,78,312,25.00%,14,62,76
"Judge, County Court at Law No. 3",0803,725,511,1236,2893,42.72%,907,288,1195
"Judge, County Court at Law No. 3",0804,932,591,1523,4768,31.94%,971,507,1478
"Judge, County Court at Law No. 3",0805,765,533,1298,2866,45.29%,1046,205,1251
"Judge, County Court at Law No. 3",0806,0,0,0,0,0.00%,0,0,0
"Judge, County Court at Law No. 3",0807,211,204,415,2028,20.46%,95,298,393
"Judge, County Court at Law No. 3",0808,12,17,29,131,22.14%,6,22,28
"Judge, County Court at Law No. 3",0809,7,6,13,92,14.13%,5,6,11
"Judge, County Court at Law No. 3",0810,9,16,25,211,11.85%,7,17,24
"Judge, County Court at Law No. 3",0811,29,50,79,270,29.26%,26,51,77
"Judge, County Court at Law No. 3",0812,0,0,0,0,0.00%,0,0,0
"Judge, County Court at Law No. 3",0813,938,761,1699,5807,29.26%,869,782,1651
"Judge, County Court at Law No. 3",0814,673,533,1206,5102,23.64%,317,850,1167
"Judge, County Court at Law No. 3",0815,0,0,0,0,0.00%,0,0,0
"Judge, County Court at Law No. 3",0816,10,0,10,73,13.70%,3,7,10
"Judge, County Court at Law No. 3",0817,0,0,0,0,0.00%,0,0,0
"Judge, County Court at Law No. 3",0818,86,39,125,616,20.29%,28,94,122
"Judge, County Court at Law No. 3",0819,64,30,94,240,39.17%,52,31,83
"Judge, County Court at Law No. 3",0820,0,0,0,0,0.00%,0,0,0
"Judge, County Court at Law No. 3",0821,124,120,244,1242,19.65%,31,204,235
"Judge, County Court at Law No. 3",0822,332,167,499,1535,32.51%,15,467,482
"Judge, County Court at Law No. 3",0823,821,564,1385,5087,27.23%,806,530,1336
"Judge, County Court at Law No. 3",0824,428,282,710,2700,26.30%,155,533,688
"Judge, County Court at Law No. 3",0825,0,0,0,0,0.00%,0,0,0
Office,Precinct,Early Ballots Cast,Election Ballots Cast,Total Ballots Cast,Registered Voters,Percent Turnout,REP Linda Storey,DEM Gloria Cantu Minnick,Totals
"Judge, County Court at Law No. 3",0826,73,50,123,358,34.36%,55,57,112
"Judge, County Court at Law No. 3",0827,60,98,158,979,16.14%,71,81,152
"Judge, County Court at Law No. 3",0828,541,388,929,1916,48.49%,734,149,883
"Judge, County Court at Law No. 3",0829,54,22,76,264,28.79%,19,56,75
"Judge, County Court at Law No. 3",0830,0,0,0,2,0.00%,0,0,0
"Judge, County Court at Law No. 3",0831,0,0,0,0,0.00%,0,0,0
"Judge, County Court at Law No. 3",0832,34,28,62,352,17.61%,18,41,59
"Judge, County Court at Law No. 3",0833,0,1,1,20,5.00%,0,1,1
"Judge, County Court at Law No. 3",0834,0,0,0,0,0.00%,0,0,0
"Judge, County Court at Law No. 3",0835,38,19,57,290,19.66%,13,38,51
"Judge, County Court at Law No. 3",0836,3,0,3,19,15.79%,2,1,3
"Judge, County Court at Law No. 3",0837,0,0,0,0,0.00%,0,0,0
"Judge, County Court at Law No. 3",0838,0,0,0,0,0.00%,0,0,0
"Judge, County Court at Law No. 3",0839,136,118,254,1128,22.52%,50,193,243
"Judge, County Court at Law No. 3",0840,381,174,555,1705,32.55%,195,344,539
"Judge, County Court at Law No. 3",0841,0,0,0,0,0.00%,0,0,0
"Judge, County Court at Law No. 3",0842,421,434,855,3259,26.24%,397,424,821
"Judge, County Court at Law No. 3",0843,0,1,1,0,0.00%,0,1,1
"Judge, County Court at Law No. 3",0844,1,0,1,11,9.09%,0,1,1
"Judge, County Court at Law No. 3",0845,54,9,63,134,47.01%,39,21,60
"Judge, County Court at Law No. 3",0845,23,24,47,229,20.52%,4,41,45
"Judge, County Court at Law No. 3",0847,305,211,516,2015,25.61%,143,355,498
"Judge, County Court at Law No. 3",0848,489,266,755,1856,40.68%,219,501,720
"Judge, County Court at Law No. 3",0849,201,291,492,2124,23.16%,187,287,474
"Judge, County Court at Law No. 3",0850,46,41,87,210,41.43%,31,54,85
"Judge, County Court at Law No. 3",0851,1029,657,1686,4709,35.80%,1142,471,1613
"Judge, County Court at Law No. 3",0852,0,0,0,1,0.00%,0,0,0
"Judge, County Court at Law No. 3",0853,575,620,1296,2882,44.97%,995,243,1238
"Judge, County Court at Law No. 3",0854,15,26,41,172,23.84%,6,34,40
"Judge, County Court at Law No. 3",0855,5,9,14,16,87.50%,5,8,13
"Judge, County Court at Law No. 3",0856,0,1,1,0,0.00%,0,1,1
"Judge, County Court at Law No. 3",0857,0,0,0,1,0.00%,0,0,0
"Judge, County Court at Law No. 3",0858,63,34,97,343,28.28%,3,90,93
Office,Precinct,Early Ballots Cast,Election Ballots Cast,Total Ballots Cast,Registered Voters,Percent Turnout,REP Linda Storey,DEM Gloria Cantu Minnick,Totals
"Judge, County Court at Law No. 3",0859,157,106,263,890,29.55%,72,183,255
"Judge, County Court at Law No. 3",0860,0,0,0,0,0.00%,0,0,0
"Judge, County Court at Law No. 3",0861,315,199,514,1842,27.90%,89,411,500
"Judge, County Court at Law No. 3",0862,0,0,0,0,0.00%,0,0,0
"Judge, County Court at Law No. 3",0863,101,54,155,584,26.54%,7,146,153
"Judge, County Court at Law No. 3",0864,193,299,492,2569,19.15%,147,323,470
"Judge, County Court at Law No. 3",0865,2,3,5,21,23.81%,0,5,5
"Judge, County Court at Law No. 3",0866,0,0,0,0,0.00%,0,0,0
"Judge, County Court at Law No. 3",0867,0,0,0,0,0.00%,0,0,0
"Judge, County Court at Law No. 3",0868,236,271,507,2326,21.80%,166,322,488
"Judge, County Court at Law No. 3",0869,53,39,92,470,19.57%,21,68,89
"Judge, County Court at Law No. 3",0870,0,0,0,0,0.00%,0,0,0
"Judge, County Court at Law No. 3",0871,1,0,1,3,33.33%,0,1,1
"Judge, County Court at Law No. 3",0872,5,3,8,59,13.56%,4,4,8
"Judge, County Court at Law No. 3",0873,98,75,173,737,23.47%,44,125,169
"Judge, County Court at Law No. 3",0874,763,707,1470,3223,45.61%,1102,305,1407
"Judge, County Court at Law No. 3",0875,904,527,1431,5147,27.80%,706,680,1386
"Judge, County Court at Law No. 3",0876,698,641,1339,3265,41.01,%,1024,269,1293
"Judge, County Court at Law No. 3",0877,476,382,858,3032,28.30%,352,485,837
"Judge, County Court at Law No. 3",0878,427,354,781,1666,46.88%,652,107,759
"Judge, County Court at Law No. 3",0879,407,294,701,2667,26.28%,366,299,665
"Judge, County Court at Law No. 3",0880,543,447,990,2352,42.09%,795,159,954
"Judge, County Court at Law No. 3",0881,593,540,1133,4479,25.30%,402,706,1108
"Judge, County Court at Law No. 3",0882,426,291,717,2422,29.60%,438,256,694
"Judge, County Court at Law No. 3",0883,643,702,1345,5408,24.87%,242,1064,1306
"Judge, County Court at Law No. 3",0884,57,25,82,377,21.75%,8,71,79
"Judge, County Court at Law No. 3",0885,562,368,930,2619,35.51%,545,361,906
"Judge, County Court at Law No. 3",0886,128,108,236,675,34.96%,133,90,223
"Judge, County Court at Law No. 3",0887,50,67,117,418,27.99%,56,52,108
"Judge, County Court at Law No. 3",0888,0,3,3,0,0.00%,2,1,3
"Judge, County Court at Law No. 3",0889,14,0,14,57,24.56%,5,8,13
"Judge, County Court at Law No. 3",0890,164,103,267,1095,24.38%,83,161,244
"Judge, County Court at Law No. 3",0891,317,243,560,1331,42.07%,203,315,518
Office,Precinct,Early Ballots Cast,Election Ballots Cast,Total Ballots Cast,Registered Voters,Percent Turnout,REP Linda Storey,DEM Gloria Cantu Minnick,Totals
"Judge, County Court at Law No. 3",0892,115,86,201,808,24.88%,70,119,189
"Judge, County Court at Law No. 3",0893,0,2,2,6,33.33%,0,2,2
"Judge, County Court at Law No. 3",0894,0,3,3,0,0.00%,2,1,3
"Judge, County Court at Law No. 3",0895,156,286,442,793,55.74%,170,226,396
"Judge, County Court at Law No. 3",0896,370,297,667,1459,45.72%,234,381,615
"Judge, County Court at Law No. 3",0897,252,297,549,1701,32.28%,324,208,532
"Judge, County Court at Law No. 3",0898,0,0,0,3,0.00%,0,0,0
"Judge, County Court at Law No. 3",0899,2,0,2,8,25.00%,0,2,2
"Judge, County Court at Law No. 3",0900,0,2,2,10,20.00%,1,1,2
"Judge, County Court at Law No. 3",0901,0,0,0,0,0.00%,0,0,0
"Judge, County Court at Law No. 3",0902,394,486,880,2139,41.14%,476,345,821
"Judge, County Court at Law No. 3",0903,3,7,10,50,20.00%,2,6,8
"Judge, County Court at Law No. 3",0904,1,0,1,7,14.29%,1,0,1
"Judge, County Court at Law No. 3",0905,123,100,223,904,24.67%,101,108,209
"Judge, County Court at Law No. 3",0906,8,6,14,25,56.00%,7,6,13
"Judge, County Court at Law No. 3",0907,12,19,31,181,17.13%,6,25,31
"Judge, County Court at Law No. 3",0908,0,1,1,0,0.00%,0,1,1
"Judge, County Court at Law No. 3",0909,2,1,3,18,16.67%,0,3,3
"Judge, County Court at Law No. 3",0910,25,24,49,217,22.58%,20,25,45
"Judge, County Court at Law No. 3",0911,118,60,178,551,32.30%,121,50,171
"Judge, County Court at Law No. 3",0912,316,201,517,1273,40.61%,339,150,489
"Judge, County Court at Law No. 3",0913,0,0,0,0,0.00%,0,0,0
"Judge, County Court at Law No. 3",0914,169,179,348,701,49.64%,277,55,332
"Judge, County Court at Law No. 3",0915,0,0,0,0,0.00%,0,0,0
"Judge, County Court at Law No. 3",0916,417,240,657,1491,44.06%,532,104,636
"Judge, County Court at Law No. 3",0917,177,62,239,483,49.48%,160,63,223
"Judge, County Court at Law No. 3",0918,304,168,472,883,53.45%,360,88,448
"Judge, County Court at Law No. 3",0919,0,0,0,3,0.00%,0,0,0
"Judge, County Court at Law No. 3",0920,22,12,34,71,47.89%,24,9,33
"Judge, County Court at Law No. 3",0921,32,15,47,119,39.50%,33,13,46
"Judge, County Court at Law No. 3",0922,0,0,0,0,0.00%,0,0,0
"Judge, County Court at Law No. 3",0923,470,137,607,1511,40.17%,458,130,588
"Judge, County Court at Law No. 3",0924,0,0,0,0,0.00%,0,0,0
Office,Precinct,Early Ballots Cast,Election Ballots Cast,Total Ballots Cast,Registered Voters,Percent Turnout,REP Linda Storey,DEM Gloria Cantu Minnick,Totals
"Judge, County Court at Law No. 3",0925,0,0,0,0,0.00%,0,0,0
"Judge, County Court at Law No. 3",0926,171,128,299,796,37.56%,222,65,287
"Judge, County Court at Law No. 3",0927,44,30,74,270,27.41%,28,40,68
"Judge, County Court at Law No. 3",0928,3,0,3,8,37.50%,0,3,3
"Judge, County Court at Law No. 3",0929,0,0,0,0,0.00%,0,0,0
"Judge, County Court at Law No. 3",0930,109,54,163,584,27.91%,5,154,159
"Judge, County Court at Law No. 3",0931,30,40,70,130,53.85%,29,32,61
"Judge, County Court at Law No. 3",0932,0,0,0,0,0.00%,0,0,0
"Judge, County Court at Law No. 3",0933,115,85,200,627,31.90%,57,137,194
"Judge, County Court at Law No. 3",0934,2,0,2,63,3.17%,1,1,2
"Judge, County Court at Law No. 3",0935,3,2,5,54,9.26%,3,1,4
"Judge, County Court at Law No. 3",0936,8,2,10,81,12.35%,3,6,9
"Judge, County Court at Law No. 3",0937,0,0,0,0,0.00%,0,0,0
"Judge, County Court at Law No. 3",0938,30,14,44,231,19.05%,13,29,42
"Judge, County Court at Law No. 3",0939,0,0,0,2,0.00%,0,0,0
"Judge, County Court at Law No. 3",0940,0,0,0,10,0.00%,0,0,0
"Judge, County Court at Law No. 3",0941,9,10,19,25,76.00%,17,2,19
"Judge, County Court at Law No. 3",0942,53,27,80,156,51.28%,66,11,77
"Judge, County Court at Law No. 3",0943,164,80,244,547,44.61%,163,66,229
"Judge, County Court at Law No. 3",0944,20,4,24,45,53.33%,19,1,20
"Judge, County Court at Law No. 3",0945,1,2,3,17,17.65%,1,2,3
"Judge, County Court at Law No. 3",0946,0,1,1,13,7.69%,0,1,1
"Judge, County Court at Law No. 3",0947,177,246,423,799,52.94%,220,180,400
"Judge, County Court at Law No. 3",0948,0,14,14,1,1400.00%,8,3,11
"Judge, County Court at Law No. 3",0949,34,27,61,193,31.61%,32,29,61
"Judge, County Court at Law No. 3",0950,0,0,0,1,0.00%,0,0,0
"Judge, County Court at Law No. 3",0951,33,30,63,277,22.74%,17,45,62
"Judge, County Court at Law No. 3",0952,15,15,31,71,43.66%,15,13,28
"Judge, County Court at Law No. 3",0953,18,9,27,275,9.82%,4,22,26
"Judge, County Court at Law No. 3",0954,0,0,0,1,0.00%,0,0,0
"Judge, County Court at Law No. 3",0955,3,2,5,19,26.32%,4,1,5
"Judge, County Court at Law No. 3",0956,2,4,6,11,54.55%,2,4,6
"Judge, County Court at Law No. 3",0957,97,95,192,562,34.16%,24,166,190
Office,Precinct,Early Ballots Cast,Election Ballots Cast,Total Ballots Cast,Registered Voters,Percent Turnout,REP Linda Storey,DEM Gloria Cantu Minnick,Totals
"Judge, County Court at Law No. 3",0958,81,129,210,1081,19.43%,53,150,203
"Judge, County Court at Law No. 3",0959,0,0,0,0,0.00%,0,0,0
"Judge, County Court at Law No. 3",0960,196,157,353,976,36.17%,72,269,341
"Judge, County Court at Law No. 3",0961,15,0,16,56,28.57%,0,16,16
"Judge, County Court at Law No. 3",0962,10,17,27,88,30.68%,5,22,27
"Judge, County Court at Law No. 3",0963,54,41,105,426,24.65%,58,42,100
"Judge, County Court at Law No. 3",0964,568,437,1005,2372,42.37%,615,354,969
"Judge, County Court at Law No. 3",0965,31,21,52,343,15.16%,28,23,51
"Judge, County Court at Law No. 3",0966,129,83,212,1148,18.47%,78,129,207
"Judge, County Court at Law No. 3",0967,15,48,63,165,38.18%,18,44,62
"Judge, County Court at Law No. 3",0968,119,30,149,692,21.53%,30,115,145
"Judge, County Court at Law No. 3",0969,156,73,229,604,37.91%,0,226,226
"Judge, County Court at Law No. 3",0970,83,36,119,731,16.28%,17,98,115
"Judge, County Court at Law No. 3",0971,11,8,19,147,12.93%,0,16,16
"Judge, County Court at Law No. 3",0972,e,8,14,31,45.16%,13,0,13
"Judge, County Court at Law No. 3",0973,24,19,43,111,38.74%,20,19,39
"Judge, County Court at Law No. 3",0974,57,36,93,299,31.10%,58,32,90
"Judge, County Court at Law No. 3",0975,55,30,85,193,44.04%,39,39,78
"Judge, County Court at Law No. 3",0976,58,62,130,683,19.03%,86,42,128
"Judge, County Court at Law No. 3",0977,50,43,93,572,16.26%,42,50,92
"Judge, County Court at Law No. 3",0978,77,79,156,546,28.57%,29,124,153
"Judge, County Court at Law No. 3",0979,2,6,8,27,29.63%,4,3,7
"Judge, County Court at Law No. 3",0980,280,321,601,1389,43.27%,455,116,571
"Judge, County Court at Law No. 3",0981,0,0,0,0,0.00%,0,0,0
"Judge, County Court at Law No. 3",0982,312,312,624,1567,39.82%,510,89,599
"Judge, County Court at Law No. 3",0983,11,21,32,161,19.88%,19,12,31
"Judge, County Court at Law No. 3",0984,18,9,27,192,14.06%,4,22,26
"Judge, County Court at Law No. 3",0985,117,63,180,351,51.28%,95,75,170
"Judge, County Court at Law No. 3",0986,43,30,73,463,15.77%,12,60,72
"Judge, County Court at Law No. 3",0987,231,90,321,1155,27.79%,29,282,311
"Judge, County Court at Law No. 3",0988,24,12,36,123,29.27%,34,2,36
"Judge, County Court at Law No. 3",0989,e,6,12,43,27.91%,8,4,12
"Judge, County Court at Law No. 3",0990,16,1,17,140,12.14%,7,9,16
Office,Precinct,Early Ballots Cast,Election Ballots Cast,Total Ballots Cast,Registered Voters,Percent Turnout,REP Linda Storey,DEM Gloria Cantu Minnick,Totals
"Judge, County Court at Law No. 3",0991,0,0,0,1,0.00%,0,0,0
"Judge, County Court at Law No. 3",0992,157,107,264,1048,25.19%,150,100,250
"Judge, County Court at Law No. 3",0993,169,101,270,568,47.54%,219,40,259
"Judge, County Court at Law No. 3",0994,5,5,11,25,44.00%,2,9,11
"Judge, County Court at Law No. 3",0995,295,156,451,1393,32.38%,28,412,440
"Judge, County Court at Law No. 3",0996,135,140,275,694,39.63%,153,102,255
"Judge, County Court at Law No. 3",0997,101,163,264,1656,15.94%,59,201,260
"Judge, County Court at Law No. 3",0998,5,1,6,57,10.53%,3,3,6
"Judge, County Court at Law No. 3",0999,17,10,27,68,39.71%,23,3,26
"Judge, County Court at Law No. 3",1000,42,6,48,405,11.85%,12,35,47
"Judge, County Court at Law No. 3",1001,228,136,364,1565,23.26%,98,248,346
"Judge, County Court at Law No. 3",1002,170,139,309,1744,17.72%,56,237,293
"Judge, County Court at Law No. 3",1003,1,0,1,0,0.00%,0,1,1
"Judge, County Court at Law No. 3",1004,111,139,250,654,38.23%,123,101,224
"Judge, County Court at Law No. 3",1005,0,8,8,0,0.00%,5,2,7
"Judge, County Court at Law No. 3",1006,1,0,1,5,20.00%,1,0,1
"Judge, County Court at Law No. 3",1007,208,188,396,1547,25.60%,96,284,380
"Judge, County Court at Law No. 3",1008,32,12,44,151,29.14%,34,7,41
"Judge, County Court at Law No. 3",1009,0,0,0,9,0.00%,0,0,0
"Judge, County Court at Law No. 3",1010,59,35,94,459,20.48%,16,76,92
"Judge, County Court at Law No. 3",1011,8,1,9,26,34.62%,3,4,7
"Judge, County Court at Law No. 3",1012,134,201,335,1365,24.54%,103,223,326
"Judge, County Court at Law No. 3",1013,0,6,6,58,10.34%,3,3,6
"Judge, County Court at Law No. 3",1014,4,6,10,31,32.26%,1,9,10
"Judge, County Court at Law No. 3",1015,5,4,9,25,36.00%,3,5,8
"Judge, County Court at Law No. 3",1016,252,212,464,1691,27.44%,229,219,448
"Judge, County Court at Law No. 3",1017,61,44,105,330,31.82%,32,72,104
"Judge, County Court at Law No. 3",1018,93,64,157,494,31.78%,72,81,153
"Judge, County Court at Law No. 3",1019,130,107,237,1456,16.28%,11,223,234
"Judge, County Court at Law No. 3",1020,0,0,0,1,0.00%,0,0,0
"Judge, County Court at Law No. 3",1021,0,0,0,2,0.00%,0,0,0
"Judge, County Court at Law No. 3",1022,97,79,176,441,39.91%,131,34,165
"Judge, County Court at Law No. 3",1023,430,315,745,2026,36.77%,527,191,718
Office,Precinct,Early Ballots Cast,Election Ballots Cast,Total Ballots Cast,Registered Voters,Percent Turnout,REP Linda Storey,DEM Gloria Cantu Minnick,Totals
"Judge, County Court at Law No. 3",1024,55,61,116,249,46.59%,62,44,106
"Judge, County Court at Law No. 3",1025,0,1,1,14,7.14%,1,0,1
"Judge, County Court at Law No. 3",1026,0,0,0,0,0.00%,0,0,0
"Judge, County Court at Law No. 3",1027,1,0,1,8,12.50%,0,1,1
"Judge, County Court at Law No. 3",1028,0,0,0,0,0.00%,0,0,0
"Judge, County Court at Law No. 3",1029,537,719,1256,2927,42.91%,982,225,1207
"Judge, County Court at Law No. 3",1030,231,151,382,785,48.66%,332,45,377
"Judge, County Court at Law No. 3",1031,59,71,130,792,16.41%,35,88,123
"Judge, County Court at Law No. 3",1032,31,25,56,244,22.95%,34,18,52
"Judge, County Court at Law No. 3",1033,0,0,0,0,0.00%,0,0,0
"Judge, County Court at Law No. 3",1034,0,0,0,0,0.00%,0,0,0
"Judge, County Court at Law No. 3",1035,2,4,6,138,4.35%,1,4,5
"Judge, County Court at Law No. 3",1036,55,24,89,449,19.82%,71,16,87
"Judge, County Court at Law No. 3",1037,19,11,30,76,39.47%,16,11,27
"Judge, County Court at Law No. 3",1038,52,6,68,327,20.80%,10,54,64
"Judge, County Court at Law No. 3",1039,2,0,2,25,8.00%,0,2,2
"Judge, County Court at Law No. 3",1040,91,66,157,771,20.36%,73,78,151
"Judge, County Court at Law No. 3",1041,0,2,2,0,0.00%,1,1,2
"Judge, County Court at Law No. 3",1042,105,67,172,521,33.01%,51,113,164
"Judge, County Court at Law No. 3",1043,6,5,12,33,36.36%,4,8,12
"Judge, County Court at Law No. 3",1044,15,6,22,55,40.00%,8,13,21
"Judge, County Court at Law No. 3",1045,197,173,370,1788,20.69%,55,303,358
"Judge, County Court at Law No. 3",1046,11,5,16,62,25.81%,1,15,16
"Judge, County Court at Law No. 3",1047,255,186,441,1568,28.13%,160,269,429
"Judge, County Court at Law No. 3",1048,1,0,1,17,5.88%,1,0,1
"Judge, County Court at Law No. 3",1049,14,45,59,290,20.34%,20,37,57
"Judge, County Court at Law No. 3",1050,60,63,123,537,22.91%,35,84,119
"Judge, County Court at Law No. 3",1051,0,31,31,0,0.00%,17,12,29
"Judge, County Court at Law No. 3",1052,0,0,0,0,0.00%,0,0,0
"Judge, County Court at Law No. 3",1053,0,0,0,0,0.00%,0,0,0
"Judge, County Court at Law No. 3",1054,0,0,0,1,0.00%,0,0,0
"Judge, County Court at Law No. 3",1055,0,0,0,0,0.00%,0,0,0
"Judge, County Court at Law No. 3",1056,4,2,6,8,75.00%,0,6,6
Office,Precinct,Early Ballots Cast,Election Ballots Cast,Total Ballots Cast,Registered Voters,Percent Turnout,REP Linda Storey,DEM Gloria Cantu Minnick,Totals
"Judge, County Court at Law No. 3",1057,7,9,16,118,13.56%,3,12,15
"Judge, County Court at Law No. 3",1058,241,285,526,1243,42.32%,107,404,511
"Judge, County Court at Law No. 3",1059,3,3,6,28,21.43%,1,5,6
"Judge, County Court at Law No. 3",1060,5,2,7,42,16.67%,5,2,7
"Judge, County Court at Law No. 3",1061,332,184,516,1716,30.07%,277,218,495
"Judge, County Court at Law No. 3",1062,17,6,23,201,11.44%,4,16,20
"Judge, County Court at Law No. 3",1063,66,59,125,857,14.59%,20,101,121
"Judge, County Court at Law No. 3",1064,25,11,36,119,30.25%,28,8,36
"Judge, County Court at Law No. 3",1065,1,0,1,28,3.57%,0,1,1
"Judge, County Court at Law No. 3",1066,72,0,72,229,31.44%,3,65,68
"Judge, County Court at Law No. 3",1067,0,0,0,0,0.00%,0,0,0
"Judge, County Court at Law No. 3",1068,22,8,30,121,24.79%,12,17,29
"Judge, County Court at Law No. 3",1069,434,256,690,2580,26.74%,310,337,647
"Judge, County Court at Law No. 3",Totals:,378846,308736,687582,2044361,355315,300383,655698
