"City of Houston, Proposition No. 2",0001,806,516,1322,2155,61.35%,757,269,1026
"City of Houston, Proposition No. 2",0002,753,407,1160,1890,61,38%,675,202,877
"City of Houston, Proposition No. 2",0003,660,474,1134,1519,74.65%,671,209,880
"City of Houston, Proposition No. 2",0004,676,534,1210,1652,73.24%,781,204,985
"City of Houston, Proposition No. 2",0005,472,518,990,1376,71.95%,597,189,786
"City of Houston, Proposition No. 2",0006,0,0,0,0,0.00%,0,0,0
"City of Houston, Proposition No. 2",0007,495,124,619,1058,58.51%,173,123,296
"City of Houston, Proposition No. 2",0008,661,430,1091,1706,63.95%,565,288,853
"City of Houston, Proposition No. 2",0009,472,382,854,1736,49.19%,375,196,571
"City of Houston, Proposition No. 2",0010,499,245,744,1722,43.21%,303,156,459
"City of Houston, Proposition No. 2",0011,418,335,753,1830,41.15%,335,143,478
"City of Houston, Proposition No. 2",0013,0,2,2,3,66.67%,0,0,0
"City of Houston, Proposition No. 2",0014,758,606,1364,1848,73.81%,824,296,1120
"City of Houston, Proposition No. 2",0016,457,175,632,947,66.74%,405,103,508
"City of Houston, Proposition No. 2",0017,346,326,672,1105,60.81%,339,164,503
"City of Houston, Proposition No. 2",0018,550,483,1033,1396,74.00%,642,192,834
"City of Houston, Proposition No. 2",0019,423,261,684,995,68.74%,418,107,525
"City of Houston, Proposition No. 2",0020,678,470,1148,3074,37.35%,674,176,850
"City of Houston, Proposition No. 2",0021,419,230,649,1013,64.07%,359,117,476
"City of Houston, Proposition No. 2",0022,888,554,1442,2524,57.13%,685,283,968
"City of Houston, Proposition No. 2",0023,99,65,164,512,32.03%,77,29,106
"City of Houston, Proposition No. 2",0024,225,121,346,611,56.63%,142,69,211
"City of Houston, Proposition No. 2",0025,244,304,548,1062,51.60%,253,103,356
"City of Houston, Proposition No. 2",0026,463,486,949,1843,51.49%,478,232,710
"City of Houston, Proposition No. 2",0027,821,695,1516,3005,50.45%,750,337,1087
"City of Houston, Proposition No. 2",0030,798,588,1386,2034,68.14%,726,249,975
"City of Houston, Proposition No. 2",0031,911,526,1437,2518,57.07%,592,333,925
"City of Houston, Proposition No. 2",0032,796,556,1352,2171,62.28%,809,198,1007
"City of Houston, Proposition No. 2",0033,1479,843,2322,3540,65.59%,1459,371,1830
"City of Houston, Proposition No. 2",0034,1012,749,1761,2676,65.81%,1164,237,1401
"City of Houston, Proposition No. 2",0035,3,0,3,10,30.00%,1,1,2
"City of Houston, Proposition No. 2",0036,993,479,1472,2868,51,32%,643,349,992
"City of Houston, Proposition No. 2",0037,801,479,1280,1885,67.90%,813,210,1023
"City of Houston, Proposition No. 2",0038,1241,673,1914,2703,70.81%,1204,324,1528
"City of Houston, Proposition No. 2",0039,1063,723,1786,2726,65.52%,1175,249,1424
"City of Houston, Proposition No. 2",0040,239,135,374,524,71.37%,233,59,292
"City of Houston, Proposition No. 2",0042,505,139,644,1121,57.45%,224,121,345
"City of Houston, Proposition No. 2",0043,520,372,892,1644,54.26%,434,204,638
"City of Houston, Proposition No. 2",0044,492,314,806,1976,40.79%,392,158,550
"City of Houston, Proposition No. 2",0045,0,0,0,0,0.00%,0,0,0
"City of Houston, Proposition No. 2",0046,538,433,971,2468,39.34%,509,183,692
"City of Houston, Proposition No. 2",0047,535,345,880,1624,54.19%,428,147,575
"City of Houston, Proposition No. 2",0048,371,193,564,992,56.85%,237,113,350
"City of Houston, Proposition No. 2",0049,0,0,0,0,0.00%,0,0,0
"City of Houston, Proposition No. 2",0050,13,0,13,32,40.63%,6,0,6
"City of Houston, Proposition No. 2",0052,970,620,1590,2299,69.16%,951,278,1229
"City of Houston, Proposition No. 2",0053,1102,884,1986,2808,70.73%,1194,367,1561
"City of Houston, Proposition No. 2",0054,606,402,1008,1408,71.59%,600,202,802
"City of Houston, Proposition No. 2",0055,441,394,835,1305,63.98%,451,164,615
"City of Houston, Proposition No. 2",0056,548,307,855,1285,66.54%,434,243,677
"City of Houston, Proposition No. 2",0057,1273,956,2229,3062,72.80%,1380,446,1826
"City of Houston, Proposition No. 2",0058,881,747,1628,2521,64.58%,924,326,1250
"City of Houston, Proposition No. 2",0059,914,751,1665,2283,72.93%,1023,296,1319
"City of Houston, Proposition No. 2",0060,839,664,1503,2263,66.42%,948,232,1180
"City of Houston, Proposition No. 2",0061,411,519,930,2189,42.49%,388,213,601
"City of Houston, Proposition No. 2",0062,419,528,947,2190,43.24%,406,204,610
"City of Houston, Proposition No. 2",0064,410,420,830,2090,39.71%,343,188,531
"City of Houston, Proposition No. 2",0065,404,532,936,2178,42.98%,426,182,608
"City of Houston, Proposition No. 2",0066,172,279,451,1090,41.38%,181,95,276
"City of Houston, Proposition No. 2",0067,664,574,1238,2742,45.15%,563,276,839
"City of Houston, Proposition No. 2",0068,1198,486,1684,2782,60.53%,640,376,1016
"City of Houston, Proposition No. 2",0069,218,284,502,1303,38.53%,195,121,316
"City of Houston, Proposition No. 2",0070,1633,726,2359,3142,75.08%,1360,491,1851
"City of Houston, Proposition No. 2",0071,1419,948,2367,3662,64.64%,1370,428,1798
"City of Houston, Proposition No. 2",0072,441,562,1003,1882,53.29%,469,263,732
"City of Houston, Proposition No. 2",0073,499,495,995,1494,66.60%,540,288,828
"City of Houston, Proposition No. 2",0074,0,1,1,0,0.00%,0,0,0
"City of Houston, Proposition No. 2",0075,481,370,851,1329,64.03%,467,197,664
"City of Houston, Proposition No. 2",0076,731,480,1211,2009,60.28%,511,349,860
"City of Houston, Proposition No. 2",0077,168,81,249,565,44.07%,99,48,147
"City of Houston, Proposition No. 2",0078,359,344,703,1479,47.53%,359,161,520
"City of Houston, Proposition No. 2",0079,511,717,1228,2959,41.50%,496,293,789
"City of Houston, Proposition No. 2",0080,1159,481,1640,2712,60.47%,692,399,1091
"City of Houston, Proposition No. 2",0081,0,3,3,1,300.00%,3,0,3
"City of Houston, Proposition No. 2",0082,0,0,0,0,0.00%,0,0,0
"City of Houston, Proposition No. 2",0083,166,124,290,613,47.31%,118,84,202
"City of Houston, Proposition No. 2",0085,730,548,1278,2079,61.47%,581,316,897
"City of Houston, Proposition No. 2",0086,1054,689,1743,2637,66.10%,1006,326,1332
"City of Houston, Proposition No. 2",0092,1105,534,1639,2228,73.56%,890,386,1276
"City of Houston, Proposition No. 2",0094,148,104,252,537,46.93%,112,71,183
"City of Houston, Proposition No. 2",0095,1684,671,2355,3179,74.08%,1308,544,1852
"City of Houston, Proposition No. 2",0096,364,237,601,1241,48.43%,280,126,406
"City of Houston, Proposition No. 2",0097,0,1,1,0,0.00%,1,0,1
"City of Houston, Proposition No. 2",0098,874,607,1481,2403,61.63%,513,512,1025
"City of Houston, Proposition No. 2",0101,149,140,289,722,40.03%,126,59,185
"City of Houston, Proposition No. 2",0102,0,1,1,0,0.00%,1,0,1
"City of Houston, Proposition No. 2",0104,992,238,1230,1847,66.59%,380,273,653
"City of Houston, Proposition No. 2",0105,462,453,915,2153,42.50%,384,251,635
"City of Houston, Proposition No. 2",0106,0,3,3,4,75.00%,0,1,1
"City of Houston, Proposition No. 2",0107,412,441,853,1905,44.78%,371,182,553
"City of Houston, Proposition No. 2",0108,0,3,3,0,0.00%,1,1,2
"City of Houston, Proposition No. 2",0109,1101,368,1469,2663,55.16%,495,474,969
"City of Houston, Proposition No. 2",0110,24,6,30,46,65.22%,14,6,20
"City of Houston, Proposition No. 2",0111,0,1,1,0,0.00%,0,0,0
"City of Houston, Proposition No. 2",0112,0,0,0,0,0.00%,0,0,0
"City of Houston, Proposition No. 2",0113,4,588,592,8,7400.00%,267,95,362
"City of Houston, Proposition No. 2",0114,0,0,0,0,0.00%,0,0,0
"City of Houston, Proposition No. 2",0115,598,305,903,1764,51.19%,309,206,515
"City of Houston, Proposition No. 2",0117,398,462,860,1878,45.79%,350,254,604
"City of Houston, Proposition No. 2",0118,460,148,608,743,81.83%,339,149,488
"City of Houston, Proposition No. 2",0119,1,0,1,0,0.00%,1,0,1
"City of Houston, Proposition No. 2",0120,1197,632,1829,2986,61.25%,934,461,1395
"City of Houston, Proposition No. 2",0121,0,0,0,0,0.00%,0,0,0
"City of Houston, Proposition No. 2",0122,895,349,1244,2199,58.57%,500,283,783
"City of Houston, Proposition No. 2",0123,440,350,790,1358,58.28%,489,115,804
"City of Houston, Proposition No. 2",0124,0,0,0,0,0.00%,0,0,0
"City of Houston, Proposition No. 2",0125,3,4,7,5,140.00%,2,1,3
"City of Houston, Proposition No. 2",0128,0,0,0,0,0.00%,0,0,0
"City of Houston, Proposition No. 2",0129,2294,1449,3743,5495,88.12%,2008,831,2837
"City of Houston, Proposition No. 2",0130,1201,523,1724,2240,78.98%,857,488,1343
"City of Houston, Proposition No. 2",0131,257,124,381,908,42.05%,151,118,287
"City of Houston, Proposition No. 2",0132,1119,397,1518,2449,81.90%,594,340,934
"City of Houston, Proposition No. 2",0133,0,0,0,0,0.00%,0,0,0
"City of Houston, Proposition No. 2",0134,419,392,811,1444,58.18%,380,257,817
"City of Houston, Proposition No. 2",0135,1424,834,2058,2750,74.84%,1201,435,1838
"City of Houston, Proposition No. 2",0138,981,451,1432,2111,87.84%,898,335,1031
"City of Houston, Proposition No. 2",0137,305,193,498,740,87.30%,319,88,387
"City of Houston, Proposition No. 2",0138,881,259,920,1749,52.80%,335,173,508
"City of Houston, Proposition No. 2",0139,1290,747,2037,2748,74.18%,1243,318,1581
"City of Houston, Proposition No. 2",0140,1311,883,1994,3104,84.24%,1088,413,1499
"City of Houston, Proposition No. 2",0141,0,0,0,0,0.00%,0,0,0
"City of Houston, Proposition No. 2",0142,212,171,383,870,44.02%,184,98,282
"City of Houston, Proposition No. 2",0143,0,1,1,4,25.00%,1,0,1
"City of Houston, Proposition No. 2",0144,478,204,880,1143,59.49%,247,117,384
"City of Houston, Proposition No. 2",0145,883,245,908,1580,57.47%,332,174,508
"City of Houston, Proposition No. 2",0148,759,814,1373,1953,70.30%,802,307,1109
"City of Houston, Proposition No. 2",0147,1255,485,1740,2813,81.88%,748,448,1194
"City of Houston, Proposition No. 2",0148,908,924,1832,2487,74.28%,1207,284,1491
"City of Houston, Proposition No. 2",0149,1,0,1,1,100.00%,1,0,1
"City of Houston, Proposition No. 2",0150,539,207,748,1212,81.55%,258,185,421
"City of Houston, Proposition No. 2",0151,318,148,484,848,54.85%,154,98,250
"City of Houston, Proposition No. 2",0152,482,801,1083,2895,40.19%,478,274,750
"City of Houston, Proposition No. 2",0153,328,437,785,1755,43.59%,324,209,533
"City of Houston, Proposition No. 2",0154,593,380,953,2133,44.88%,434,225,859
"City of Houston, Proposition No. 2",0155,0,388,388,0,0.00%,183,52,235
"City of Houston, Proposition No. 2",0158,1427,457,1884,3134,80.11%,798,474,1270
"City of Houston, Proposition No. 2",0157,881,382,1263,2311,54.65%,465,306,771
"City of Houston, Proposition No. 2",0158,1304,435,1739,3016,57.66%,679,397,1076
"City of Houston, Proposition No. 2",0159,313,187,500,976,51.23%,254,76,330
"City of Houston, Proposition No. 2",0160,245,140,386,688,56.10%,152,72,224
"City of Houston, Proposition No. 2",0161,395,190,585,1030,56.80%,246,106,352
"City of Houston, Proposition No. 2",0162,232,262,494,1249,39.55%,203,93,296
"City of Houston, Proposition No. 2",0163,0,2,2,0,0.00%,0,0,0
"City of Houston, Proposition No. 2",0164,505,304,809,1434,56.42%,292,162,454
"City of Houston, Proposition No. 2",0165,918,557,1475,2284,64.58%,737,445,1182
"City of Houston, Proposition No. 2",0166,281,311,592,1016,58.27%,334,127,461
"City of Houston, Proposition No. 2",0167,5,2,7,23,30.43%,4,2,6
"City of Houston, Proposition No. 2",0168,188,126,314,519,60.50%,101,61,162
"City of Houston, Proposition No. 2",0169,1059,433,1492,2531,58.95%,580,349,929
"City of Houston, Proposition No. 2",0171,514,294,808,1613,50.09%,305,142,447
"City of Houston, Proposition No. 2",0172,151,147,308,600,51.33%,144,87,231
"City of Houston, Proposition No. 2",0173,0,2,2,0,0.00%,1,1,2
"City of Houston, Proposition No. 2",0174,0,3,3,0,0.00%,2,0,2
"City of Houston, Proposition No. 2",0175,1064,867,1931,2506,77.06%,1239,351,1590
"City of Houston, Proposition No. 2",0176,626,530,1156,1581,73.12%,684,245,929
"City of Houston, Proposition No. 2",0177,672,385,1057,1478,71.52%,621,201,822
"City of Houston, Proposition No. 2",0178,913,358,1281,1718,74.56%,725,319,1044
"City of Houston, Proposition No. 2",0179,449,321,770,1508,51.06%,367,196,563
"City of Houston, Proposition No. 2",0180,966,552,1518,2795,54.31%,590,346,936
"City of Houston, Proposition No. 2",0181,416,514,930,1968,47.26%,389,225,614
"City of Houston, Proposition No. 2",0182,0,0,0,0,0.00%,0,0,0
"City of Houston, Proposition No. 2",0184,214,256,470,969,48.50%,197,101,298
"City of Houston, Proposition No. 2",0185,592,494,1086,1910,56.86%,461,271,732
"City of Houston, Proposition No. 2",0186,204,170,374,795,47.04%,131,62,193
"City of Houston, Proposition No. 2",0187,48,65,113,309,36.57%,46,32,78
"City of Houston, Proposition No. 2",0189,492,473,965,1453,66.41%,524,226,750
"City of Houston, Proposition No. 2",0192,746,332,1078,2045,52.71%,398,238,636
"City of Houston, Proposition No. 2",0193,341,269,610,1050,58.10%,257,122,379
"City of Houston, Proposition No. 2",0194,704,504,1208,1735,69.63%,720,217,937
"City of Houston, Proposition No. 2",0195,539,419,958,1721,55.67%,389,221,610
"City of Houston, Proposition No. 2",0196,121,55,176,323,54.49%,71,51,122
"City of Houston, Proposition No. 2",0197,1109,497,1606,2895,55.47%,573,381,954
"City of Houston, Proposition No. 2",0198,143,158,301,657,45.81%,97,53,150
"City of Houston, Proposition No. 2",0199,1407,773,2180,3159,69.01%,904,757,1661
"City of Houston, Proposition No. 2",0200,1638,585,2223,3222,68.99%,1409,379,1788
"City of Houston, Proposition No. 2",0201,229,125,354,728,48.63%,143,79,222
"City of Houston, Proposition No. 2",0202,488,332,820,1479,55.44%,345,143,488
"City of Houston, Proposition No. 2",0203,266,156,422,900,46.89%,176,102,278
"City of Houston, Proposition No. 2",0204,1489,914,2403,3462,69.41%,1282,633,1915
"City of Houston, Proposition No. 2",0205,855,201,1057,1667,63.41%,346,254,600
"City of Houston, Proposition No. 2",0206,651,659,1310,2662,49.21%,705,297,1002
"City of Houston, Proposition No. 2",0207,409,310,719,1144,62.85%,376,186,562
"City of Houston, Proposition No. 2",0208,6,40,46,0,0.00%,14,3,17
"City of Houston, Proposition No. 2",0209,0,4,4,0,0.00%,2,1,3
"City of Houston, Proposition No. 2",0210,1013,542,1555,2300,67.61%,808,281,1089
"City of Houston, Proposition No. 2",0211,710,686,1396,2797,49.91%,605,342,947
"City of Houston, Proposition No. 2",0212,218,314,532,1266,42.02%,215,118,333
"City of Houston, Proposition No. 2",0215,0,0,0,0,0.00%,0,0,0
"City of Houston, Proposition No. 2",0216,784,320,1104,1917,57.59%,443,283,726
"City of Houston, Proposition No. 2",0217,1396,651,2047,2637,77.63%,1228,424,1652
"City of Houston, Proposition No. 2",0218,690,508,1298,2274,57.08%,677,299,976
"City of Houston, Proposition No. 2",0219,1117,587,1704,2654,64.20%,732,371,1103
"City of Houston, Proposition No. 2",0220,0,5,5,0,0.00%,3,1,4
"City of Houston, Proposition No. 2",0221,699,611,1310,2489,52.63%,548,377,925
"City of Houston, Proposition No. 2",0222,1000,792,1792,2384,75.17%,1218,272,1490
"City of Houston, Proposition No. 2",0223,1350,760,2110,3528,59.81%,1253,341,1594
"City of Houston, Proposition No. 2",0224,894,649,1543,2259,68.30%,912,300,1212
"City of Houston, Proposition No. 2",0225,0,1,1,0,0.00%,1,0,1
"City of Houston, Proposition No. 2",0226,529,545,1074,2393,44.88%,472,248,720
"City of Houston, Proposition No. 2",0227,947,451,1398,1767,79.12%,804,307,1111
"City of Houston, Proposition No. 2",0228,583,165,748,1073,69.71%,439,162,601
"City of Houston, Proposition No. 2",0229,0,0,0,0,0.00%,0,0,0
"City of Houston, Proposition No. 2",0230,421,153,574,1096,52.37%,187,118,305
"City of Houston, Proposition No. 2",0231,552,471,1033,2219,46.55%,478,252,730
"City of Houston, Proposition No. 2",0232,685,546,1231,1696,72.58%,748,256,1004
"City of Houston, Proposition No. 2",0233,1826,1063,2889,4132,69.92%,1690,527,2217
"City of Houston, Proposition No. 2",0234,2088,885,2973,3854,77.14%,1614,663,2277
"City of Houston, Proposition No. 2",0235,466,242,708,1305,54.25%,311,172,483
"City of Houston, Proposition No. 2",0236,779,342,1121,2144,52.29%,429,234,663
"City of Houston, Proposition No. 2",0237,793,441,1234,2181,56.58%,435,277,712
"City of Houston, Proposition No. 2",0238,640,422,1062,1901,55.87%,408,201,609
"City of Houston, Proposition No. 2",0239,765,357,1122,1997,56.18%,430,235,665
"City of Houston, Proposition No. 2",0240,1157,402,1559,2688,58.00%,596,389,985
"City of Houston, Proposition No. 2",0241,0,3,3,0,0.00%,1,1,2
"City of Houston, Proposition No. 2",0243,254,50,304,452,67.26%,109,74,183
"City of Houston, Proposition No. 2",0244,0,0,0,0,0.00%,0,0,0
"City of Houston, Proposition No. 2",0245,0,0,0,1,0.00%,0,0,0
"City of Houston, Proposition No. 2",0246,7,5,12,9,133.33%,4,4,8
"City of Houston, Proposition No. 2",0247,421,403,824,1607,51.28%,324,202,526
"City of Houston, Proposition No. 2",0252,1111,356,1467,2350,62.43%,406,315,721
"City of Houston, Proposition No. 2",0253,923,325,1248,2252,55.42%,399,246,645
"City of Houston, Proposition No. 2",0254,71,74,145,378,38.36%,51,42,93
"City of Houston, Proposition No. 2",0255,995,797,1792,2411,74.33%,1003,433,1436
"City of Houston, Proposition No. 2",0256,1059,766,1825,3226,56.57%,864,462,1326
"City of Houston, Proposition No. 2",0257,553,571,1124,2403,46.77%,483,239,722
"City of Houston, Proposition No. 2",0258,1577,888,2465,3286,75.02%,1279,594,1873
"City of Houston, Proposition No. 2",0259,1210,460,1670,2408,69.35%,764,347,1111
"City of Houston, Proposition No. 2",0260,0,5,5,1,500.00%,4,0,4
"City of Houston, Proposition No. 2",0261,176,133,309,749,41.26%,139,90,229
"City of Houston, Proposition No. 2",0262,1470,906,2376,4232,56.14%,1108,647,1755
"City of Houston, Proposition No. 2",0263,1,8,9,1,900.00%,6,2,8
"City of Houston, Proposition No. 2",0264,936,639,1575,2939,53.59%,706,460,1166
"City of Houston, Proposition No. 2",0265,1934,666,2600,3617,71.88%,1379,584,1963
"City of Houston, Proposition No. 2",0266,552,542,1094,2119,51.63%,452,299,751
"City of Houston, Proposition No. 2",0269,1143,444,1587,1981,80.11%,845,374,1219
"City of Houston, Proposition No. 2",0270,1401,870,2271,3517,64.57%,1138,639,1777
"City of Houston, Proposition No. 2",0271,1303,371,1674,2469,67.80%,678,428,1106
"City of Houston, Proposition No. 2",0272,610,484,1094,2112,51.80%,554,232,786
"City of Houston, Proposition No. 2",0274,1008,355,1363,1997,68.25%,742,300,1042
"City of Houston, Proposition No. 2",0275,567,410,977,1730,56.47%,473,208,681
"City of Houston, Proposition No. 2",0276,1139,404,1543,2532,60.94%,603,353,956
"City of Houston, Proposition No. 2",0280,303,360,663,1515,43.76%,278,162,440
"City of Houston, Proposition No. 2",0281,1087,903,1990,2610,76.25%,1264,347,1611
"City of Houston, Proposition No. 2",0282,690,591,1281,1988,64.44%,683,315,998
"City of Houston, Proposition No. 2",0283,0,0,0,0,0.00%,0,0,0
"City of Houston, Proposition No. 2",0284,1135,595,1730,3262,53.03%,807,422,1229
"City of Houston, Proposition No. 2",0285,988,509,1497,2505,59.76%,602,358,960
"City of Houston, Proposition No. 2",0286,2657,1053,3710,5719,64.87%,1678,937,2615
"City of Houston, Proposition No. 2",0287,647,542,1189,1616,73.58%,654,311,965
"City of Houston, Proposition No. 2",0288,1036,380,1416,2259,62.68%,556,344,900
"City of Houston, Proposition No. 2",0289,374,397,771,1510,51.06%,321,197,518
"City of Houston, Proposition No. 2",0291,541,298,839,1203,69.74%,469,196,665
"City of Houston, Proposition No. 2",0292,477,236,713,1272,56.05%,278,169,447
"City of Houston, Proposition No. 2",0293,620,557,1177,1733,67.92%,645,249,894
"City of Houston, Proposition No. 2",0294,989,298,1287,2107,61.08%,520,302,822
"City of Houston, Proposition No. 2",0295,314,189,503,862,58.35%,204,91,295
"City of Houston, Proposition No. 2",0296,602,432,1034,1693,61.08%,479,280,759
"City of Houston, Proposition No. 2",0297,576,445,1021,1978,51.62%,468,214,682
"City of Houston, Proposition No. 2",0298,847,475,1322,2083,63.47%,684,327,1011
"City of Houston, Proposition No. 2",0299,328,213,541,1231,43.95%,261,104,365
"City of Houston, Proposition No. 2",0300,0,2,2,0,0.00%,1,0,1
"City of Houston, Proposition No. 2",0303,1772,755,2527,3172,79.67%,1277,616,1893
"City of Houston, Proposition No. 2",0304,970,648,1618,2266,71.40%,892,394,1286
"City of Houston, Proposition No. 2",0306,1013,323,1336,1847,72.33%,718,323,1041
"City of Houston, Proposition No. 2",0308,444,238,682,1266,53.87%,296,180,476
"City of Houston, Proposition No. 2",0309,1385,612,1997,2529,78.96%,1097,472,1569
"City of Houston, Proposition No. 2",0310,617,348,965,1437,67.15%,438,275,713
"City of Houston, Proposition No. 2",0311,862,699,1561,2997,52.09%,695,361,1056
"City of Houston, Proposition No. 2",0312,1559,711,2270,3588,63.27%,1181,488,1669
"City of Houston, Proposition No. 2",0313,22,1,23,60,38.33%,7,9,16
"City of Houston, Proposition No. 2",0314,0,2,2,0,0.00%,2,0,2
"City of Houston, Proposition No. 2",0315,711,479,1190,1618,73.55%,657,290,947
"City of Houston, Proposition No. 2",0318,882,411,1093,1522,71.81%,823,245,888
"City of Houston, Proposition No. 2",0317,551,338,887,1489,80.38%,471,171,842
"City of Houston, Proposition No. 2",0318,1708,811,2319,3531,85.88%,1094,552,1848
"City of Houston, Proposition No. 2",0319,985,290,1255,2081,80.31%,537,324,881
"City of Houston, Proposition No. 2",0320,19,20,39,82,47.58%,23,5,28
"City of Houston, Proposition No. 2",0321,222,148,388,889,42.35%,187,99,288
"City of Houston, Proposition No. 2",0322,397,237,834,1322,47.98%,307,137,444
"City of Houston, Proposition No. 2",0323,482,332,814,1719,47.35%,397,228,823
"City of Houston, Proposition No. 2",0324,987,718,1885,2339,72.04%,887,518,1383
"City of Houston, Proposition No. 2",0325,858,397,1053,2251,48.78%,434,282,898
"City of Houston, Proposition No. 2",0328,202,128,330,878,48.87%,143,89,232
"City of Houston, Proposition No. 2",0327,728,244,970,1751,55.40%,319,270,589
"City of Houston, Proposition No. 2",0328,344,270,814,1381,45.11%,244,144,388
"City of Houston, Proposition No. 2",0329,405,307,712,1387,52.08%,318,184,480
"City of Houston, Proposition No. 2",0330,590,378,988,1849,52.24%,480,220,700
"City of Houston, Proposition No. 2",0331,0,1,1,0,0.00%,1,0,1
"City of Houston, Proposition No. 2",0332,23,4,27,128,21.09%,9,10,19
"City of Houston, Proposition No. 2",0334,205,91,298,803,49.09%,103,80,183
"City of Houston, Proposition No. 2",0335,285,248,531,1227,43.28%,238,104,340
"City of Houston, Proposition No. 2",0338,1818,588,2408,3181,78.12%,1199,490,1889
"City of Houston, Proposition No. 2",0337,309,208,515,951,54.15%,241,125,388
"City of Houston, Proposition No. 2",0338,1437,788,2203,4392,50.18%,959,430,1389
"City of Houston, Proposition No. 2",0339,389,373,742,1718,43.24%,348,185,513
"City of Houston, Proposition No. 2",0340,1448,748,2194,3182,89.39%,888,811,1897
"City of Houston, Proposition No. 2",0341,248,318,582,1248,45.03%,241,131,372
"City of Houston, Proposition No. 2",0342,298,208,508,1348,37.59%,208,109,315
"City of Houston, Proposition No. 2",0343,438,483,919,1904,48.27%,374,235,809
"City of Houston, Proposition No. 2",0344,395,245,840,1207,53.02%,217,135,352
"City of Houston, Proposition No. 2",0345,428,357,785,1708,45.98%,393,153,548
"City of Houston, Proposition No. 2",0348,0,0,0,0,0.00%,0,0,0
"City of Houston, Proposition No. 2",0347,98,59,155,341,45.45%,58,32,88
"City of Houston, Proposition No. 2",0349,1,0,1,3,33.33%,0,0,0
"City of Houston, Proposition No. 2",0350,1112,780,1892,2908,85.11%,1155,278,1431
"City of Houston, Proposition No. 2",0351,250,59,309,412,75.00%,139,98,235
"City of Houston, Proposition No. 2",0353,22,14,36,131,27.48%,13,8,21
"City of Houston, Proposition No. 2",0354,0,0,0,0,0.00%,0,0,0
"City of Houston, Proposition No. 2",0355,700,286,986,1384,71.24%,412,235,647
"City of Houston, Proposition No. 2",0356,1382,518,2000,2836,70.52%,1046,495,1541
"City of Houston, Proposition No. 2",0357,1633,709,2342,3371,69.47%,1015,768,1783
"City of Houston, Proposition No. 2",0358,466,292,758,1583,47.88%,325,136,461
"City of Houston, Proposition No. 2",0359,706,482,1188,3008,39.49%,516,260,776
"City of Houston, Proposition No. 2",0360,969,515,1484,2190,67.76%,851,277,1128
"City of Houston, Proposition No. 2",0361,135,691,826,1585,52.11%,579,41,620
"City of Houston, Proposition No. 2",0362,0,5,5,0,0.00%,4,1,5
"City of Houston, Proposition No. 2",0363,58,15,73,100,73.00%,38,14,52
"City of Houston, Proposition No. 2",0364,614,463,1077,1798,59.90%,482,309,791
"City of Houston, Proposition No. 2",0365,734,245,979,1302,75.19%,442,248,690
"City of Houston, Proposition No. 2",0366,0,0,0,0,0.00%,0,0,0
"City of Houston, Proposition No. 2",0367,328,212,540,1019,52.99%,258,133,391
"City of Houston, Proposition No. 2",0368,3,0,3,2,150.00%,2,1,3
"City of Houston, Proposition No. 2",0369,107,53,160,490,32.65%,88,26,114
"City of Houston, Proposition No. 2",0370,0,12,12,0,0.00%,11,1,12
"City of Houston, Proposition No. 2",0371,226,69,295,475,62.11%,83,59,142
"City of Houston, Proposition No. 2",0372,498,231,729,1215,60.00%,352,151,503
"City of Houston, Proposition No. 2",0373,51,1e,77,159,48.43%,24,21,45
"City of Houston, Proposition No. 2",0374,139,187,326,748,43.58%,127,85,212
"City of Houston, Proposition No. 2",0375,14,5,19,69,27.54%,4,5,9
"City of Houston, Proposition No. 2",0376,271,110,381,738,51.63%,170,66,236
"City of Houston, Proposition No. 2",0379,800,338,1138,2017,56.42%,498,266,764
"City of Houston, Proposition No. 2",0380,2441,1150,3591,4633,77.51%,1831,766,2597
"City of Houston, Proposition No. 2",0381,0,0,0,0,0.00%,0,0,0
"City of Houston, Proposition No. 2",0382,0,4,4,0,0.00%,0,2,2
"City of Houston, Proposition No. 2",0383,599,485,1084,2076,52.22%,437,258,695
"City of Houston, Proposition No. 2",0384,1172,505,1677,2596,64.60%,821,355,1176
"City of Houston, Proposition No. 2",0385,1099,621,1720,2175,79.08%,936,413,1349
"City of Houston, Proposition No. 2",0388,0,6,6,0,0.00%,5,1,6
"City of Houston, Proposition No. 2",0389,283,261,544,975,55.79%,286,91,377
"City of Houston, Proposition No. 2",0390,544,358,1012,1565,64.66%,554,186,740
"City of Houston, Proposition No. 2",0391,655,253,908,1326,68.48%,468,218,686
"City of Houston, Proposition No. 2",0392,737,197,934,1441,64.82%,377,226,603
"City of Houston, Proposition No. 2",0393,346,318,664,1206,55.06%,344,123,467
"City of Houston, Proposition No. 2",0395,830,491,1321,1820,72.58%,707,348,1055
"City of Houston, Proposition No. 2",0396,1157,219,1376,2073,66.38%,409,298,707
"City of Houston, Proposition No. 2",0397,0,1,1,2,50.00%,0,1,1
"City of Houston, Proposition No. 2",0398,7,2,9,7,128.57%,3,1,4
"City of Houston, Proposition No. 2",0399,0,0,0,4,0.00%,0,0,0
"City of Houston, Proposition No. 2",0400,0,6,6,7,85.71%,3,1,4
"City of Houston, Proposition No. 2",0401,723,284,1007,1876,53.68%,297,227,524
"City of Houston, Proposition No. 2",0402,840,234,1074,1622,66.21%,416,304,720
"City of Houston, Proposition No. 2",0403,791,527,1318,1703,77.39%,799,262,1061
"City of Houston, Proposition No. 2",0405,0,1,1,0,0.00%,1,0,1
"City of Houston, Proposition No. 2",0406,281,72,353,610,57.87%,120,71,191
"City of Houston, Proposition No. 2",0407,1317,1000,2317,3652,63.44%,1134,638,1772
"City of Houston, Proposition No. 2",0408,31,10,41,104,39.42%,14,13,27
"City of Houston, Proposition No. 2",0410,337,102,439,849,51.71%,166,108,274
"City of Houston, Proposition No. 2",0411,1,100,101,0,0.00%,42,13,55
"City of Houston, Proposition No. 2",0412,193,74,267,433,61.66%,123,49,172
"City of Houston, Proposition No. 2",0413,0,0,0,0,0.00%,0,0,0
"City of Houston, Proposition No. 2",0416,919,850,1769,2956,59.84%,887,373,1260
"City of Houston, Proposition No. 2",0417,404,259,663,1128,58.78%,312,165,477
"City of Houston, Proposition No. 2",0418,1057,758,1815,3420,53.07%,802,419,1221
"City of Houston, Proposition No. 2",0421,124,92,216,467,46.25%,106,45,151
"City of Houston, Proposition No. 2",0422,1456,585,2041,3345,61.02%,847,459,1306
"City of Houston, Proposition No. 2",0423,176,293,469,851,55.11%,157,129,286
"City of Houston, Proposition No. 2",0424,435,1,57,592,888,66.67%,331,1,29,460
"City of Houston, Proposition No. 2",0425,227,234,461,875,52.69%,191,105,296
"City of Houston, Proposition No. 2",0426,415,283,698,1224,57.03%,348,178,526
"City of Houston, Proposition No. 2",0427,325,249,574,1115,51.48%,266,132,398
"City of Houston, Proposition No. 2",0428,49,34,83,160,51.88%,44,13,57
"City of Houston, Proposition No. 2",0429,1091,777,1868,3929,47.54%,811,347,1158
"City of Houston, Proposition No. 2",0430,403,335,738,1654,44.62%,322,109,431
"City of Houston, Proposition No. 2",0431,819,403,1222,3188,38.33%,570,238,808
"City of Houston, Proposition No. 2",0432,311,271,582,1344,43.30%,309,119,428
"City of Houston, Proposition No. 2",0433,139,106,245,573,42.76%,116,54,170
"City of Houston, Proposition No. 2",0434,628,371,999,1386,72.08%,548,204,752
"City of Houston, Proposition No. 2",0435,1534,768,2302,3097,74.33%,1246,488,1734
"City of Houston, Proposition No. 2",0436,1334,709,2043,3012,67.83%,1141,413,1554
"City of Houston, Proposition No. 2",0437,951,542,1493,2007,74.39%,885,297,1182
"City of Houston, Proposition No. 2",0438,1046,387,1433,1802,79.52%,780,330,1110
"City of Houston, Proposition No. 2",0439,1526,905,2431,3416,71.17%,1263,570,1833
"City of Houston, Proposition No. 2",0440,0,6,6,0,0.00%,4,0,4
"City of Houston, Proposition No. 2",0441,0,2,2,0,0.00%,0,0,0
"City of Houston, Proposition No. 2",0442,0,1,1,1,100.00%,1,0,1
"City of Houston, Proposition No. 2",0443,0,0,0,0,0.00%,0,0,0
"City of Houston, Proposition No. 2",0444,1258,731,1989,3172,62.70%,938,570,1508
"City of Houston, Proposition No. 2",0445,860,443,1303,1938,67.23%,640,381,1021
"City of Houston, Proposition No. 2",0446,70,52,122,268,45.52%,53,39,92
"City of Houston, Proposition No. 2",0447,271,108,379,583,65.01%,223,68,291
"City of Houston, Proposition No. 2",0448,1239,869,2108,3081,68.42%,1087,591,1678
"City of Houston, Proposition No. 2",0449,62,37,99,164,60.37%,32,18,50
"City of Houston, Proposition No. 2",0450,856,537,1393,2622,53.13%,669,344,1013
"City of Houston, Proposition No. 2",0451,2,0,2,2,100.00%,0,2,2
"City of Houston, Proposition No. 2",0452,0,0,0,0,0.00%,0,0,0
"City of Houston, Proposition No. 2",0453,559,475,1034,1885,54.85%,477,217,694
"City of Houston, Proposition No. 2",0454,1226,311,1537,2571,59.78%,479,282,761
"City of Houston, Proposition No. 2",0455,748,216,964,1679,57.42%,350,185,535
"City of Houston, Proposition No. 2",0457,0,0,0,0,0.00%,0,0,0
"City of Houston, Proposition No. 2",0458,908,271,1179,1893,62.28%,517,275,792
"City of Houston, Proposition No. 2",0459,1637,476,2113,2950,71.63%,806,878,1684
"City of Houston, Proposition No. 2",0460,0,0,0,0,0.00%,0,0,0
"City of Houston, Proposition No. 2",0461,1958,828,2786,3733,74.63%,1520,615,2135
"City of Houston, Proposition No. 2",0462,1111,731,1842,2761,66.71%,924,464,1388
"City of Houston, Proposition No. 2",0463,611,337,948,1705,55.60%,450,227,677
"City of Houston, Proposition No. 2",0464,0,2,2,0,0.00%,1,0,1
"City of Houston, Proposition No. 2",0465,9,650,659,18,3661.11%,327,144,471
"City of Houston, Proposition No. 2",0466,0,4,4,5,80.00%,1,1,2
"City of Houston, Proposition No. 2",0467,0,2,2,0,0.00%,1,0,1
"City of Houston, Proposition No. 2",0468,1,1,2,13,15.38%,0,1,1
"City of Houston, Proposition No. 2",0469,2039,638,2677,3779,70.84%,1147,877,2024
"City of Houston, Proposition No. 2",0472,370,337,707,1027,68.84%,468,109,577
"City of Houston, Proposition No. 2",0473,914,442,1356,1827,74.22%,701,361,1062
"City of Houston, Proposition No. 2",0475,451,447,898,1493,60.15%,392,205,597
"City of Houston, Proposition No. 2",0476,354,351,705,1224,57.60%,321,195,516
"City of Houston, Proposition No. 2",0477,0,0,0,0,0.00%,0,0,0
"City of Houston, Proposition No. 2",0478,422,144,566,910,62.20%,265,88,353
"City of Houston, Proposition No. 2",0479,1,2,3,3,100.00%,2,1,3
"City of Houston, Proposition No. 2",0480,1,0,1,2,50.00%,0,0,0
"City of Houston, Proposition No. 2",0481,0,7,7,4,175.00%,3,0,3
"City of Houston, Proposition No. 2",0482,2,1,3,1,300.00%,0,2,2
"City of Houston, Proposition No. 2",0483,1868,759,2627,4141,63.44%,1356,596,1952
"City of Houston, Proposition No. 2",0484,4,1,5,2,250.00%,3,1,4
"City of Houston, Proposition No. 2",0485,0,1,1,0,0.00%,0,1,1
"City of Houston, Proposition No. 2",0486,4,2,6,5,120.00%,3,1,4
"City of Houston, Proposition No. 2",0487,1005,612,1617,3318,48.73%,597,330,927
"City of Houston, Proposition No. 2",0488,580,440,1020,1713,59.54%,450,234,684
"City of Houston, Proposition No. 2",0489,783,378,1161,1823,63.69%,580,297,877
"City of Houston, Proposition No. 2",0490,875,439,1315,1944,67.64%,692,275,967
"City of Houston, Proposition No. 2",0491,667,489,1156,1782,64.87%,623,232,855
"City of Houston, Proposition No. 2",0492,1069,504,1573,2351,66.91%,833,378,1211
"City of Houston, Proposition No. 2",0493,858,400,1258,1804,69.73%,665,327,992
"City of Houston, Proposition No. 2",0495,0,0,0,1,0.00%,0,0,0
"City of Houston, Proposition No. 2",0496,0,11,11,0,0.00%,5,1,6
"City of Houston, Proposition No. 2",0497,882,155,1047,1492,70.17%,340,222,562
"City of Houston, Proposition No. 2",0498,759,499,1258,2123,59.26%,608,295,903
"City of Houston, Proposition No. 2",0499,1301,517,1818,2304,78.91%,943,517,1460
"City of Houston, Proposition No. 2",0500,41,8,49,84,58.33%,15,11,26
"City of Houston, Proposition No. 2",0501,653,487,1140,1647,69.22%,700,199,899
"City of Houston, Proposition No. 2",0503,359,273,632,1363,46.37%,251,120,371
"City of Houston, Proposition No. 2",0504,1129,538,1667,2197,75.88%,912,443,1355
"City of Houston, Proposition No. 2",0505,1209,829,2038,3654,55.77%,1020,534,1554
"City of Houston, Proposition No. 2",0506,0,0,0,0,0.00%,0,0,0
"City of Houston, Proposition No. 2",0507,582,385,967,2435,39.71%,340,153,493
"City of Houston, Proposition No. 2",0508,946,760,1706,3248,52.52%,704,320,1024
"City of Houston, Proposition No. 2",0509,453,253,706,1293,54.60%,348,121,469
"City of Houston, Proposition No. 2",0510,1492,682,2174,3511,61.92%,1103,496,1599
"City of Houston, Proposition No. 2",0512,91,2,93,169,55.03%,44,11,55
"City of Houston, Proposition No. 2",0513,1,0,1,1,100.00%,1,0,1
"City of Houston, Proposition No. 2",0514,0,12,12,0,0.00%,6,2,8
"City of Houston, Proposition No. 2",0515,2,0,2,2,100.00%,0,0,0
"City of Houston, Proposition No. 2",0516,201,109,310,520,59.62%,131,63,194
"City of Houston, Proposition No. 2",0517,8,2,10,10,100.00%,7,0,7
"City of Houston, Proposition No. 2",0518,55,24,79,174,45.40%,36,12,48
"City of Houston, Proposition No. 2",0519,3,0,3,5,60.00%,1,0,1
"City of Houston, Proposition No. 2",0520,0,856,856,10,3560.00%,353,153,506
"City of Houston, Proposition No. 2",0521,0,3,3,0,0.00%,1,0,1
"City of Houston, Proposition No. 2",0522,2,2,4,9,44.44%,1,1,2
"City of Houston, Proposition No. 2",0523,6,2,8,4,200.00%,3,3,6
"City of Houston, Proposition No. 2",0524,0,0,0,0,0.00%,0,0,0
"City of Houston, Proposition No. 2",0525,1380,610,1990,2947,67.53%,954,423,1377
"City of Houston, Proposition No. 2",0526,167,171,338,731,46.24%,165,63,228
"City of Houston, Proposition No. 2",0527,0,2,2,0,0.00%,1,0,1
"City of Houston, Proposition No. 2",0528,36,12,48,92,52.17%,12,10,22
"City of Houston, Proposition No. 2",0530,259,235,494,1196,41.30%,184,110,294
"City of Houston, Proposition No. 2",0536,1332,1195,2527,4576,55.22%,1147,607,1754
"City of Houston, Proposition No. 2",0538,433,237,670,1282,52.26%,248,153,401
"City of Houston, Proposition No. 2",0539,26,209,235,71,330.99%,119,38,157
"City of Houston, Proposition No. 2",0540,see,380,1046,1491,70.15%,666,155,821
"City of Houston, Proposition No. 2",0541,1824,779,2603,4183,62.23%,1319,493,1812
"City of Houston, Proposition No. 2",0542,997,501,1498,2525,59.33%,642,333,975
"City of Houston, Proposition No. 2",0543,287,378,665,1528,43.52%,309,176,485
"City of Houston, Proposition No. 2",0544,92,53,145,318,45.60%,51,34,85
"City of Houston, Proposition No. 2",0545,11,5,16,23,69.57%,5,6,11
"City of Houston, Proposition No. 2",0546,4,4,8,30,26.67%,5,2,7
"City of Houston, Proposition No. 2",0547,0,0,0,0,0.00%,0,0,0
"City of Houston, Proposition No. 2",0548,2,2,4,2,200.00%,1,2,3
"City of Houston, Proposition No. 2",0549,0,6,6,0,0.00%,1,1,2
"City of Houston, Proposition No. 2",0550,35,14,49,163,30.06%,23,5,28
"City of Houston, Proposition No. 2",0551,1,0,1,1,100.00%,1,0,1
"City of Houston, Proposition No. 2",0552,0,1,1,0,0.00%,1,0,1
"City of Houston, Proposition No. 2",0553,3,3,6,3,200.00%,2,2,4
"City of Houston, Proposition No. 2",0554,562,340,902,1731,52.11%,437,140,577
"City of Houston, Proposition No. 2",0555,597,447,1044,2119,49.27%,488,191,679
"City of Houston, Proposition No. 2",0556,584,421,1005,2249,44.69%,437,191,628
"City of Houston, Proposition No. 2",0557,822,556,1378,2726,50.55%,571,265,836
"City of Houston, Proposition No. 2",0558,1078,584,1662,2752,60.39%,790,354,1144
"City of Houston, Proposition No. 2",0559,1787,899,2686,4633,57.98%,1345,508,1853
"City of Houston, Proposition No. 2",0560,172,289,461,1176,39.20%,184,95,279
"City of Houston, Proposition No. 2",0562,201,146,347,645,53.80%,133,69,202
"City of Houston, Proposition No. 2",0563,1599,415,2114,2969,71.20%,882,726,1608
"City of Houston, Proposition No. 2",0564,1150,713,1863,3096,60.17%,1063,327,1390
"City of Houston, Proposition No. 2",0565,315,194,509,1373,37.07%,209,99,308
"City of Houston, Proposition No. 2",0566,1122,478,1600,2950,54.24%,766,342,1108
"City of Houston, Proposition No. 2",0567,672,394,1066,2198,48.50%,459,168,627
"City of Houston, Proposition No. 2",0568,1628,837,2465,3487,70.69%,1274,526,1800
"City of Houston, Proposition No. 2",0569,1294,855,2159,3249,66.45%,1216,406,1622
"City of Houston, Proposition No. 2",0570,525,409,934,1473,63.41%,554,142,696
"City of Houston, Proposition No. 2",0571,75,128,203,373,54.42%,78,55,133
"City of Houston, Proposition No. 2",0572,1248,572,1820,2941,61.88%,962,351,1313
"City of Houston, Proposition No. 2",0573,577,368,945,1618,58.41%,349,203,552
"City of Houston, Proposition No. 2",0574,98,79,177,391,45.27%,71,33,104
"City of Houston, Proposition No. 2",0576,1050,552,1602,2671,59.98%,606,385,991
"City of Houston, Proposition No. 2",0577,231,113,344,573,60.03%,183,91,274
"City of Houston, Proposition No. 2",0578,745,553,1298,1689,76.85%,707,348,1055
"City of Houston, Proposition No. 2",0579,487,351,838,1806,46.40%,331,230,561
"City of Houston, Proposition No. 2",0580,429,146,575,1027,55.99%,224,122,346
"City of Houston, Proposition No. 2",0581,510,162,672,1041,64.55%,225,141,366
"City of Houston, Proposition No. 2",0582,614,256,870,1613,53.94%,261,193,454
"City of Houston, Proposition No. 2",0583,544,1,27,671,1248,53.77%,234,113,347
"City of Houston, Proposition No. 2",0584,379,130,509,883,57.64%,161,99,260
"City of Houston, Proposition No. 2",0585,934,304,1238,2403,51.52%,419,275,694
"City of Houston, Proposition No. 2",0586,0,0,0,0,0.00%,0,0,0
"City of Houston, Proposition No. 2",0587,3,2,5,1,500.00%,1,2,3
"City of Houston, Proposition No. 2",0588,0,0,0,0,0.00%,0,0,0
"City of Houston, Proposition No. 2",0589,326,229,555,938,59.17%,276,110,386
"City of Houston, Proposition No. 2",0590,1158,463,1621,2136,75.89%,698,584,1282
"City of Houston, Proposition No. 2",0592,1,3,4,15,26.67%,1,2,3
"City of Houston, Proposition No. 2",0593,112,125,237,615,38.54%,113,61,174
"City of Houston, Proposition No. 2",0594,756,436,1192,1779,67.00%,589,278,867
"City of Houston, Proposition No. 2",0595,0,1,1,0,0.00%,0,0,0
"City of Houston, Proposition No. 2",0596,2,2,4,3,133.33%,1,1,2
"City of Houston, Proposition No. 2",0597,81,55,136,185,73.51%,65,22,87
"City of Houston, Proposition No. 2",0598,50,39,89,154,57.79%,35,24,59
"City of Houston, Proposition No. 2",0599,5,0,5,16,31.25%,2,1,3
"City of Houston, Proposition No. 2",0600,0,3,3,1,300.00%,3,0,3
"City of Houston, Proposition No. 2",0601,0,4,4,2,200.00%,1,1,2
"City of Houston, Proposition No. 2",0602,0,0,0,0,0.00%,0,0,0
"City of Houston, Proposition No. 2",0603,0,1,1,0,0.00%,0,1,1
"City of Houston, Proposition No. 2",0604,29,9,38,64,59.38%,14,16,30
"City of Houston, Proposition No. 2",0605,0,6,6,0,0.00%,2,1,3
"City of Houston, Proposition No. 2",0606,420,122,542,1053,51.47%,183,122,305
"City of Houston, Proposition No. 2",0607,194,118,312,731,42.68%,121,57,178
"City of Houston, Proposition No. 2",0608,68,48,116,252,46.03%,51,35,86
"City of Houston, Proposition No. 2",0609,0,4,4,0,0.00%,1,0,1
"City of Houston, Proposition No. 2",0610,403,398,801,1825,43.89%,353,197,550
"City of Houston, Proposition No. 2",0611,1120,301,1421,2450,58.00%,414,244,658
"City of Houston, Proposition No. 2",0612,1700,579,2279,3272,69.65%,994,786,1780
"City of Houston, Proposition No. 2",0613,0,0,0,3,0.00%,0,0,0
"City of Houston, Proposition No. 2",0614,1,3,4,3,133.33%,1,1,2
"City of Houston, Proposition No. 2",0615,0,1,1,0,0.00%,1,0,1
"City of Houston, Proposition No. 2",0617,0,0,0,0,0.00%,0,0,0
"City of Houston, Proposition No. 2",061,8,9,2,11,28,39.29%,2,6,8
"City of Houston, Proposition No. 2",0620,2382,856,3238,5271,61.43%,1556,710,2266
"City of Houston, Proposition No. 2",0621,397,203,600,1173,51.15%,284,150,434
"City of Houston, Proposition No. 2",0622,0,2,2,1,200.00%,0,2,2
"City of Houston, Proposition No. 2",0623,2,3,5,9,55.56%,1,0,1
"City of Houston, Proposition No. 2",0624,7,0,7,12,58.33%,3,3,6
"City of Houston, Proposition No. 2",0625,862,454,1316,1796,73.27%,712,311,1023
"City of Houston, Proposition No. 2",0626,1148,655,1803,2838,63.53%,890,422,1312
"City of Houston, Proposition No. 2",0627,793,645,1438,2956,48.65%,615,320,935
"City of Houston, Proposition No. 2",0628,292,455,748,1600,46.75%,360,204,564
"City of Houston, Proposition No. 2",0629,175,127,302,629,48.01%,122,64,186
"City of Houston, Proposition No. 2",0630,228,69,297,404,73.51%,135,74,209
"City of Houston, Proposition No. 2",0631,3,0,3,0,0.00%,3,0,3
"City of Houston, Proposition No. 2",0632,12,9,21,231,9.09%,12,3,15
"City of Houston, Proposition No. 2",0633,0,5,5,0,0.00%,3,0,3
"City of Houston, Proposition No. 2",0634,0,0,0,0,0.00%,0,0,0
"City of Houston, Proposition No. 2",0635,1325,705,2032,3280,61.95%,798,716,1514
"City of Houston, Proposition No. 2",0637,739,509,1248,2471,50.51%,582,289,871
"City of Houston, Proposition No. 2",0638,740,684,1424,2078,68.53%,604,264,868
"City of Houston, Proposition No. 2",0639,0,5,5,0,0.00%,2,0,2
"City of Houston, Proposition No. 2",0640,0,2,2,2,100.00%,1,1,2
"City of Houston, Proposition No. 2",0641,20,12,32,52,61.54%,14,8,22
"City of Houston, Proposition No. 2",0642,0,5,5,0,0.00%,3,0,3
"City of Houston, Proposition No. 2",0643,69,22,91,95,95.79%,38,19,57
"City of Houston, Proposition No. 2",0644,1,8,9,8,112.50%,3,0,3
"City of Houston, Proposition No. 2",0645,1639,895,2534,4035,62.80%,1319,531,1850
"City of Houston, Proposition No. 2",0646,6,0,6,18,33.33%,3,2,5
"City of Houston, Proposition No. 2",0647,137,99,236,363,65.01%,102,67,169
"City of Houston, Proposition No. 2",0648,3,2,5,3,166.67%,3,1,4
"City of Houston, Proposition No. 2",0649,1389,854,2243,4426,50.68%,999,471,1470
"City of Houston, Proposition No. 2",0650,0,3,3,0,0.00%,2,0,2
"City of Houston, Proposition No. 2",0651,0,1,1,2,50.00%,1,0,1
"City of Houston, Proposition No. 2",0652,1049,653,1702,2633,64.64%,818,331,1149
"City of Houston, Proposition No. 2",0653,0,8,8,0,0.00%,5,2,7
"City of Houston, Proposition No. 2",0654,0,13,13,0,0.00%,5,2,7
"City of Houston, Proposition No. 2",0655,2,1,3,0,0.00%,1,1,2
"City of Houston, Proposition No. 2",0656,1139,391,1530,2371,64.53%,440,319,759
"City of Houston, Proposition No. 2",0657,0,68,68,0,0.00%,38,11,49
"City of Houston, Proposition No. 2",0658,0,3,3,0,0.00%,0,1,1
"City of Houston, Proposition No. 2",0659,126,40,166,225,73.78%,66,50,116
"City of Houston, Proposition No. 2",0660,0,1,1,0,0.00%,0,1,1
"City of Houston, Proposition No. 2",0661,0,3,3,0,0.00%,1,0,1
"City of Houston, Proposition No. 2",0663,1302,913,2215,3232,68.53%,1156,582,1738
"City of Houston, Proposition No. 2",0666,0,1,1,0,0.00%,1,0,1
"City of Houston, Proposition No. 2",0667,0,0,0,2,0.00%,0,0,0
"City of Houston, Proposition No. 2",0668,0,0,0,0,0.00%,0,0,0
"City of Houston, Proposition No. 2",0669,1,3,4,3,133.33%,3,0,3
"City of Houston, Proposition No. 2",0670,1566,518,2084,2952,70.60%,943,732,1675
"City of Houston, Proposition No. 2",0671,1,411,412,1,|200.00%,195,73,268
"City of Houston, Proposition No. 2",0672,6,0,6,8,75.00%,2,2,4
"City of Houston, Proposition No. 2",0674,20,3,23,26,88.46%,8,8,16
"City of Houston, Proposition No. 2",0675,0,0,0,0,0.00%,0,0,0
"City of Houston, Proposition No. 2",0676,0,0,0,0,0.00%,0,0,0
"City of Houston, Proposition No. 2",0677,220,239,459,954,48.11%,219,128,347
"City of Houston, Proposition No. 2",0678,297,164,461,756,60.98%,245,115,360
"City of Houston, Proposition No. 2",0680,56,22,78,181,43.09%,46,8,54
"City of Houston, Proposition No. 2",0681,1,0,1,5,20.00%,0,0,0
"City of Houston, Proposition No. 2",0683,48,50,98,261,37.55%,51,27,78
"City of Houston, Proposition No. 2",0684,72,24,96,187,51.34%,47,21,68
"City of Houston, Proposition No. 2",0685,167,29,196,326,60.12%,94,38,132
"City of Houston, Proposition No. 2",0686,46,34,80,196,40.82%,36,17,53
"City of Houston, Proposition No. 2",0688,0,1,5,1,5,0,0.00%,7,5,1,2
"City of Houston, Proposition No. 2",0689,498,647,1145,2254,50.80%,500,244,744
"City of Houston, Proposition No. 2",0690,0,1,1,0,0.00%,1,0,1
"City of Houston, Proposition No. 2",0691,0,0,0,0,0.00%,0,0,0
"City of Houston, Proposition No. 2",0693,303,116,419,651,64.36%,211,94,305
"City of Houston, Proposition No. 2",0694,420,137,557,817,68.18%,283,142,425
"City of Houston, Proposition No. 2",0697,2,16,18,2,900.00%,7,3,10
"City of Houston, Proposition No. 2",0698,1,5,6,1,600.00%,2,0,2
"City of Houston, Proposition No. 2",0699,1031,566,1597,2288,69.80%,837,336,1173
"City of Houston, Proposition No. 2",0701,0,0,0,0,0.00%,0,0,0
"City of Houston, Proposition No. 2",0702,150,123,273,549,49.73%,120,60,180
"City of Houston, Proposition No. 2",0705,82,57,139,245,56.73%,41,19,60
"City of Houston, Proposition No. 2",0706,222,135,357,529,67.49%,178,88,266
"City of Houston, Proposition No. 2",0707,284,136,420,707,59.41%,233,104,337
"City of Houston, Proposition No. 2",0709,0,2,2,2,100.00%,0,0,0
"City of Houston, Proposition No. 2",0710,877,602,1479,2023,73.11%,903,251,1154
"City of Houston, Proposition No. 2",0711,1492,701,2193,3351,65.44%,1169,496,1665
"City of Houston, Proposition No. 2",0712,4,1,5,6,83.33%,0,1,1
"City of Houston, Proposition No. 2",071,3,8,3,11,14,78.57%,3,5,8
"City of Houston, Proposition No. 2",0714,62,3,65,269,24.16%,24,26,50
"City of Houston, Proposition No. 2",0715,405,326,731,1380,52.97%,309,202,511
"City of Houston, Proposition No. 2",0717,0,2,2,0,0.00%,0,1,1
"City of Houston, Proposition No. 2",0718,1842,1019,2861,4050,70.64%,1493,617,2110
"City of Houston, Proposition No. 2",0719,0,0,0,0,0.00%,0,0,0
"City of Houston, Proposition No. 2",0720,128,7,135,149,90.60%,52,24,76
"City of Houston, Proposition No. 2",0721,1334,637,1971,2842,69.35%,1072,426,1498
"City of Houston, Proposition No. 2",0722,1892,642,2534,4357,58.16%,1073,579,1652
"City of Houston, Proposition No. 2",0723,0,1,1,1,100.00%,0,1,1
"City of Houston, Proposition No. 2",0724,325,170,495,716,69.13%,280,92,372
"City of Houston, Proposition No. 2",0725,121,52,173,442,39.14%,62,27,89
"City of Houston, Proposition No. 2",0727,931,466,1397,2488,56.15%,684,296,980
"City of Houston, Proposition No. 2",0728,343,208,551,881,62.54%,286,145,431
"City of Houston, Proposition No. 2",0730,800,437,1237,1630,75.89%,656,274,930
"City of Houston, Proposition No. 2",0731,121,36,157,373,42.09%,75,36,111
"City of Houston, Proposition No. 2",0732,701,543,1244,1895,65.65%,623,296,919
"City of Houston, Proposition No. 2",0734,0,0,0,1,0.00%,0,0,0
"City of Houston, Proposition No. 2",0736,6,1,7,21,33.33%,2,2,4
"City of Houston, Proposition No. 2",0738,353,152,505,954,52.94%,195,107,302
"City of Houston, Proposition No. 2",0740,0,1,1,0,0.00%,1,0,1
"City of Houston, Proposition No. 2",0741,0,0,0,0,0.00%,0,0,0
"City of Houston, Proposition No. 2",0742,0,0,0,0,0.00%,0,0,0
"City of Houston, Proposition No. 2",0744,848,509,1357,2024,67.05%,721,329,1050
"City of Houston, Proposition No. 2",0745,1066,542,1608,2396,67.11%,792,389,1181
"City of Houston, Proposition No. 2",0746,230,151,381,707,53.89%,179,68,247
"City of Houston, Proposition No. 2",0747,0,1,1,0,0.00%,1,0,1
"City of Houston, Proposition No. 2",0748,286,201,487,862,56.50%,249,90,339
"City of Houston, Proposition No. 2",0749,99,57,156,359,43.45%,60,37,97
"City of Houston, Proposition No. 2",0751,5,9,14,2,700.00%,7,1,8
"City of Houston, Proposition No. 2",0754,0,0,0,0,0.00%,0,0,0
"City of Houston, Proposition No. 2",0755,1048,896,1944,3569,54.47%,905,446,1351
"City of Houston, Proposition No. 2",0757,5,0,5,13,38.46%,3,0,3
"City of Houston, Proposition No. 2",0758,1996,783,2779,3781,73.50%,1207,891,2098
"City of Houston, Proposition No. 2",0760,2346,647,2993,4154,72.05%,1339,1000,2339
"City of Houston, Proposition No. 2",0761,917,219,1136,1464,77.60%,588,293,881
"City of Houston, Proposition No. 2",0762,0,0,0,0,0.00%,0,0,0
"City of Houston, Proposition No. 2",0763,255,308,563,1184,47.55%,251,131,382
"City of Houston, Proposition No. 2",0764,0,3,3,0,0.00%,2,0,2
"City of Houston, Proposition No. 2",0765,1390,815,2205,3967,55.58%,1077,485,1562
"City of Houston, Proposition No. 2",0766,71,92,163,383,42.56%,73,33,106
"City of Houston, Proposition No. 2",0767,20,15,35,90,38.89%,14,10,24
"City of Houston, Proposition No. 2",0768,0,4,4,0,0.00%,2,1,3
"City of Houston, Proposition No. 2",0769,0,0,0,0,0.00%,0,0,0
"City of Houston, Proposition No. 2",0771,2,0,2,2,100.00%,0,1,1
"City of Houston, Proposition No. 2",0772,7,4,11,1,|100.00%,5,2,7
"City of Houston, Proposition No. 2",0773,277,209,486,917,53.00%,187,89,276
"City of Houston, Proposition No. 2",0774,116,74,190,301,63.12%,84,42,126
"City of Houston, Proposition No. 2",0775,33,1,34,83,40.96%,18,3,21
"City of Houston, Proposition No. 2",0776,19,1,20,37,54.05%,5,2,7
"City of Houston, Proposition No. 2",0778,0,0,0,0,0.00%,0,0,0
"City of Houston, Proposition No. 2",0779,270,216,486,1055,46.07%,190,124,314
"City of Houston, Proposition No. 2",0780,6,7,13,20,65.00%,4,3,7
"City of Houston, Proposition No. 2",0781,1152,655,1807,3716,48.63%,757,375,1132
"City of Houston, Proposition No. 2",0782,50,23,73,156,46.79%,37,17,54
"City of Houston, Proposition No. 2",0784,428,156,584,1071,54.53%,165,106,271
"City of Houston, Proposition No. 2",0787,154,76,230,487,47.23%,90,64,154
"City of Houston, Proposition No. 2",0788,156,58,214,481,44.49%,95,52,147
"City of Houston, Proposition No. 2",0789,3,1,4,4,100.00%,2,0,2
"City of Houston, Proposition No. 2",0790,0,0,0,0,0.00%,0,0,0
"City of Houston, Proposition No. 2",0791,0,0,0,0,0.00%,0,0,0
"City of Houston, Proposition No. 2",0793,318,153,471,976,48.26%,211,121,332
"City of Houston, Proposition No. 2",0794,471,395,866,2136,40.54%,367,153,520
"City of Houston, Proposition No. 2",0795,265,255,520,1207,43.08%,227,132,359
"City of Houston, Proposition No. 2",0797,0,0,0,0,0.00%,0,0,0
"City of Houston, Proposition No. 2",0798,176,263,439,496,88.51%,207,120,327
"City of Houston, Proposition No. 2",0799,8,3,11,28,39.29%,6,4,10
"City of Houston, Proposition No. 2",0800,0,90,90,0,0.00%,58,20,78
"City of Houston, Proposition No. 2",0801,68,55,123,253,48.62%,55,25,80
"City of Houston, Proposition No. 2",0802,98,58,156,299,52.17%,94,24,118
"City of Houston, Proposition No. 2",0803,0,0,0,0,0.00%,0,0,0
"City of Houston, Proposition No. 2",0804,0,0,0,0,0.00%,0,0,0
"City of Houston, Proposition No. 2",0805,14,1,15,23,65.22%,6,6,12
"City of Houston, Proposition No. 2",0806,0,0,0,0,0.00%,0,0,0
"City of Houston, Proposition No. 2",0807,652,402,1054,2001,52.67%,528,190,718
"City of Houston, Proposition No. 2",0808,41,26,67,84,79.76%,42,10,52
"City of Houston, Proposition No. 2",0809,21,6,27,86,31.40%,10,3,13
"City of Houston, Proposition No. 2",0810,30,48,78,215,36.28%,31,14,45
"City of Houston, Proposition No. 2",0811,39,106,145,271,53.51%,68,34,102
"City of Houston, Proposition No. 2",0812,0,0,0,0,0.00%,0,0,0
"City of Houston, Proposition No. 2",081,3,0,23,23,0,0.00%,9,9,1,8
"City of Houston, Proposition No. 2",0814,561,157,718,1141,62.93%,305,112,417
"City of Houston, Proposition No. 2",0815,0,0,0,0,0.00%,0,0,0
"City of Houston, Proposition No. 2",0816,20,13,33,76,43.42%,14,5,19
"City of Houston, Proposition No. 2",0817,0,0,0,0,0.00%,0,0,0
"City of Houston, Proposition No. 2",0818,134,101,235,527,44.59%,95,65,160
"City of Houston, Proposition No. 2",0819,97,45,142,238,59.66%,77,28,105
"City of Houston, Proposition No. 2",0820,0,0,0,0,0.00%,0,0,0
"City of Houston, Proposition No. 2",0821,354,203,557,1206,46.19%,233,121,354
"City of Houston, Proposition No. 2",0822,584,282,866,1544,56.09%,328,187,515
"City of Houston, Proposition No. 2",0823,359,157,516,789,65.40%,215,96,311
"City of Houston, Proposition No. 2",0824,86,53,139,290,47.93%,65,25,90
"City of Houston, Proposition No. 2",0825,0,0,0,0,0.00%,0,0,0
"City of Houston, Proposition No. 2",0826,153,89,242,342,70.76%,158,39,197
"City of Houston, Proposition No. 2",0827,16,7,23,54,42.59%,9,5,14
"City of Houston, Proposition No. 2",0828,0,0,0,0,0.00%,0,0,0
"City of Houston, Proposition No. 2",0829,107,56,163,266,61.28%,86,25,111
"City of Houston, Proposition No. 2",0830,0,0,0,1,0.00%,0,0,0
"City of Houston, Proposition No. 2",0831,0,0,0,0,0.00%,0,0,0
"City of Houston, Proposition No. 2",0833,8,1,9,20,45.00%,2,2,4
"City of Houston, Proposition No. 2",0835,87,53,140,292,47.95%,63,29,92
"City of Houston, Proposition No. 2",0836,8,3,11,19,57.89%,7,2,9
"City of Houston, Proposition No. 2",0837,0,0,0,0,0.00%,0,0,0
"City of Houston, Proposition No. 2",0839,353,240,593,1122,52.85%,287,134,421
"City of Houston, Proposition No. 2",0840,51,17,68,138,49.28%,22,22,44
"City of Houston, Proposition No. 2",0841,0,1,1,0,0.00%,0,0,0
"City of Houston, Proposition No. 2",0842,715,505,1220,2266,53.84%,586,279,865
"City of Houston, Proposition No. 2",0843,0,2,2,0,0.00%,1,0,1
"City of Houston, Proposition No. 2",0844,2,4,6,1,3,46.1,5%,4,0,4
"City of Houston, Proposition No. 2",0845,85,10,95,100,95.00%,36,15,51
"City of Houston, Proposition No. 2",0846,70,29,99,210,47.14%,46,12,58
"City of Houston, Proposition No. 2",0847,4,3,7,2,350.00%,3,2,5
"City of Houston, Proposition No. 2",0848,782,431,1213,1873,64.76%,611,301,912
"City of Houston, Proposition No. 2",0849,553,514,1067,2073,51.47%,454,270,724
"City of Houston, Proposition No. 2",0850,87,38,125,205,60.98%,55,41,96
"City of Houston, Proposition No. 2",0851,0,1,1,1,100.00%,1,0,1
"City of Houston, Proposition No. 2",0852,0,4,4,2,200.00%,0,2,2
"City of Houston, Proposition No. 2",0854,41,30,71,175,40.57%,31,12,43
"City of Houston, Proposition No. 2",0856,0,4,4,0,0.00%,3,0,3
"City of Houston, Proposition No. 2",0857,0,0,0,1,0.00%,0,0,0
"City of Houston, Proposition No. 2",0858,132,18,150,372,40.32%,49,36,85
"City of Houston, Proposition No. 2",0859,309,201,510,860,59.30%,205,128,333
"City of Houston, Proposition No. 2",0860,0,1,1,0,0.00%,0,1,1
"City of Houston, Proposition No. 2",0861,21,5,26,91,28.57%,11,5,16
"City of Houston, Proposition No. 2",0862,0,0,0,0,0.00%,0,0,0
"City of Houston, Proposition No. 2",0863,210,69,279,620,45.00%,94,63,157
"City of Houston, Proposition No. 2",0864,0,167,167,8,2087.50%,61,37,98
"City of Houston, Proposition No. 2",0865,9,2,11,23,47.83%,3,6,9
"City of Houston, Proposition No. 2",0866,0,0,0,0,0.00%,0,0,0
"City of Houston, Proposition No. 2",0867,0,0,0,0,0.00%,0,0,0
"City of Houston, Proposition No. 2",0868,1,1,2,3,66.67%,2,0,2
"City of Houston, Proposition No. 2",0869,153,76,229,473,48.41%,92,35,127
"City of Houston, Proposition No. 2",0870,0,0,0,0,0.00%,0,0,0
"City of Houston, Proposition No. 2",0871,3,0,3,4,75.00%,3,0,3
"City of Houston, Proposition No. 2",0872,5,1,6,22,27.27%,3,0,3
"City of Houston, Proposition No. 2",0873,0,0,0,0,0.00%,0,0,0
"City of Houston, Proposition No. 2",0874,0,0,0,0,0.00%,0,0,0
"City of Houston, Proposition No. 2",0875,2,1,3,0,0.00%,2,0,2
"City of Houston, Proposition No. 2",0876,0,0,0,0,0.00%,0,0,0
"City of Houston, Proposition No. 2",0877,1,1,2,2,100.00%,1,0,1
"City of Houston, Proposition No. 2",0878,0,1,1,0,0.00%,0,0,0
"City of Houston, Proposition No. 2",0879,0,117,117,0,0.00%,53,27,80
"City of Houston, Proposition No. 2",0880,0,0,0,0,0.00%,0,0,0
"City of Houston, Proposition No. 2",0881,44,8,52,55,94.55%,19,4,23
"City of Houston, Proposition No. 2",0882,0,0,0,0,0.00%,0,0,0
"City of Houston, Proposition No. 2",0883,90,29,119,161,73.91%,57,18,75
"City of Houston, Proposition No. 2",0884,0,0,0,0,0.00%,0,0,0
"City of Houston, Proposition No. 2",0885,0,9,9,0,0.00%,3,0,3
"City of Houston, Proposition No. 2",0886,301,154,455,713,63.81%,286,64,350
"City of Houston, Proposition No. 2",0887,138,83,221,313,70.61%,127,34,161
"City of Houston, Proposition No. 2",0889,22,0,22,61,36.07%,12,5,17
"City of Houston, Proposition No. 2",0890,319,118,437,994,43.96%,262,56,318
"City of Houston, Proposition No. 2",0891,539,392,931,1413,65.89%,505,207,712
"City of Houston, Proposition No. 2",0892,193,130,323,696,46.41%,182,52,234
"City of Houston, Proposition No. 2",0893,1,0,1,5,20.00%,0,0,0
"City of Houston, Proposition No. 2",0894,0,31,31,0,0.00%,19,3,22
"City of Houston, Proposition No. 2",0895,335,325,660,784,84.1,8%,434,1,04,538
"City of Houston, Proposition No. 2",0896,670,303,973,1437,67.71%,640,154,794
"City of Houston, Proposition No. 2",0897,0,0,0,0,0.00%,0,0,0
"City of Houston, Proposition No. 2",0899,4,0,4,8,50.00%,4,0,4
"City of Houston, Proposition No. 2",0900,5,0,5,12,41.67%,2,1,3
"City of Houston, Proposition No. 2",0902,865,621,1486,2065,71.96%,817,361,1178
"City of Houston, Proposition No. 2",0903,10,1,11,41,26.83%,6,5,11
"City of Houston, Proposition No. 2",0904,0,1,1,0,0.00%,1,0,1
"City of Houston, Proposition No. 2",0905,290,168,458,908,50.44%,216,117,333
"City of Houston, Proposition No. 2",0909,5,7,12,19,63.16%,8,2,10
"City of Houston, Proposition No. 2",0910,55,34,89,226,39.38%,41,27,68
"City of Houston, Proposition No. 2",0912,0,0,0,0,0.00%,0,0,0
"City of Houston, Proposition No. 2",0917,280,137,417,481,86.69%,238,103,341
"City of Houston, Proposition No. 2",0918,489,135,624,883,70.67%,349,146,495
"City of Houston, Proposition No. 2",0922,0,2,2,0,0.00%,1,1,2
"City of Houston, Proposition No. 2",0924,0,0,0,0,0.00%,0,0,0
"City of Houston, Proposition No. 2",0925,0,0,0,0,0.00%,0,0,0
"City of Houston, Proposition No. 2",0926,1,0,1,2,50.00%,0,0,0
"City of Houston, Proposition No. 2",0927,84,74,158,262,60.31%,88,36,124
"City of Houston, Proposition No. 2",0928,4,2,6,9,66.67%,4,2,6
"City of Houston, Proposition No. 2",0929,0,0,0,0,0.00%,0,0,0
"City of Houston, Proposition No. 2",0930,200,77,277,567,48.85%,93,60,153
"City of Houston, Proposition No. 2",0931,48,53,101,122,82.79%,57,23,80
"City of Houston, Proposition No. 2",0932,0,5,5,0,0.00%,5,0,5
"City of Houston, Proposition No. 2",0933,233,121,354,566,62.54%,187,86,273
"City of Houston, Proposition No. 2",0934,3,0,3,10,30.00%,1,2,3
"City of Houston, Proposition No. 2",0935,0,0,0,0,0.00%,0,0,0
"City of Houston, Proposition No. 2",0936,3,4,7,21,33.33%,2,0,2
"City of Houston, Proposition No. 2",0938,73,14,87,256,33.98%,41,21,62
"City of Houston, Proposition No. 2",0940,1,0,1,13,7.69%,1,0,1
"City of Houston, Proposition No. 2",0941,13,9,22,25,88.00%,10,5,15
"City of Houston, Proposition No. 2",0942,68,24,92,159,57.86%,46,28,74
"City of Houston, Proposition No. 2",0943,296,63,359,536,66.98%,191,64,255
"City of Houston, Proposition No. 2",0944,30,6,36,39,92.31%,21,6,27
"City of Houston, Proposition No. 2",0945,4,7,11,16,68.75%,5,1,6
"City of Houston, Proposition No. 2",0946,3,3,6,14,42.86%,2,1,3
"City of Houston, Proposition No. 2",0947,320,292,612,822,74.45%,322,149,471
"City of Houston, Proposition No. 2",0948,0,0,0,0,0.00%,0,0,0
"City of Houston, Proposition No. 2",0949,59,37,96,201,47.76%,54,23,77
"City of Houston, Proposition No. 2",0950,0,0,0,0,0.00%,0,0,0
"City of Houston, Proposition No. 2",0951,2,4,6,6,100.00%,3,1,4
"City of Houston, Proposition No. 2",0952,24,16,40,70,57.14%,23,7,30
"City of Houston, Proposition No. 2",0953,59,52,111,420,26.43%,59,21,80
"City of Houston, Proposition No. 2",0954,0,0,0,0,0.00%,0,0,0
"City of Houston, Proposition No. 2",0955,5,20,25,18,138.89%,6,8,14
"City of Houston, Proposition No. 2",0956,5,2,7,12,58.33%,3,1,4
"City of Houston, Proposition No. 2",0958,1,0,1,0,0.00%,0,0,0
"City of Houston, Proposition No. 2",0959,0,4,4,0,0.00%,1,1,2
"City of Houston, Proposition No. 2",0960,2,1,3,4,75.00%,1,1,2
"City of Houston, Proposition No. 2",0962,24,13,37,73,50.68%,25,3,28
"City of Houston, Proposition No. 2",0963,0,1,1,0,0.00%,1,0,1
"City of Houston, Proposition No. 2",0964,886,426,1312,1476,88.89%,650,321,971
"City of Houston, Proposition No. 2",0965,0,0,0,0,0.00%,0,0,0
"City of Houston, Proposition No. 2",0966,305,160,465,1073,43.34%,196,127,323
"City of Houston, Proposition No. 2",0968,0,3,3,0,0.00%,2,1,3
"City of Houston, Proposition No. 2",0969,335,82,417,584,71.40%,146,106,252
"City of Houston, Proposition No. 2",0970,212,76,288,704,40.91%,117,46,163
"City of Houston, Proposition No. 2",0971,27,21,48,129,37.21%,20,9,29
"City of Houston, Proposition No. 2",0972,10,7,17,29,58.62%,8,3,11
"City of Houston, Proposition No. 2",0973,49,24,73,107,68.22%,44,15,59
"City of Houston, Proposition No. 2",0974,100,71,171,299,57.19%,72,64,136
"City of Houston, Proposition No. 2",0975,72,41,113,170,66.47%,47,39,86
"City of Houston, Proposition No. 2",0976,0,1,7,1,7,0,0.00%,6,5,1,1
"City of Houston, Proposition No. 2",0977,0,1,1,1,100.00%,0,0,0
"City of Houston, Proposition No. 2",0981,0,0,0,0,0.00%,0,0,0
"City of Houston, Proposition No. 2",0982,0,0,0,0,0.00%,0,0,0
"City of Houston, Proposition No. 2",0983,2,0,2,5,40.00%,2,0,2
"City of Houston, Proposition No. 2",0984,43,49,92,198,46.46%,49,13,62
"City of Houston, Proposition No. 2",0985,172,67,239,336,71.13%,136,50,186
"City of Houston, Proposition No. 2",0986,129,86,215,404,53.22%,92,37,129
"City of Houston, Proposition No. 2",0987,465,191,656,1138,57.64%,249,142,391
"City of Houston, Proposition No. 2",0989,18,8,26,36,72.22%,8,8,16
"City of Houston, Proposition No. 2",0990,37,15,52,154,33.77%,24,5,29
"City of Houston, Proposition No. 2",0991,0,0,0,1,0.00%,0,0,0
"City of Houston, Proposition No. 2",0994,6,5,11,8,137.50%,5,2,7
"City of Houston, Proposition No. 2",0995,596,190,786,1269,61.94%,340,155,495
"City of Houston, Proposition No. 2",0996,0,1,1,0,0.00%,1,0,1
"City of Houston, Proposition No. 2",0997,136,100,236,394,59.90%,99,44,143
"City of Houston, Proposition No. 2",1000,105,0,105,458,22.93%,43,19,62
"City of Houston, Proposition No. 2",1001,496,294,790,1566,50.45%,305,185,490
"City of Houston, Proposition No. 2",1002,464,314,778,1738,44.76%,339,159,498
"City of Houston, Proposition No. 2",1003,0,0,0,1,0.00%,0,0,0
"City of Houston, Proposition No. 2",1004,224,153,377,656,57.47%,184,108,292
"City of Houston, Proposition No. 2",1005,0,0,0,0,0.00%,0,0,0
"City of Houston, Proposition No. 2",1006,0,0,0,0,0.00%,0,0,0
"City of Houston, Proposition No. 2",1007,0,0,0,0,0.00%,0,0,0
"City of Houston, Proposition No. 2",1010,124,74,198,317,62.46%,97,50,147
"City of Houston, Proposition No. 2",1011,12,3,15,29,51.72%,3,8,11
"City of Houston, Proposition No. 2",1012,1,0,1,3,33.33%,0,1,1
"City of Houston, Proposition No. 2",1016,0,0,0,1,0.00%,0,0,0
"City of Houston, Proposition No. 2",1017,0,0,0,0,0.00%,0,0,0
"City of Houston, Proposition No. 2",1018,0,0,0,0,0.00%,0,0,0
"City of Houston, Proposition No. 2",1019,426,4,430,1518,28.33%,175,77,252
"City of Houston, Proposition No. 2",1020,0,0,0,1,0.00%,0,0,0
"City of Houston, Proposition No. 2",1021,0,0,0,0,0.00%,0,0,0
"City of Houston, Proposition No. 2",1022,0,0,0,0,0.00%,0,0,0
"City of Houston, Proposition No. 2",1023,3,2,5,6,83.33%,1,0,1
"City of Houston, Proposition No. 2",1024,113,77,190,259,73.36%,108,48,156
"City of Houston, Proposition No. 2",1025,0,0,0,2,0.00%,0,0,0
"City of Houston, Proposition No. 2",1026,0,0,0,0,0.00%,0,0,0
"City of Houston, Proposition No. 2",1027,0,1,1,1,100.00%,1,0,1
"City of Houston, Proposition No. 2",1030,0,0,0,0,0.00%,0,0,0
"City of Houston, Proposition No. 2",1033,0,0,0,0,0.00%,0,0,0
"City of Houston, Proposition No. 2",1034,0,0,0,1,0.00%,0,0,0
"City of Houston, Proposition No. 2",1035,0,0,0,0,0.00%,0,0,0
"City of Houston, Proposition No. 2",1037,27,16,43,73,58.90%,16,13,29
"City of Houston, Proposition No. 2",1038,94,10,104,156,66.67%,41,14,55
"City of Houston, Proposition No. 2",1039,3,5,8,20,40.00%,5,1,6
"City of Houston, Proposition No. 2",1040,43,45,88,159,55.35%,45,15,60
"City of Houston, Proposition No. 2",1041,0,0,0,0,0.00%,0,0,0
"City of Houston, Proposition No. 2",1045,18,16,34,113,30.09%,14,4,18
"City of Houston, Proposition No. 2",1046,19,18,37,54,68.52%,21,2,23
"City of Houston, Proposition No. 2",1047,0,1,1,0,0.00%,0,0,0
"City of Houston, Proposition No. 2",1048,3,1,4,18,22.22%,3,0,3
"City of Houston, Proposition No. 2",1049,57,71,128,266,48.12%,54,40,94
"City of Houston, Proposition No. 2",1050,148,153,301,506,59.49%,127,79,206
"City of Houston, Proposition No. 2",1,051,0,1,2,1,2,0,0.00%,9,2,1,1
"City of Houston, Proposition No. 2",1052,0,2,2,0,0.00%,1,0,1
"City of Houston, Proposition No. 2",1054,0,0,0,1,0.00%,0,0,0
"City of Houston, Proposition No. 2",1055,0,0,0,0,0.00%,0,0,0
"City of Houston, Proposition No. 2",1056,4,0,4,6,66.67%,3,0,3
"City of Houston, Proposition No. 2",1057,34,7,41,115,35.65%,11,10,21
"City of Houston, Proposition No. 2",1058,540,246,786,1190,66.05%,341,223,564
"City of Houston, Proposition No. 2",1059,7,3,10,23,43.48%,3,5,8
"City of Houston, Proposition No. 2",1060,10,3,13,43,30.23%,5,3,8
"City of Houston, Proposition No. 2",1061,0,0,0,1,0.00%,0,0,0
"City of Houston, Proposition No. 2",1062,0,0,0,0,0.00%,0,0,0
"City of Houston, Proposition No. 2",1063,1,1,2,2,100.00%,2,0,2
"City of Houston, Proposition No. 2",1064,45,1,46,120,38.33%,24,12,36
"City of Houston, Proposition No. 2",Totals:,364272,212277,576549,953350,,278595,130571,409166
