Office,Precinct,Early Ballots Cast,Election Ballots Cast,Total Ballots Cast,Registered Voters,Percent Turnout,For,Against,Totals
"City of Houston, Proposition C",0001,808,518,1322,2155,81.35%,741,347,1088
"City of Houston, Proposition C",0002,753,407,1180,1890,81,38%,839,283,922
"City of Houston, Proposition C",0003,880,474,1134,1519,74.85%,872,299,971
"City of Houston, Proposition C",0004,878,534,1210,1852,73.24%,738,317,1053
"City of Houston, Proposition C",0005,472,518,990,1378,71.95%,587,272,859
"City of Houston, Proposition C",0007,495,124,819,1058,58.51%,220,110,330
"City of Houston, Proposition C",0008,881,430,1091,1708,83.95%,524,389,893
"City of Houston, Proposition C",0009,472,382,854,1738,49.19%,444,178,822
"City of Houston, Proposition C",0010,499,245,744,1722,43.21%,355,132,487
"City of Houston, Proposition C",0011,418,335,753,1830,41.15%,381,140,501
"City of Houston, Proposition C",0013,0,2,2,3,88.87%,0,0,0
"City of Houston, Proposition C",0014,758,808,1384,1848,73.81%,777,419,1198
"City of Houston, Proposition C",0018,457,175,832,947,88.74%,398,138,534
"City of Houston, Proposition C",0017,348,328,872,1105,80.81%,347,191,538
"City of Houston, Proposition C",0018,550,483,1033,1398,74.00%,598,288,888
"City of Houston, Proposition C",0019,423,281,884,995,88.74%,402,188,588
"City of Houston, Proposition C",0020,878,470,1148,3074,37.35%,880,254,914
"City of Houston, Proposition C",0021,419,230,849,1013,84.07%,357,145,502
"City of Houston, Proposition C",0022,888,554,1442,2524,57.13%,738,273,1011
"City of Houston, Proposition C",0023,99,85,184,512,32.03%,91,19,110
"City of Houston, Proposition C",0024,225,121,348,811,58.83%,188,55,221
"City of Houston, Proposition C",0025,244,304,548,1082,51.80%,283,91,374
"City of Houston, Proposition C",0028,483,488,949,1843,51.49%,518,232,748
"City of Houston, Proposition C",0027,821,895,1518,3005,50.45%,825,311,1138
"City of Houston, Proposition C",0030,798,588,1388,2034,88.14%,780,290,1050
"City of Houston, Proposition C",0031,911,528,1437,2518,57.07%,718,242,980
"City of Houston, Proposition C",0032,798,558,1352,2171,82.28%,783,329,1092
"City of Houston, Proposition C",0033,1479,843,2322,3540,85.59%,1434,538,1970
"City of Houston, Proposition C",0034,1012,749,1781,2878,85.81%,1152,358,1508
"City of Houston, Proposition C",0035,3,0,3,10,30.00%,1,1,2
"City of Houston, Proposition C",0038,993,479,1472,2888,51,32%,883,357,1040
"City of Houston, Proposition C",0037,801,479,1280,1885,87.90%,809,298,1105
"City of Houston, Proposition C",0038,1241,873,1914,2703,70.81%,1198,451,1849
"City of Houston, Proposition C",0039,1083,723,1788,2728,85.52%,1207,339,1548
Office,Precinct,Early Ballots Cast,Election Ballots Cast,Total Ballots Cast,Registered Voters,Percent Turnout,For,Against,Totals
"City of Houston, Proposition C",0040,239,135,374,524,71.37%,207,107,314
"City of Houston, Proposition C",0042,505,139,644,1121,57.45%,264,103,367
"City of Houston, Proposition C",0043,520,372,892,1644,54.26%,410,262,672
"City of Houston, Proposition C",0044,492,314,806,1976,40.79%,430,147,577
"City of Houston, Proposition C",0045,0,0,0,0,0.00%,0,0,0
"City of Houston, Proposition C",0046,538,433,971,2468,39.34%,546,180,726
"City of Houston, Proposition C",0047,535,345,880,1624,54.19%,484,115,599
"City of Houston, Proposition C",0048,371,193,564,992,56.85%,268,112,380
"City of Houston, Proposition C",0049,0,0,0,0,0.00%,0,0,0
"City of Houston, Proposition C",0052,970,620,1590,2299,69.16%,927,409,1336
"City of Houston, Proposition C",0053,1102,884,1986,2808,70.73%,1151,529,1680
"City of Houston, Proposition C",0054,606,402,1008,1408,71.59%,564,293,857
"City of Houston, Proposition C",0055,441,394,835,1305,63.98%,465,213,678
"City of Houston, Proposition C",0056,548,307,855,1285,66.54%,363,346,709
"City of Houston, Proposition C",0057,1273,955,2229,3062,72.80%,1321,649,1970
"City of Houston, Proposition C",0058,881,747,1628,2521,64.58%,890,449,1339
"City of Houston, Proposition C",0059,914,751,1665,2283,72.93%,967,445,1412
"City of Houston, Proposition C",0060,839,664,1503,2263,66.42%,978,307,1285
"City of Houston, Proposition C",0061,411,519,930,2189,42.49%,448,189,637
"City of Houston, Proposition C",0062,419,528,947,2190,43.24%,474,189,663
"City of Houston, Proposition C",0064,410,420,830,2090,39.71%,418,143,561
"City of Houston, Proposition C",0065,404,532,936,2178,42.98%,472,165,637
"City of Houston, Proposition C",0066,172,279,451,1090,41.38%,214,72,286
"City of Houston, Proposition C",0067,664,574,1238,2742,45.15%,640,245,885
"City of Houston, Proposition C",0068,1198,486,1684,2782,60.53%,791,282,1073
"City of Houston, Proposition C",0069,218,284,502,1303,38.53%,236,88,324
"City of Houston, Proposition C",0070,1633,726,2359,3142,75.08%,1197,779,1976
"City of Houston, Proposition C",0071,1419,948,2367,3662,64.64%,1251,672,1923
"City of Houston, Proposition C",0072,441,562,1003,1882,53.29%,535,235,770
"City of Houston, Proposition C",0073,499,496,995,1494,66.60%,469,395,864
"City of Houston, Proposition C",0074,0,1,1,0,0.00%,0,0,0
"City of Houston, Proposition C",0075,481,370,851,1329,64.03%,450,268,718
"City of Houston, Proposition C",0076,731,480,1211,2009,60.28%,480,419,899
"City of Houston, Proposition C",0077,168,81,249,565,44.07%,127,39,166
Office,Precinct,Early Ballots Cast,Election Ballots Cast,Total Ballots Cast,Registered Voters,Percent Turnout,For,Against,Totals
"City of Houston, Proposition C",0078,359,344,703,1479,47.53%,370,183,553
"City of Houston, Proposition C",0079,511,717,1228,2959,41.50%,576,253,829
"City of Houston, Proposition C",0080,1159,481,1640,2712,60.47%,734,403,1137
"City of Houston, Proposition C",0081,0,3,3,1,300.00%,3,0,3
"City of Houston, Proposition C",0083,126,92,218,491,44.40%,94,71,165
"City of Houston, Proposition C",0085,730,548,1278,2079,61.47%,715,216,931
"City of Houston, Proposition C",0086,1054,689,1743,2637,66.10%,928,516,1444
"City of Houston, Proposition C",0092,1105,534,1639,2228,73.56%,730,617,1347
"City of Houston, Proposition C",0094,148,104,252,537,46.93%,139,55,194
"City of Houston, Proposition C",0095,1684,671,2355,3179,74.08%,1080,881,1961
"City of Houston, Proposition C",0096,364,237,601,1241,48.43%,336,82,418
"City of Houston, Proposition C",0097,0,1,1,0,0.00%,1,0,1
"City of Houston, Proposition C",0098,874,607,1481,2403,61.63%,394,677,1071
"City of Houston, Proposition C",0101,149,140,289,722,40.03%,155,41,196
"City of Houston, Proposition C",0102,0,1,1,0,0.00%,0,1,1
"City of Houston, Proposition C",0104,992,238,1230,1847,66.59%,458,237,695
"City of Houston, Proposition C",0105,462,453,915,2153,42.50%,454,219,673
"City of Houston, Proposition C",0106,0,3,3,1,300.00%,1,0,1
"City of Houston, Proposition C",0107,412,441,853,1905,44.78%,422,159,581
"City of Houston, Proposition C",0108,0,3,3,0,0.00%,1,1,2
"City of Houston, Proposition C",0109,1101,368,1469,2663,55.16%,630,384,1014
"City of Houston, Proposition C",0111,0,0,0,0,0.00%,0,0,0
"City of Houston, Proposition C",0115,598,305,903,1764,51.19%,369,160,529
"City of Houston, Proposition C",0117,398,462,860,1878,45.79%,396,244,640
"City of Houston, Proposition C",0118,460,148,608,743,81.83%,252,262,514
"City of Houston, Proposition C",0119,0,0,0,0,0.00%,0,0,0
"City of Houston, Proposition C",0120,1197,632,1829,2986,61.25%,820,661,1481
"City of Houston, Proposition C",0121,0,0,0,0,0.00%,0,0,0
"City of Houston, Proposition C",0122,895,349,1244,2199,56.57%,571,228,799
"City of Houston, Proposition C",0123,440,350,790,1356,58.26%,501,146,647
"City of Houston, Proposition C",0124,0,0,0,0,0.00%,0,0,0
"City of Houston, Proposition C",0125,0,3,3,0,0.00%,0,1,1
"City of Houston, Proposition C",0126,0,0,0,0,0.00%,0,0,0
"City of Houston, Proposition C",0129,2294,1449,3743,5495,68.12%,1810,1182,2992
Office,Precinct,Early Ballots Cast,Election Ballots Cast,Total Ballots Cast,Registered Voters,Percent Turnout,For,Against,Totals
"City of Houston, Proposition C",0130,1201,523,1724,2240,76.96%,693,708,1401
"City of Houston, Proposition C",0131,257,124,381,906,42.05%,162,118,280
"City of Houston, Proposition C",0132,1119,397,1516,2449,61.90%,670,282,952
"City of Houston, Proposition C",0133,0,0,0,0,0.00%,0,0,0
"City of Houston, Proposition C",0134,419,392,811,1444,56.16%,350,308,658
"City of Houston, Proposition C",0135,1424,634,2058,2750,74.84%,1063,645,1708
"City of Houston, Proposition C",0136,981,451,1432,2111,67.84%,800,289,1089
"City of Houston, Proposition C",0137,305,193,498,740,67.30%,299,117,416
"City of Houston, Proposition C",0138,661,259,920,1749,52.60%,386,144,530
"City of Houston, Proposition C",0139,1290,747,2037,2746,74.18%,1168,507,1675
"City of Houston, Proposition C",0140,1311,683,1994,3104,64.24%,1166,430,1596
"City of Houston, Proposition C",0141,0,0,0,0,0.00%,0,0,0
"City of Houston, Proposition C",0142,212,171,383,870,44.02%,184,90,274
"City of Houston, Proposition C",0143,0,0,0,0,0.00%,0,0,0
"City of Houston, Proposition C",0144,475,204,680,1143,59.49%,275,108,383
"City of Houston, Proposition C",0145,663,245,908,1580,57.47%,387,142,529
"City of Houston, Proposition C",0146,759,614,1373,1953,70.30%,764,410,1174
"City of Houston, Proposition C",0147,1255,485,1740,2813,61.86%,855,424,1279
"City of Houston, Proposition C",0148,908,924,1832,2467,74.26%,1178,437,1615
"City of Houston, Proposition C",0149,0,0,0,0,0.00%,0,0,0
"City of Houston, Proposition C",0150,539,207,746,1212,61.55%,315,129,444
"City of Houston, Proposition C",0151,316,148,464,846,54.85%,190,75,265
"City of Houston, Proposition C",0152,482,601,1083,2695,40.19%,553,234,787
"City of Houston, Proposition C",0153,328,437,765,1755,43.59%,378,181,559
"City of Houston, Proposition C",0154,593,360,953,2133,44.68%,489,216,705
"City of Houston, Proposition C",0156,1427,457,1884,3134,60.11%,912,403,1315
"City of Houston, Proposition C",0157,881,382,1263,2311,54.65%,545,257,802
"City of Houston, Proposition C",0158,1304,435,1739,3016,57.66%,825,307,1132
"City of Houston, Proposition C",0159,313,187,500,976,51.23%,284,74,358
"City of Houston, Proposition C",0160,246,140,386,688,56.10%,179,55,234
"City of Houston, Proposition C",0161,395,190,585,1030,56.80%,283,83,366
"City of Houston, Proposition C",0162,232,262,494,1249,39.55%,223,92,315
"City of Houston, Proposition C",0163,0,2,2,0,0.00%,0,0,0
"City of Houston, Proposition C",0164,505,304,809,1434,56.42%,378,106,484
Office,Precinct,Early Ballots Cast,Election Ballots Cast,Total Ballots Cast,Registered Voters,Percent Turnout,For,Against,Totals
"City of Houston, Proposition C",0165,918,557,1475,2284,64.58%,660,576,1236
"City of Houston, Proposition C",0166,281,311,592,1016,58.27%,333,156,489
"City of Houston, Proposition C",0167,5,2,7,23,30.43%,4,2,6
"City of Houston, Proposition C",0168,188,126,314,519,60.50%,118,49,167
"City of Houston, Proposition C",0169,1059,433,1492,2531,58.95%,662,300,962
"City of Houston, Proposition C",0171,514,294,808,1613,50.09%,348,122,470
"City of Houston, Proposition C",0172,161,147,308,600,51.33%,161,90,251
"City of Houston, Proposition C",0174,0,3,3,0,0.00%,0,2,2
"City of Houston, Proposition C",0175,1064,867,1931,2506,77.06%,1116,566,1682
"City of Houston, Proposition C",0176,626,530,1156,1581,73.12%,616,369,985
"City of Houston, Proposition C",0177,672,385,1057,1478,71.52%,566,302,868
"City of Houston, Proposition C",0178,913,368,1281,1718,74.56%,629,474,1103
"City of Houston, Proposition C",0179,449,321,770,1508,51.06%,384,215,599
"City of Houston, Proposition C",0180,966,552,1518,2795,54.31%,702,289,991
"City of Houston, Proposition C",0181,416,514,930,1968,47.26%,466,207,673
"City of Houston, Proposition C",0182,0,0,0,0,0.00%,0,0,0
"City of Houston, Proposition C",0184,214,256,470,969,48.50%,228,88,316
"City of Houston, Proposition C",0185,592,494,1086,1910,56.86%,470,294,764
"City of Houston, Proposition C",0186,204,170,374,795,47.04%,158,52,210
"City of Houston, Proposition C",0187,48,65,113,309,36.57%,55,24,79
"City of Houston, Proposition C",0189,492,473,965,1453,66.41%,476,332,808
"City of Houston, Proposition C",0192,746,332,1078,2045,52.71%,506,188,694
"City of Houston, Proposition C",0193,341,269,610,1050,58.10%,277,119,396
"City of Houston, Proposition C",0194,704,504,1208,1735,69.63%,728,280,1008
"City of Houston, Proposition C",0195,539,419,958,1721,55.67%,469,183,652
"City of Houston, Proposition C",0196,121,55,176,323,54.49%,89,37,126
"City of Houston, Proposition C",0197,1109,497,1606,2895,55.47%,693,308,1001
"City of Houston, Proposition C",0198,143,158,301,657,45.81%,127,38,165
"City of Houston, Proposition C",0199,1407,773,2180,3159,69.01%,679,1063,1742
"City of Houston, Proposition C",0200,1638,585,2223,3222,68.99%,1325,572,1897
"City of Houston, Proposition C",0201,229,125,354,728,48.63%,155,65,220
"City of Houston, Proposition C",0202,488,332,820,1479,55.44%,398,124,522
"City of Houston, Proposition C",0203,266,156,422,900,46.89%,197,92,289
"City of Houston, Proposition C",0204,1489,914,2403,3462,69.41%,1099,921,2020
Office,Precinct,Early Ballots Cast,Election Ballots Cast,Total Ballots Cast,Registered Voters,Percent Turnout,For,Against,Totals
"City of Houston, Proposition C",0205,856,201,1057,1667,63.41%,420,218,638
"City of Houston, Proposition C",0206,651,659,1310,2662,49.21%,734,329,1063
"City of Houston, Proposition C",0207,409,310,719,1144,62.85%,383,216,599
"City of Houston, Proposition C",0208,6,40,46,0,0.00%,15,2,17
"City of Houston, Proposition C",0209,0,4,4,0,0.00%,1,2,3
"City of Houston, Proposition C",0210,1013,542,1555,2300,67.61%,856,325,1181
"City of Houston, Proposition C",0211,710,686,1396,2797,49.91%,660,337,997
"City of Houston, Proposition C",0212,218,314,532,1266,42.02%,255,99,354
"City of Houston, Proposition C",0215,0,0,0,0,0.00%,0,0,0
"City of Houston, Proposition C",0216,784,320,1104,1917,57.59%,532,228,760
"City of Houston, Proposition C",0217,1396,651,2047,2637,77.63%,1088,648,1736
"City of Houston, Proposition C",0218,690,608,1298,2274,57.08%,711,316,1027
"City of Houston, Proposition C",0219,1117,587,1704,2654,64.20%,868,310,1178
"City of Houston, Proposition C",0220,0,5,5,0,0.00%,3,1,4
"City of Houston, Proposition C",0221,699,611,1310,2489,52.63%,604,393,997
"City of Houston, Proposition C",0222,1000,792,1792,2384,75.17%,1098,485,1583
"City of Houston, Proposition C",0223,1350,760,2110,3528,59.81%,1367,359,1726
"City of Houston, Proposition C",0224,894,649,1543,2259,68.30%,863,416,1279
"City of Houston, Proposition C",0225,0,0,0,0,0.00%,0,0,0
"City of Houston, Proposition C",0226,529,545,1074,2393,44.88%,537,228,765
"City of Houston, Proposition C",0227,947,451,1398,1767,79.12%,667,500,1167
"City of Houston, Proposition C",0228,583,165,748,1073,69.71%,434,192,626
"City of Houston, Proposition C",0229,0,0,0,0,0.00%,0,0,0
"City of Houston, Proposition C",0230,421,153,574,1096,52.37%,210,102,312
"City of Houston, Proposition C",0231,562,471,1033,2219,46.55%,526,248,774
"City of Houston, Proposition C",0232,685,546,1231,1696,72.58%,676,388,1064
"City of Houston, Proposition C",0233,1826,1063,2889,4132,69.92%,1604,761,2365
"City of Houston, Proposition C",0234,2088,885,2973,3854,77.14%,1339,1045,2384
"City of Houston, Proposition C",0235,466,242,708,1305,54.25%,356,140,496
"City of Houston, Proposition C",0236,779,342,1121,2144,52.29%,513,197,710
"City of Houston, Proposition C",0237,793,441,1234,2181,56.58%,527,241,768
"City of Houston, Proposition C",0238,640,422,1062,1901,55.87%,481,161,642
"City of Houston, Proposition C",0239,765,357,1122,1997,56.18%,505,197,702
"City of Houston, Proposition C",0240,1157,402,1559,2688,58.00%,686,323,1009
Office,Precinct,Early Ballots Cast,Election Ballots Cast,Total Ballots Cast,Registered Voters,Percent Turnout,For,Against,Totals
"City of Houston, Proposition C",0243,254,50,304,452,67.26%,138,55,193
"City of Houston, Proposition C",0247,421,403,824,1607,51.28%,393,175,568
"City of Houston, Proposition C",0252,1111,356,1467,2350,62.43%,509,256,765
"City of Houston, Proposition C",0253,923,325,1248,2252,55.42%,453,212,665
"City of Houston, Proposition C",0254,71,74,145,378,38.36%,62,40,102
"City of Houston, Proposition C",0255,995,797,1792,2411,74.33%,980,536,1516
"City of Houston, Proposition C",0256,1059,766,1825,3226,56.57%,880,514,1394
"City of Houston, Proposition C",0257,553,571,1124,2403,46.77%,561,207,768
"City of Houston, Proposition C",0258,1577,888,2465,3286,75.02%,1079,925,2004
"City of Houston, Proposition C",0259,1210,460,1670,2408,69.35%,763,410,1173
"City of Houston, Proposition C",0260,0,5,5,0,0.00%,3,1,4
"City of Houston, Proposition C",0261,176,133,309,749,41.26%,156,83,239
"City of Houston, Proposition C",0262,1470,906,2376,4232,56.14%,1080,775,1855
"City of Houston, Proposition C",0264,936,639,1575,2939,53.59%,706,544,1250
"City of Houston, Proposition C",0265,1934,555,2600,3617,71.88%,1179,916,2095
"City of Houston, Proposition C",0266,552,542,1094,2119,51.63%,470,322,792
"City of Houston, Proposition C",0269,1143,444,1587,1981,80.11%,700,588,1288
"City of Houston, Proposition C",0270,1401,870,2271,3517,64.57%,1043,833,1876
"City of Houston, Proposition C",0271,1303,371,1674,2469,67.80%,806,341,1147
"City of Houston, Proposition C",0272,610,484,1094,2112,51.80%,582,276,858
"City of Houston, Proposition C",0274,1008,355,1363,1997,68.25%,651,453,1104
"City of Houston, Proposition C",0275,567,410,977,1730,56.47%,529,184,713
"City of Houston, Proposition C",0276,1139,404,1543,2532,60.94%,712,292,1004
"City of Houston, Proposition C",0280,303,360,663,1515,43.76%,301,162,463
"City of Houston, Proposition C",0281,1087,903,1990,2610,76.25%,1145,564,1709
"City of Houston, Proposition C",0282,690,591,1281,1988,64.44%,598,439,1037
"City of Houston, Proposition C",0283,0,0,0,0,0.00%,0,0,0
"City of Houston, Proposition C",0284,1135,595,1730,3262,53.03%,902,403,1305
"City of Houston, Proposition C",0285,988,509,1497,2505,59.76%,715,294,1009
"City of Houston, Proposition C",0286,2657,1053,3710,5719,64.87%,1922,830,2752
"City of Houston, Proposition C",0287,647,542,1189,1616,73.58%,614,387,1001
"City of Houston, Proposition C",0288,1036,380,1416,2259,62.68%,677,264,941
"City of Houston, Proposition C",0289,374,397,771,1510,51.06%,341,218,559
"City of Houston, Proposition C",0291,541,298,839,1203,69.74%,437,265,702
Office,Precinct,Early Ballots Cast,Election Ballots Cast,Total Ballots Cast,Registered Voters,Percent Turnout,For,Against,Totals
"City of Houston, Proposition C",0292,477,236,713,1272,56.05%,318,143,461
"City of Houston, Proposition C",0293,620,557,1177,1733,67.92%,599,355,954
"City of Houston, Proposition C",0294,989,298,1287,2107,61.08%,603,247,850
"City of Houston, Proposition C",0295,314,189,503,862,58.35%,247,68,315
"City of Houston, Proposition C",0296,602,432,1034,1693,61.08%,468,329,797
"City of Houston, Proposition C",0297,576,445,1021,1978,51.62%,474,238,712
"City of Houston, Proposition C",0298,847,475,1322,2083,63.47%,610,443,1053
"City of Houston, Proposition C",0299,328,213,541,1231,43.95%,276,110,386
"City of Houston, Proposition C",0303,1772,755,2527,3172,79.67%,1081,934,2015
"City of Houston, Proposition C",0304,970,648,1618,2266,71.40%,832,528,1360
"City of Houston, Proposition C",0306,1013,323,1336,1847,72.33%,567,531,1098
"City of Houston, Proposition C",0308,444,238,682,1266,53.87%,340,156,496
"City of Houston, Proposition C",0309,1385,612,1997,2529,78.96%,879,795,1674
"City of Houston, Proposition C",0310,617,348,965,1437,67.15%,412,338,750
"City of Houston, Proposition C",0311,852,699,1561,2997,52.09%,647,455,1102
"City of Houston, Proposition C",0312,1559,711,2270,3588,63.27%,1148,614,1762
"City of Houston, Proposition C",0313,22,1,23,60,38.33%,6,10,16
"City of Houston, Proposition C",0315,711,479,1190,1618,73.55%,589,401,990
"City of Houston, Proposition C",0316,682,411,1093,1522,71.81%,576,347,923
"City of Houston, Proposition C",0317,551,336,887,1469,60.38%,532,152,684
"City of Houston, Proposition C",0318,1708,511,2319,3531,65.68%,1256,463,1719
"City of Houston, Proposition C",0319,965,290,1255,2081,60.31%,670,246,916
"City of Houston, Proposition C",0320,19,20,39,82,47.56%,22,4,26
"City of Houston, Proposition C",0321,222,146,368,869,42.35%,167,113,280
"City of Houston, Proposition C",0322,397,237,634,1322,47.96%,331,140,471
"City of Houston, Proposition C",0323,482,332,814,1719,47.35%,395,257,652
"City of Houston, Proposition C",0324,967,718,1685,2339,72.04%,727,726,1453
"City of Houston, Proposition C",0325,656,397,1053,2251,46.78%,484,246,730
"City of Houston, Proposition C",0326,202,128,330,678,48.67%,147,91,238
"City of Houston, Proposition C",0327,726,244,970,1751,55.40%,376,221,597
"City of Houston, Proposition C",0328,344,270,614,1361,45.11%,246,170,416
"City of Houston, Proposition C",0329,405,307,712,1367,52.08%,340,180,520
"City of Houston, Proposition C",0330,590,376,966,1849,52.24%,501,249,750
"City of Houston, Proposition C",0331,0,1,1,0,0.00%,1,0,1
Office,Precinct,Early Ballots Cast,Election Ballots Cast,Total Ballots Cast,Registered Voters,Percent Turnout,For,Against,Totals
"City of Houston, Proposition C",0332,23,4,27,128,21.09%,14,7,21
"City of Houston, Proposition C",0334,205,91,296,603,49.09%,140,42,182
"City of Houston, Proposition C",0335,285,246,531,1227,43.28%,256,93,349
"City of Houston, Proposition C",0336,1818,588,2406,3161,76.12%,1315,465,1780
"City of Houston, Proposition C",0337,309,206,515,951,54.15%,270,113,383
"City of Houston, Proposition C",0338,1437,766,2203,4392,50.16%,1036,435,1471
"City of Houston, Proposition C",0339,369,373,742,1716,43.24%,382,152,534
"City of Houston, Proposition C",0340,1446,748,2194,3162,69.39%,713,1061,1774
"City of Houston, Proposition C",0341,246,316,562,1248,45.03%,284,123,407
"City of Houston, Proposition C",0342,215,176,391,1167,33.50%,179,65,244
"City of Houston, Proposition C",0343,436,483,919,1904,48.27%,432,208,640
"City of Houston, Proposition C",0344,395,245,640,1207,53.02%,269,111,380
"City of Houston, Proposition C",0345,428,357,785,1708,45.96%,447,129,576
"City of Houston, Proposition C",0346,0,0,0,0,0.00%,0,0,0
"City of Houston, Proposition C",0347,96,59,155,341,45.45%,60,37,97
"City of Houston, Proposition C",0350,1112,780,1892,2906,65.11%,1158,395,1553
"City of Houston, Proposition C",0351,250,59,309,412,75.00%,103,147,250
"City of Houston, Proposition C",0353,22,14,36,131,27.48%,15,6,21
"City of Houston, Proposition C",0354,0,0,0,0,0.00%,0,0,0
"City of Houston, Proposition C",0355,700,286,986,1384,71.24%,462,220,682
"City of Houston, Proposition C",0356,1382,618,2000,2836,70.52%,963,683,1646
"City of Houston, Proposition C",0357,1633,709,2342,3371,69.47%,839,1040,1879
"City of Houston, Proposition C",0358,466,292,758,1583,47.88%,398,92,490
"City of Houston, Proposition C",0359,706,482,1188,3008,39.49%,666,145,811
"City of Houston, Proposition C",0360,969,515,1484,2190,67.76%,804,401,1205
"City of Houston, Proposition C",0361,135,691,826,1585,52.11%,604,73,677
"City of Houston, Proposition C",0363,0,0,0,0,0.00%,0,0,0
"City of Houston, Proposition C",0364,614,463,1077,1798,59.90%,469,353,822
"City of Houston, Proposition C",0365,734,245,979,1302,75.19%,459,263,722
"City of Houston, Proposition C",0367,328,212,540,1019,52.99%,297,118,415
"City of Houston, Proposition C",0368,0,0,0,0,0.00%,0,0,0
"City of Houston, Proposition C",0369,107,53,160,490,32.65%,95,29,124
"City of Houston, Proposition C",0371,226,69,295,475,62.11%,87,63,150
"City of Houston, Proposition C",0372,498,231,729,1215,60.00%,384,141,525
Office,Precinct,Early Ballots Cast,Election Ballots Cast,Total Ballots Cast,Registered Voters,Percent Turnout,For,Against,Totals
"City of Houston, Proposition C",0373,81,18,77,159,48.43%,27,18,43
"City of Houston, Proposition C",0374,139,187,328,748,43.58%,150,72,222
"City of Houston, Proposition C",0375,10,5,15,58,25.88%,7,3,10
"City of Houston, Proposition C",0378,271,110,381,738,51.83%,182,88,248
"City of Houston, Proposition C",0379,800,338,1138,2017,58.42%,549,281,810
"City of Houston, Proposition C",0380,84,33,117,150,78.00%,32,54,88
"City of Houston, Proposition C",0381,0,0,0,0,0.00%,0,0,0
"City of Houston, Proposition C",0382,0,4,4,0,0.00%,0,2,2
"City of Houston, Proposition C",0383,599,485,1084,2078,52.22%,471,289,740
"City of Houston, Proposition C",0384,1172,505,1877,2598,84.80%,881,375,1238
"City of Houston, Proposition C",0385,1099,821,1720,2175,79.08%,748,888,1414
"City of Houston, Proposition C",0388,0,1,1,0,0.00%,1,0,1
"City of Houston, Proposition C",0389,283,281,544,975,55.79%,322,80,402
"City of Houston, Proposition C",0390,844,388,1012,1585,84.88%,811,178,787
"City of Houston, Proposition C",0391,555,253,908,1328,88.48%,414,328,740
"City of Houston, Proposition C",0392,737,197,934,1441,84.82%,440,185,825
"City of Houston, Proposition C",0393,348,281,827,1208,51.99%,311,158,489
"City of Houston, Proposition C",0395,830,491,1321,1820,72.58%,582,542,1104
"City of Houston, Proposition C",0398,1157,219,1378,2073,88.38%,482,270,752
"City of Houston, Proposition C",0397,0,1,1,2,50.00%,0,1,1
"City of Houston, Proposition C",0398,0,1,1,0,0.00%,0,0,0
"City of Houston, Proposition C",0400,0,8,8,0,0.00%,3,1,4
"City of Houston, Proposition C",0401,723,284,1007,1878,53.88%,357,178,535
"City of Houston, Proposition C",0402,840,234,1074,1822,88.21%,475,278,751
"City of Houston, Proposition C",0403,791,527,1318,1703,77.39%,710,404,1114
"City of Houston, Proposition C",0405,0,1,1,0,0.00%,1,0,1
"City of Houston, Proposition C",0408,281,72,353,810,57.87%,131,71,202
"City of Houston, Proposition C",0407,1317,1000,2317,3852,83.44%,1002,880,1882
"City of Houston, Proposition C",0408,31,10,41,104,39.42%,18,14,30
"City of Houston, Proposition C",0410,337,102,439,849,51.71%,195,89,284
"City of Houston, Proposition C",0411,1,100,101,0,0.00%,49,9,58
"City of Houston, Proposition C",0412,193,74,287,433,81.88%,129,48,175
"City of Houston, Proposition C",0413,0,0,0,0,0.00%,0,0,0
"City of Houston, Proposition C",0418,918,850,1788,2958,59.81%,889,480,1349
Office,Precinct,Early Ballots Cast,Election Ballots Cast,Total Ballots Cast,Registered Voters,Percent Turnout,For,Against,Totals
"City of Houston, Proposition C",0417,403,258,661,1127,58.65%,289,216,505
"City of Houston, Proposition C",0418,1057,758,1815,3420,53.07%,891,426,1317
"City of Houston, Proposition C",0421,124,92,216,467,46.25%,114,38,152
"City of Houston, Proposition C",0422,1,1456,585,2041,3345,61.02%,965,405,1370
"City of Houston, Proposition C",0423,176,293,469,851,55.11%,194,107,301
"City of Houston, Proposition C",0424,435,1,57,592,888,66.67%,309,1,73,482
"City of Houston, Proposition C",0425,227,234,461,875,52.69%,220,102,322
"City of Houston, Proposition C",0426,415,283,698,1224,57.03%,320,233,553
"City of Houston, Proposition C",0427,325,249,574,1115,51.48%,267,152,419
"City of Houston, Proposition C",0428,49,34,83,160,51.88%,39,23,62
"City of Houston, Proposition C",0429,1091,777,1868,3929,47.54%,909,302,1211
"City of Houston, Proposition C",0430,403,335,738,1654,44.62%,347,109,456
"City of Houston, Proposition C",0431,819,403,1222,3188,38.33%,641,222,863
"City of Houston, Proposition C",0432,311,271,582,1344,43.30%,348,112,460
"City of Houston, Proposition C",0433,139,106,245,573,42.76%,129,41,170
"City of Houston, Proposition C",0434,628,371,999,1386,72.08%,508,282,790
"City of Houston, Proposition C",0435,1534,768,2302,3097,74.33%,1109,708,1817
"City of Houston, Proposition C",0436,1334,709,2043,3012,67.83%,1039,611,1650
"City of Houston, Proposition C",0437,951,542,1493,2007,74.39%,643,605,1248
"City of Houston, Proposition C",0438,1046,387,1433,1802,79.52%,624,553,1177
"City of Houston, Proposition C",0439,1526,905,2431,3416,71.17%,1097,888,1985
"City of Houston, Proposition C",0440,0,6,6,0,0.00%,3,1,4
"City of Houston, Proposition C",0441,0,2,2,0,0.00%,2,0,2
"City of Houston, Proposition C",0443,0,0,0,0,0.00%,0,0,0
"City of Houston, Proposition C",0444,1258,731,1989,3172,62.70%,844,752,1596
"City of Houston, Proposition C",0445,860,443,1303,1938,67.23%,616,460,1076
"City of Houston, Proposition C",0446,70,52,122,268,45.52%,60,37,97
"City of Houston, Proposition C",0447,271,108,379,583,65.01%,214,83,297
"City of Houston, Proposition C",0448,1239,869,2108,3081,68.42%,940,835,1775
"City of Houston, Proposition C",0449,62,37,99,164,60.37%,40,16,56
"City of Houston, Proposition C",0450,856,537,1393,2622,53.13%,741,326,1067
"City of Houston, Proposition C",0452,0,0,0,0,0.00%,0,0,0
"City of Houston, Proposition C",0453,559,475,1034,1885,54.85%,521,219,740
"City of Houston, Proposition C",0454,1226,311,1537,2571,59.78%,561,238,799
Office,Precinct,Early Ballots Cast,Election Ballots Cast,Total Ballots Cast,Registered Voters,Percent Turnout,For,Against,Totals
"City of Houston, Proposition C",0455,748,216,964,1679,57.42%,397,164,561
"City of Houston, Proposition C",0457,0,0,0,0,0.00%,0,0,0
"City of Houston, Proposition C",0458,908,271,1179,1893,62.28%,584,231,815
"City of Houston, Proposition C",0459,1637,476,2113,2950,71.63%,617,1135,1752
"City of Houston, Proposition C",0460,0,0,0,0,0.00%,0,0,0
"City of Houston, Proposition C",0461,1958,828,2786,3733,74.63%,1321,927,2248
"City of Houston, Proposition C",0462,1111,731,1842,2761,66.71%,920,548,1468
"City of Houston, Proposition C",0453,611,337,948,1705,55.60%,475,248,723
"City of Houston, Proposition C",0469,2039,638,2677,3779,70.84%,877,1261,2138
"City of Houston, Proposition C",0472,370,337,707,1027,68.84%,428,174,602
"City of Houston, Proposition C",0473,914,442,1356,1827,74.22%,592,537,1129
"City of Houston, Proposition C",0475,196,286,482,850,56.71%,205,133,338
"City of Houston, Proposition C",0476,354,351,705,1224,57.60%,324,214,538
"City of Houston, Proposition C",0477,0,0,0,0,0.00%,0,0,0
"City of Houston, Proposition C",0478,397,124,521,826,63.08%,261,89,350
"City of Houston, Proposition C",0483,1868,759,2627,4141,63.44%,1347,722,2069
"City of Houston, Proposition C",0487,1005,612,1617,3318,48.73%,707,274,981
"City of Houston, Proposition C",0488,580,440,1020,1713,59.54%,487,225,712
"City of Houston, Proposition C",0489,783,378,1161,1823,63.69%,580,326,906
"City of Houston, Proposition C",0490,876,439,1315,1944,67.64%,700,333,1033
"City of Houston, Proposition C",0491,667,489,1156,1782,64.87%,587,320,907
"City of Houston, Proposition C",0492,1069,504,1573,2351,66.91%,751,513,1264
"City of Houston, Proposition C",0493,858,400,1258,1804,69.73%,573,479,1052
"City of Houston, Proposition C",0496,0,11,11,0,0.00%,6,0,6
"City of Houston, Proposition C",0497,882,165,1047,1492,70.17%,384,198,582
"City of Houston, Proposition C",0498,759,499,1258,2123,59.26%,621,331,952
"City of Houston, Proposition C",0499,1301,517,1818,2304,78.91%,758,777,1535
"City of Houston, Proposition C",0501,653,487,1140,1647,69.22%,653,306,959
"City of Houston, Proposition C",0503,359,273,632,1363,46.37%,294,95,389
"City of Houston, Proposition C",0504,1129,538,1667,2197,75.88%,759,655,1414
"City of Houston, Proposition C",0505,1209,829,2038,3654,55.77%,1017,620,1637
"City of Houston, Proposition C",0506,0,0,0,0,0.00%,0,0,0
"City of Houston, Proposition C",0507,582,385,967,2435,39.71%,405,114,519
"City of Houston, Proposition C",0508,946,760,1706,3248,52.52%,748,322,1070
Office,Precinct,Early Ballots Cast,Election Ballots Cast,Total Ballots Cast,Registered Voters,Percent Turnout,For,Against,Totals
"City of Houston, Proposition C",0510,1492,682,2174,3511,61.92%,1121,551,1672
"City of Houston, Proposition C",0516,160,86,246,399,61.65%,123,40,163
"City of Houston, Proposition C",0517,1,0,1,0,0.00%,1,0,1
"City of Houston, Proposition C",0520,0,494,494,0,0.00%,230,65,295
"City of Houston, Proposition C",0521,0,0,0,0,0.00%,0,0,0
"City of Houston, Proposition C",0523,3,0,3,0,0.00%,0,1,1
"City of Houston, Proposition C",0525,1380,610,1990,2947,67.53%,1020,417,1437
"City of Houston, Proposition C",0526,167,171,338,731,46.24%,177,63,240
"City of Houston, Proposition C",0527,0,2,2,0,0.00%,1,0,1
"City of Houston, Proposition C",0528,36,12,48,92,52.17%,18,5,23
"City of Houston, Proposition C",0530,259,235,494,1196,41.30%,232,93,325
"City of Houston, Proposition C",0536,1332,1195,2527,4576,55.22%,1251,590,1841
"City of Houston, Proposition C",0538,433,237,670,1282,52.26%,300,124,424
"City of Houston, Proposition C",0539,26,209,235,71,330.99%,127,37,164
"City of Houston, Proposition C",0540,666,380,1046,1491,70.15%,664,216,880
"City of Houston, Proposition C",0541,1824,779,2603,4183,62.23%,1492,444,1936
"City of Houston, Proposition C",0542,997,501,1498,2525,59.33%,744,272,1016
"City of Houston, Proposition C",0543,287,378,665,1528,43.52%,348,163,511
"City of Houston, Proposition C",0544,92,53,145,318,45.60%,63,30,93
"City of Houston, Proposition C",0545,11,1,12,23,52.17%,4,4,8
"City of Houston, Proposition C",0546,4,4,8,30,26.67%,5,2,7
"City of Houston, Proposition C",0552,0,1,1,0,0.00%,1,0,1
"City of Houston, Proposition C",0554,562,340,902,1731,52.11%,468,128,596
"City of Houston, Proposition C",0555,597,447,1044,2119,49.27%,542,163,705
"City of Houston, Proposition C",0556,584,421,1005,2249,44.69%,484,182,666
"City of Houston, Proposition C",0557,822,556,1378,2726,50.55%,614,260,874
"City of Houston, Proposition C",0558,1078,584,1662,2751,60.41%,810,406,1216
"City of Houston, Proposition C",0559,1787,899,2686,4633,57.98%,1540,465,2005
"City of Houston, Proposition C",0560,172,289,461,1176,39.20%,221,83,304
"City of Houston, Proposition C",0562,201,146,347,645,53.80%,149,57,206
"City of Houston, Proposition C",0563,1699,415,2114,2969,71.20%,711,983,1694
"City of Houston, Proposition C",0564,1150,713,1863,3096,60.17%,1125,359,1484
"City of Houston, Proposition C",0565,315,194,509,1373,37.07%,251,77,328
"City of Houston, Proposition C",0566,1122,478,1600,2950,54.24%,873,287,1160
Office,Precinct,Early Ballots Cast,Election Ballots Cast,Total Ballots Cast,Registered Voters,Percent Turnout,For,Against,Totals
"City of Houston, Proposition C",0567,672,394,1066,2198,48.50%,486,167,653
"City of Houston, Proposition C",0568,1628,837,2465,3487,70.69%,1115,839,1954
"City of Houston, Proposition C",0569,1294,865,2159,3249,66.45%,1105,618,1723
"City of Houston, Proposition C",0570,525,409,934,1473,63.41%,546,202,748
"City of Houston, Proposition C",0571,75,128,203,373,54.42%,100,40,140
"City of Houston, Proposition C",0572,1248,572,1820,2941,61.88%,969,429,1398
"City of Houston, Proposition C",0573,577,368,945,1618,58.41%,419,165,584
"City of Houston, Proposition C",0574,98,79,177,391,45.27%,81,22,103
"City of Houston, Proposition C",0576,1050,552,1602,2671,59.98%,698,319,1017
"City of Houston, Proposition C",0577,231,113,344,573,60.03%,183,114,297
"City of Houston, Proposition C",0578,745,553,1298,1689,76.85%,609,508,1117
"City of Houston, Proposition C",0579,487,351,838,1806,46.40%,401,184,585
"City of Houston, Proposition C",0580,429,146,575,1027,55.99%,256,103,359
"City of Houston, Proposition C",0581,510,162,672,1041,64.55%,267,128,395
"City of Houston, Proposition C",0582,614,256,870,1613,53.94%,309,164,473
"City of Houston, Proposition C",0583,544,127,671,1248,53.77%,249,116,365
"City of Houston, Proposition C",0584,379,130,509,883,57.64%,183,90,273
"City of Houston, Proposition C",0585,934,304,1238,2403,51.52%,485,231,716
"City of Houston, Proposition C",0589,322,229,551,932,59.12%,267,144,411
"City of Houston, Proposition C",0590,1158,463,1621,2136,75.89%,525,821,1346
"City of Houston, Proposition C",0593,112,125,237,615,38.54%,112,65,177
"City of Houston, Proposition C",0594,756,435,1191,1777,67.02%,614,309,923
"City of Houston, Proposition C",0595,0,0,0,0,0.00%,0,0,0
"City of Houston, Proposition C",0597,81,54,135,178,75.84%,78,11,89
"City of Houston, Proposition C",0598,50,39,89,154,57.79%,28,32,60
"City of Houston, Proposition C",0599,5,0,5,16,31.25%,2,2,4
"City of Houston, Proposition C",0600,0,0,0,0,0.00%,0,0,0
"City of Houston, Proposition C",0603,0,1,1,0,0.00%,1,0,1
"City of Houston, Proposition C",0604,29,9,38,64,59.38%,15,18,33
"City of Houston, Proposition C",0605,0,3,3,0,0.00%,1,0,1
"City of Houston, Proposition C",0606,420,122,542,1053,51.47%,248,89,337
"City of Houston, Proposition C",0607,194,118,312,731,42.68%,153,33,186
"City of Houston, Proposition C",0608,68,48,116,252,46.03%,55,35,90
"City of Houston, Proposition C",0610,403,398,801,1825,43.89%,377,206,583
Office,Precinct,Early Ballots Cast,Election Ballots Cast,Total Ballots Cast,Registered Voters,Percent Turnout,For,Against,Totals
"City of Houston, Proposition C",0611,1120,301,1421,2450,58.00%,483,215,698
"City of Houston, Proposition C",0612,1700,579,2279,3272,69.65%,801,1076,1877
"City of Houston, Proposition C",0620,2382,856,3238,5271,61.43%,1490,934,2424
"City of Houston, Proposition C",0621,396,203,599,1171,51.15%,284,174,458
"City of Houston, Proposition C",0622,0,0,0,0,0.00%,0,0,0
"City of Houston, Proposition C",0624,7,0,7,12,58.33%,3,3,6
"City of Houston, Proposition C",0625,862,454,1316,1796,73.27%,628,447,1075
"City of Houston, Proposition C",0626,1148,655,1803,2838,63.53%,865,529,1394
"City of Houston, Proposition C",0627,793,645,1438,2956,48.65%,688,300,988
"City of Houston, Proposition C",0628,292,456,748,1600,46.75%,366,227,593
"City of Houston, Proposition C",0629,175,127,302,629,48.01%,157,35,192
"City of Houston, Proposition C",0630,228,69,297,404,73.51%,152,79,231
"City of Houston, Proposition C",0631,3,0,3,0,0.00%,3,0,3
"City of Houston, Proposition C",0632,12,9,21,231,9.09%,12,3,15
"City of Houston, Proposition C",0633,0,5,5,0,0.00%,2,1,3
"City of Houston, Proposition C",0635,1326,706,2032,3280,61.95%,668,926,1594
"City of Houston, Proposition C",0637,739,509,1248,2471,50.51%,651,273,924
"City of Houston, Proposition C",0638,740,684,1424,2078,68.53%,725,188,913
"City of Houston, Proposition C",0639,0,5,5,0,0.00%,2,0,2
"City of Houston, Proposition C",0645,1639,895,2534,4035,62.80%,1306,640,1946
"City of Houston, Proposition C",0647,134,97,231,352,65.63%,98,69,167
"City of Houston, Proposition C",0649,1389,854,2243,4426,50.68%,1063,468,1531
"City of Houston, Proposition C",0650,0,1,1,0,0.00%,1,0,1
"City of Houston, Proposition C",0652,1049,653,1702,2633,64.64%,878,321,1199
"City of Houston, Proposition C",0653,0,8,8,0,0.00%,6,1,7
"City of Houston, Proposition C",0654,0,0,0,0,0.00%,0,0,0
"City of Houston, Proposition C",0655,0,1,1,0,0.00%,1,0,1
"City of Houston, Proposition C",0656,1139,391,1530,2371,64.53%,520,275,795
"City of Houston, Proposition C",0659,126,35,161,220,73.18%,44,70,114
"City of Houston, Proposition C",0661,0,3,3,0,0.00%,2,0,2
"City of Houston, Proposition C",0663,1302,913,2215,3232,68.53%,1032,826,1858
"City of Houston, Proposition C",0666,0,1,1,0,0.00%,0,1,1
"City of Houston, Proposition C",0670,1566,518,2084,2952,70.60%,709,1060,1769
"City of Houston, Proposition C",0674,20,3,23,26,88.46%,2,15,17
Office,Precinct,Early Ballots Cast,Election Ballots Cast,Total Ballots Cast,Registered Voters,Percent Turnout,For,Against,Totals
"City of Houston, Proposition C",0675,0,0,0,0,0.00%,0,0,0
"City of Houston, Proposition C",0676,0,0,0,0,0.00%,0,0,0
"City of Houston, Proposition C",0677,220,239,459,954,48.11%,253,102,355
"City of Houston, Proposition C",0678,297,164,461,756,60.98%,208,173,381
"City of Houston, Proposition C",0680,56,22,78,181,43.09%,48,17,65
"City of Houston, Proposition C",0681,1,0,1,5,20.00%,0,0,0
"City of Houston, Proposition C",0683,48,50,98,261,37.55%,52,27,79
"City of Houston, Proposition C",0684,72,24,96,187,51.34%,53,23,76
"City of Houston, Proposition C",0685,167,29,196,326,60.12%,94,53,147
"City of Houston, Proposition C",0686,46,34,80,196,40.82%,42,15,57
"City of Houston, Proposition C",0689,498,647,1145,2254,50.80%,503,267,770
"City of Houston, Proposition C",0691,0,0,0,0,0.00%,0,0,0
"City of Houston, Proposition C",0693,303,116,419,651,64.36%,215,107,322
"City of Houston, Proposition C",0694,420,137,557,817,68.18%,233,220,453
"City of Houston, Proposition C",0698,0,0,0,0,0.00%,0,0,0
"City of Houston, Proposition C",0699,1031,566,1597,2288,69.80%,726,537,1263
"City of Houston, Proposition C",0701,0,0,0,0,0.00%,0,0,0
"City of Houston, Proposition C",0702,150,123,273,549,49.73%,130,52,182
"City of Houston, Proposition C",0705,82,57,139,245,56.73%,43,23,66
"City of Houston, Proposition C",0706,222,135,357,529,67.49%,185,95,280
"City of Houston, Proposition C",0707,284,136,420,707,59.41%,218,132,350
"City of Houston, Proposition C",0710,877,602,1479,2023,73.11%,778,457,1235
"City of Houston, Proposition C",0711,1492,701,2193,3351,65.44%,1042,711,1753
"City of Houston, Proposition C",0714,62,3,65,269,24.16%,16,34,50
"City of Houston, Proposition C",0715,405,326,731,1380,52.97%,350,192,542
"City of Houston, Proposition C",0718,1842,1019,2861,4050,70.64%,1208,1068,2276
"City of Houston, Proposition C",0719,0,0,0,0,0.00%,0,0,0
"City of Houston, Proposition C",0721,1334,637,1971,2842,69.35%,845,755,1600
"City of Houston, Proposition C",0722,1892,642,2534,4357,58.16%,1275,473,1748
"City of Houston, Proposition C",0724,325,170,495,716,69.13%,212,186,398
"City of Houston, Proposition C",0725,0,0,0,0,0.00%,0,0,0
"City of Houston, Proposition C",0727,931,466,1397,2488,56.15%,756,280,1036
"City of Houston, Proposition C",0728,343,208,551,881,62.54%,268,178,446
"City of Houston, Proposition C",0730,800,437,1237,1630,75.89%,586,403,989
Office,Precinct,Early Ballots Cast,Election Ballots Cast,Total Ballots Cast,Registered Voters,Percent Turnout,For,Against,Totals
"City of Houston, Proposition C",0731,121,36,157,373,42.09%,82,36,118
"City of Houston, Proposition C",0732,701,543,1244,1895,65.65%,573,401,974
"City of Houston, Proposition C",0734,0,0,0,0,0.00%,0,0,0
"City of Houston, Proposition C",0736,6,1,7,21,33.33%,4,2,6
"City of Houston, Proposition C",0738,353,152,505,954,52.94%,231,87,318
"City of Houston, Proposition C",0740,0,1,1,0,0.00%,1,0,1
"City of Houston, Proposition C",0741,0,0,0,0,0.00%,0,0,0
"City of Houston, Proposition C",0742,0,0,0,0,0.00%,0,0,0
"City of Houston, Proposition C",0744,848,509,1357,2024,67.05%,608,491,1099
"City of Houston, Proposition C",0745,1066,542,1608,2396,67.11%,730,547,1277
"City of Houston, Proposition C",0746,230,151,381,707,53.89%,175,88,263
"City of Houston, Proposition C",0748,286,201,487,862,56.50%,259,106,365
"City of Houston, Proposition C",0749,99,57,156,359,43.45%,73,30,103
"City of Houston, Proposition C",0754,0,0,0,0,0.00%,0,0,0
"City of Houston, Proposition C",0755,1048,895,1944,3569,54.47%,947,494,1441
"City of Houston, Proposition C",0758,1996,783,2779,3781,73.50%,894,1327,2221
"City of Houston, Proposition C",0760,2346,647,2993,4154,72.05%,912,1545,2457
"City of Houston, Proposition C",0761,917,219,1136,1464,77.60%,502,437,939
"City of Houston, Proposition C",0762,0,0,0,0,0.00%,0,0,0
"City of Houston, Proposition C",0763,255,308,563,1184,47.55%,281,122,403
"City of Houston, Proposition C",0764,0,1,1,0,0.00%,1,0,1
"City of Houston, Proposition C",0765,1390,815,2205,3967,55.58%,1105,539,1644
"City of Houston, Proposition C",0766,71,92,163,383,42.56%,84,35,119
"City of Houston, Proposition C",0767,20,15,35,90,38.89%,12,13,25
"City of Houston, Proposition C",0769,0,0,0,0,0.00%,0,0,0
"City of Houston, Proposition C",0772,6,0,6,0,0.00%,3,1,4
"City of Houston, Proposition C",0773,277,209,486,917,53.00%,215,80,295
"City of Houston, Proposition C",0774,116,74,190,301,63.12%,102,30,132
"City of Houston, Proposition C",0775,33,1,34,83,40.96%,17,4,21
"City of Houston, Proposition C",0776,0,0,0,0,0.00%,0,0,0
"City of Houston, Proposition C",0778,0,0,0,0,0.00%,0,0,0
"City of Houston, Proposition C",0779,270,21,e,486,1055,46.07%,225,115,340
"City of Houston, Proposition C",0780,6,7,13,20,65.00%,4,5,9
"City of Houston, Proposition C",0781,1152,655,1807,3716,48.63%,784,403,1187
Office,Precinct,Early Ballots Cast,Election Ballots Cast,Total Ballots Cast,Registered Voters,Percent Turnout,For,Against,Totals
"City of Houston, Proposition C",0782,1,0,1,0,0.00%,0,0,0
"City of Houston, Proposition C",0784,428,156,584,1071,54.53%,194,93,287
"City of Houston, Proposition C",0787,154,76,230,487,47.23%,102,60,162
"City of Houston, Proposition C",0788,156,58,214,481,44.49%,109,48,157
"City of Houston, Proposition C",0789,3,1,4,4,100.00%,3,0,3
"City of Houston, Proposition C",0790,0,0,0,0,0.00%,0,0,0
"City of Houston, Proposition C",0791,0,0,0,0,0.00%,0,0,0
"City of Houston, Proposition C",0793,318,153,471,976,48.26%,196,155,351
"City of Houston, Proposition C",0794,471,395,866,21,36,40.54%,454,1,08,562
"City of Houston, Proposition C",0795,265,255,520,1207,43.08%,281,103,384
"City of Houston, Proposition C",0797,0,0,0,0,0.00%,0,0,0
"City of Houston, Proposition C",0798,176,263,439,496,88.51%,208,134,342
"City of Houston, Proposition C",0799,0,0,0,0,0.00%,0,0,0
"City of Houston, Proposition C",0801,68,55,123,253,48.62%,62,24,86
"City of Houston, Proposition C",0802,98,58,156,299,52.17%,100,31,131
"City of Houston, Proposition C",0804,0,0,0,0,0.00%,0,0,0
"City of Houston, Proposition C",0806,0,0,0,0,0.00%,0,0,0
"City of Houston, Proposition C",0807,652,402,1054,2001,52.67%,622,141,763
"City of Houston, Proposition C",0808,41,26,67,84,79.76%,44,12,56
"City of Houston, Proposition C",0809,21,6,27,86,31.40%,7,7,14
"City of Houston, Proposition C",0810,30,48,78,215,36.28%,38,8,46
"City of Houston, Proposition C",0811,39,106,145,271,53.51%,75,33,108
"City of Houston, Proposition C",0812,0,0,0,0,0.00%,0,0,0
"City of Houston, Proposition C",0813,0,0,0,0,0.00%,0,0,0
"City of Houston, Proposition C",0814,527,141,668,1060,63.02%,335,81,416
"City of Houston, Proposition C",0815,0,0,0,0,0.00%,0,0,0
"City of Houston, Proposition C",0816,20,13,33,76,43.42%,13,7,20
"City of Houston, Proposition C",0818,134,101,235,527,44.59%,105,63,168
"City of Houston, Proposition C",0819,97,45,142,238,59.66%,69,43,112
"City of Houston, Proposition C",0820,0,0,0,0,0.00%,0,0,0
"City of Houston, Proposition C",0821,354,203,557,1206,46.19%,282,87,369
"City of Houston, Proposition C",0822,584,282,866,1544,56.09%,393,157,550
"City of Houston, Proposition C",0823,359,157,516,789,65.40%,240,87,327
"City of Houston, Proposition C",0824,86,53,139,289,48.10%,62,36,98
Office,Precinct,Early Ballots Cast,Election Ballots Cast,Total Ballots Cast,Registered Voters,Percent Turnout,For,Against,Totals
"City of Houston, Proposition C",0825,0,0,0,0,0.00%,0,0,0
"City of Houston, Proposition C",0826,153,89,242,342,70.76%,130,84,214
"City of Houston, Proposition C",0827,8,6,14,28,50.00%,6,4,10
"City of Houston, Proposition C",0829,107,56,163,266,61.28%,84,29,113
"City of Houston, Proposition C",0830,0,0,0,1,0.00%,0,0,0
"City of Houston, Proposition C",0831,0,0,0,0,0.00%,0,0,0
"City of Houston, Proposition C",0833,8,1,9,20,45.00%,4,1,5
"City of Houston, Proposition C",0835,87,53,140,292,47.95%,77,22,99
"City of Houston, Proposition C",0836,8,3,11,19,57.89%,7,1,8
"City of Houston, Proposition C",0837,0,0,0,0,0.00%,0,0,0
"City of Houston, Proposition C",0839,353,240,593,11,22,52.85%,344,1,00,444
"City of Houston, Proposition C",0840,51,17,68,138,49.28%,26,22,48
"City of Houston, Proposition C",0841,0,1,1,0,0.00%,1,0,1
"City of Houston, Proposition C",0842,715,504,1219,2264,53.84%,621,286,907
"City of Houston, Proposition C",0843,0,2,2,0,0.00%,1,0,1
"City of Houston, Proposition C",0844,2,4,6,1,3,46.1,5%,3,1,4
"City of Houston, Proposition C",0845,85,8,93,100,93.00%,38,16,54
"City of Houston, Proposition C",0846,70,29,99,210,47.14%,49,10,59
"City of Houston, Proposition C",0847,0,0,0,0,0.00%,0,0,0
"City of Houston, Proposition C",0848,782,431,1213,1873,64.76%,610,352,962
"City of Houston, Proposition C",0849,553,514,1067,2073,51.47%,475,291,766
"City of Houston, Proposition C",0850,87,38,125,205,60.98%,49,51,100
"City of Houston, Proposition C",0852,0,4,4,2,200.00%,1,0,1
"City of Houston, Proposition C",0854,41,30,71,175,40.57%,34,12,46
"City of Houston, Proposition C",0856,0,4,4,0,0.00%,1,2,3
"City of Houston, Proposition C",0857,0,0,0,1,0.00%,0,0,0
"City of Houston, Proposition C",0858,132,18,150,372,40.32%,69,26,95
"City of Houston, Proposition C",0859,309,201,510,860,59.30%,203,143,346
"City of Houston, Proposition C",0860,0,1,1,0,0.00%,0,1,1
"City of Houston, Proposition C",0861,21,5,26,91,28.57%,9,7,16
"City of Houston, Proposition C",0862,0,0,0,0,0.00%,0,0,0
"City of Houston, Proposition C",0863,210,69,279,620,45.00%,114,51,165
"City of Houston, Proposition C",0865,9,2,11,23,47.83%,3,6,9
"City of Houston, Proposition C",0866,0,0,0,0,0.00%,0,0,0
Office,Precinct,Early Ballots Cast,Election Ballots Cast,Total Ballots Cast,Registered Voters,Percent Turnout,For,Against,Totals
"City of Houston, Proposition C",0867,0,0,0,0,0.00%,0,0,0
"City of Houston, Proposition C",0869,153,76,229,473,48.41%,100,38,138
"City of Houston, Proposition C",0870,0,0,0,0,0.00%,0,0,0
"City of Houston, Proposition C",0871,3,0,3,4,75.00%,3,0,3
"City of Houston, Proposition C",0872,0,0,0,0,0.00%,0,0,0
"City of Houston, Proposition C",0873,0,0,0,0,0.00%,0,0,0
"City of Houston, Proposition C",0880,0,0,0,0,0.00%,0,0,0
"City of Houston, Proposition C",0886,301,154,455,713,63.81%,261,124,385
"City of Houston, Proposition C",0887,138,83,221,313,70.61%,114,62,176
"City of Houston, Proposition C",0889,22,0,22,61,36.07%,11,7,18
"City of Houston, Proposition C",0890,319,118,437,994,43.96%,274,73,347
"City of Houston, Proposition C",0891,539,392,931,1413,65.89%,489,255,744
"City of Houston, Proposition C",0892,193,130,323,696,46.41%,184,62,246
"City of Houston, Proposition C",0893,1,0,1,5,20.00%,0,0,0
"City of Houston, Proposition C",0894,0,31,31,0,0.00%,17,6,23
"City of Houston, Proposition C",0895,335,325,660,784,84.18%,430,155,585
"City of Houston, Proposition C",0896,670,303,973,1437,67.71%,626,214,840
"City of Houston, Proposition C",0899,4,0,4,8,50.00%,4,0,4
"City of Houston, Proposition C",0900,5,0,5,12,41.67%,1,2,3
"City of Houston, Proposition C",0902,865,621,1486,2065,71.96%,724,515,1239
"City of Houston, Proposition C",0903,10,1,11,41,26.83%,7,4,11
"City of Houston, Proposition C",0904,0,1,1,0,0.00%,1,0,1
"City of Houston, Proposition C",0905,290,168,458,908,50.44%,212,135,347
"City of Houston, Proposition C",0909,5,7,12,19,63.16%,8,3,11
"City of Houston, Proposition C",0910,55,34,89,226,39.38%,43,27,70
"City of Houston, Proposition C",0917,280,137,417,481,86.69%,182,175,357
"City of Houston, Proposition C",0918,489,135,624,883,70.67%,256,256,512
"City of Houston, Proposition C",0922,0,2,2,0,0.00%,1,1,2
"City of Houston, Proposition C",0924,0,0,0,0,0.00%,0,0,0
"City of Houston, Proposition C",0925,0,0,0,0,0.00%,0,0,0
"City of Houston, Proposition C",0927,84,74,158,262,60.31%,74,61,135
"City of Houston, Proposition C",0928,4,2,6,9,66.67%,4,2,6
"City of Houston, Proposition C",0929,0,0,0,0,0.00%,0,0,0
"City of Houston, Proposition C",0930,200,77,277,567,48.85%,125,50,175
Office,Precinct,Early Ballots Cast,Election Ballots Cast,Total Ballots Cast,Registered Voters,Percent Turnout,For,Against,Totals
"City of Houston, Proposition C",0931,48,53,101,122,82.79%,53,31,84
"City of Houston, Proposition C",0932,0,5,5,0,0.00%,5,0,5
"City of Houston, Proposition C",0933,233,121,354,588,82.54%,198,84,280
"City of Houston, Proposition C",0935,0,0,0,0,0.00%,0,0,0
"City of Houston, Proposition C",0938,73,14,87,258,33.98%,51,15,88
"City of Houston, Proposition C",0940,1,0,1,13,7.89%,1,0,1
"City of Houston, Proposition C",0941,13,9,22,25,88.00%,8,7,15
"City of Houston, Proposition C",0942,88,24,92,159,57.88%,32,45,77
"City of Houston, Proposition C",0943,298,83,359,538,88.98%,184,97,281
"City of Houston, Proposition C",0944,30,8,38,39,92.31%,21,8,29
"City of Houston, Proposition C",0945,4,7,11,18,88.75%,5,0,5
"City of Houston, Proposition C",0948,3,3,8,14,42.88%,2,1,3
"City of Houston, Proposition C",0947,320,292,812,822,74.45%,279,224,503
"City of Houston, Proposition C",0948,0,0,0,0,0.00%,0,0,0
"City of Houston, Proposition C",0949,59,37,98,201,47.78%,53,29,82
"City of Houston, Proposition C",0950,0,0,0,0,0.00%,0,0,0
"City of Houston, Proposition C",0952,24,18,40,70,57.14%,21,13,34
"City of Houston, Proposition C",0953,59,52,111,420,28.43%,57,21,78
"City of Houston, Proposition C",0954,0,0,0,0,0.00%,0,0,0
"City of Houston, Proposition C",0955,5,20,25,18,138.89%,8,9,15
"City of Houston, Proposition C",0958,5,2,7,12,58.33%,5,0,5
"City of Houston, Proposition C",0958,1,0,1,0,0.00%,0,1,1
"City of Houston, Proposition C",0959,0,4,4,0,0.00%,1,1,2
"City of Houston, Proposition C",0980,0,1,1,0,0.00%,0,1,1
"City of Houston, Proposition C",0982,24,13,37,73,50.88%,28,4,30
"City of Houston, Proposition C",0983,0,1,1,0,0.00%,1,0,1
"City of Houston, Proposition C",0984,142,85,207,225,92.00%,75,83,158
"City of Houston, Proposition C",0985,0,0,0,0,0.00%,0,0,0
"City of Houston, Proposition C",0988,305,180,485,1073,43.34%,228,109,337
"City of Houston, Proposition C",0989,335,82,417,584,71.40%,187,97,284
"City of Houston, Proposition C",0970,212,78,288,704,40.91%,138,38,174
"City of Houston, Proposition C",0971,27,21,48,129,37.21%,28,3,31
"City of Houston, Proposition C",0972,10,7,17,29,58.82%,8,5,13
"City of Houston, Proposition C",0973,49,24,73,107,88.22%,40,22,82
Office,Precinct,Early Ballots Cast,Election Ballots Cast,Total Ballots Cast,Registered Voters,Percent Turnout,For,Against,Totals
"City of Houston, Proposition C",0974,100,71,171,299,57.19%,71,73,144
"City of Houston, Proposition C",0975,72,41,113,170,66.47%,56,36,92
"City of Houston, Proposition C",0976,0,1,7,1,7,0,0.00%,6,5,1,1
"City of Houston, Proposition C",0981,0,0,0,0,0.00%,0,0,0
"City of Houston, Proposition C",0982,0,0,0,0,0.00%,0,0,0
"City of Houston, Proposition C",0984,43,49,92,198,46.46%,52,12,64
"City of Houston, Proposition C",0985,172,67,239,336,71.13%,125,66,191
"City of Houston, Proposition C",0986,129,86,215,404,53.22%,115,23,138
"City of Houston, Proposition C",0987,465,191,656,1138,57.64%,287,125,412
"City of Houston, Proposition C",0989,18,8,26,36,72.22%,11,7,18
"City of Houston, Proposition C",0990,37,15,52,154,33.77%,24,8,32
"City of Houston, Proposition C",0994,6,5,11,8,137.50%,6,2,8
"City of Houston, Proposition C",0995,596,190,786,1269,61.94%,374,152,526
"City of Houston, Proposition C",1000,105,0,105,458,22.93%,48,19,67
"City of Houston, Proposition C",1001,496,294,790,1566,50.45%,369,136,505
"City of Houston, Proposition C",1002,464,314,778,1738,44.76%,413,121,534
"City of Houston, Proposition C",1003,0,0,0,1,0.00%,0,0,0
"City of Houston, Proposition C",1004,224,153,377,656,57.47%,154,151,305
"City of Houston, Proposition C",1006,0,0,0,0,0.00%,0,0,0
"City of Houston, Proposition C",1010,124,74,198,317,62.46%,98,58,156
"City of Houston, Proposition C",1011,12,3,15,29,51.72%,6,6,12
"City of Houston, Proposition C",1019,426,4,430,1518,28.33%,217,40,257
"City of Houston, Proposition C",1020,0,0,0,1,0.00%,0,0,0
"City of Houston, Proposition C",1,021,0,0,0,0,0.00%,0,0,0
"City of Houston, Proposition C",1024,113,77,190,259,73.36%,95,73,168
"City of Houston, Proposition C",1026,0,0,0,0,0.00%,0,0,0
"City of Houston, Proposition C",1027,0,1,1,1,100.00%,1,0,1
"City of Houston, Proposition C",1030,0,0,0,0,0.00%,0,0,0
"City of Houston, Proposition C",1033,0,0,0,0,0.00%,0,0,0
"City of Houston, Proposition C",1034,0,0,0,1,0.00%,0,0,0
"City of Houston, Proposition C",1037,27,16,43,73,58.90%,13,21,34
"City of Houston, Proposition C",1038,94,10,104,156,66.67%,43,13,56
"City of Houston, Proposition C",1039,3,5,8,20,40.00%,6,1,7
"City of Houston, Proposition C",1040,43,45,88,159,55.35%,43,23,66
Office,Precinct,Early Ballots Cast,Election Ballots Cast,Total Ballots Cast,Registered Voters,Percent Turnout,For,Against,Totals
"City of Houston, Proposition C",1041,0,0,0,0,0.00%,0,0,0
"City of Houston, Proposition C",1046,19,18,37,54,68.52%,17,5,22
"City of Houston, Proposition C",1047,0,1,1,0,0.00%,1,0,1
"City of Houston, Proposition C",1048,3,1,4,18,22.22%,2,0,2
"City of Houston, Proposition C",1049,57,71,128,266,48.12%,72,25,97
"City of Houston, Proposition C",1050,148,153,301,506,59.49%,144,73,217
"City of Houston, Proposition C",1,051,0,1,2,1,2,0,0.00%,6,5,1,1
"City of Houston, Proposition C",1052,0,2,2,0,0.00%,2,0,2
"City of Houston, Proposition C",1054,0,0,0,1,0.00%,0,0,0
"City of Houston, Proposition C",1055,0,0,0,0,0.00%,0,0,0
"City of Houston, Proposition C",1056,4,0,4,6,66.67%,3,0,3
"City of Houston, Proposition C",1057,34,7,41,115,35.65%,16,9,25
"City of Houston, Proposition C",1058,540,246,786,1190,66.05%,365,220,585
"City of Houston, Proposition C",1059,7,3,10,23,43.48%,7,2,9
"City of Houston, Proposition C",1060,0,0,0,0,0.00%,0,0,0
"City of Houston, Proposition C",1064,45,1,46,120,38.33%,17,19,36
"City of Houston, Proposition C",Totals:,359002,206739,565741,942081,274019,151182,425201
