Office,Precinct,Early Ballots Cast,Election Ballots Cast,Total Ballots Cast,Registered Voters,Percent Turnout,REP Mike Wolfe,DEM Diane Trautman,Totals
"County School Trustee, Position 3, At Large",0001,806,516,1322,2155,61.35%,415,814,1229
"County School Trustee, Position 3, At Large",0002,753,407,1160,1890,61.38%,533,544,1077
"County School Trustee, Position 3, At Large",0003,660,474,1134,1519,74.65%,415,623,1038
"County School Trustee, Position 3, At Large",0004,676,534,1210,1652,73.24%,419,703,1122
"County School Trustee, Position 3, At Large",0005,472,518,990,1376,71.95%,361,531,892
"County School Trustee, Position 3, At Large",0006,1251,929,2180,3616,60.29%,1158,928,2086
"County School Trustee, Position 3, At Large",0007,495,124,619,1058,58.51%,11,594,605
"County School Trustee, Position 3, At Large",0008,661,430,1091,1706,63.95%,523,502,1025
"County School Trustee, Position 3, At Large",0009,472,382,854,1736,49.19%,178,620,798
"County School Trustee, Position 3, At Large",0010,499,245,744,1722,43.21%,156,514,670
"County School Trustee, Position 3, At Large",0011,418,335,753,1830,41.15%,130,572,702
"County School Trustee, Position 3, At Large",0012,227,133,360,716,50.28%,191,157,348
"County School Trustee, Position 3, At Large",0013,1140,443,1583,2823,56.08%,1018,477,1495
"County School Trustee, Position 3, At Large",0014,758,606,1364,1848,73.81%,685,582,1267
"County School Trustee, Position 3, At Large",0015,1144,1016,2160,2806,76.98%,1167,790,1957
"County School Trustee, Position 3, At Large",0016,457,175,632,947,66.74%,285,289,574
"County School Trustee, Position 3, At Large",0017,346,326,672,1105,60.81%,255,365,620
"County School Trustee, Position 3, At Large",0018,550,483,1033,1396,74.00%,473,491,964
"County School Trustee, Position 3, At Large",0019,423,261,684,995,68.74%,239,390,629
"County School Trustee, Position 3, At Large",0020,678,470,1148,3074,37.35%,329,731,1060
"County School Trustee, Position 3, At Large",0021,419,230,649,1013,64.07%,140,471,611
"County School Trustee, Position 3, At Large",0022,888,554,1442,2524,57.13%,197,1184,1381
"County School Trustee, Position 3, At Large",0023,99,65,164,512,32.03%,35,120,155
"County School Trustee, Position 3, At Large",0024,225,121,346,611,56.63%,36,291,327
"County School Trustee, Position 3, At Large",0025,244,304,548,1062,51.60%,23,504,527
"County School Trustee, Position 3, At Large",0026,463,486,949,1843,51.49%,230,648,878
"County School Trustee, Position 3, At Large",0027,821,695,1516,3005,50.45%,340,1071,1411
"County School Trustee, Position 3, At Large",0028,1446,465,1911,2782,68.69%,1092,715,1807
"County School Trustee, Position 3, At Large",0029,418,577,995,2659,37.42%,302,636,938
"County School Trustee, Position 3, At Large",0030,798,588,1386,2034,68.14%,344,969,1313
"County School Trustee, Position 3, At Large",0031,911,526,1437,2518,57.07%,25,1373,1398
"County School Trustee, Position 3, At Large",0032,796,556,1352,2171,62.28%,632,596,1228
"County School Trustee, Position 3, At Large",0033,1479,843,2322,3540,65.59%,903,1221,2124
"County School Trustee, Position 3, At Large",0034,1012,749,1761,2676,65.81%,452,1199,1651
Office,Precinct,Early Ballots Cast,Election Ballots Cast,Total Ballots Cast,Registered Voters,Percent Turnout,REP Mike Wolfe,DEM Diane Trautman,Totals
"County School Trustee, Position 3, At Large",0035,4,0,4,12,33.33%,1,3,4
"County School Trustee, Position 3, At Large",0036,993,479,1472,2868,51.32%,372,1021,1393
"County School Trustee, Position 3, At Large",0037,801,479,1280,1885,67.90%,405,774,1179
"County School Trustee, Position 3, At Large",0038,1241,673,1914,2703,70.81%,634,1118,1752
"County School Trustee, Position 3, At Large",0039,1063,723,1786,2726,65.52%,483,1185,1668
"County School Trustee, Position 3, At Large",0040,239,135,374,524,71.37%,174,165,339
"County School Trustee, Position 3, At Large",0041,560,284,844,1197,70.51%,362,453,815
"County School Trustee, Position 3, At Large",0042,505,139,644,1121,57.45%,12,608,620
"County School Trustee, Position 3, At Large",0043,520,372,892,1644,54.26%,405,424,829
"County School Trustee, Position 3, At Large",0044,492,314,806,1976,40.79%,156,587,743
"County School Trustee, Position 3, At Large",0045,2434,1138,3572,6031,59.23%,594,2838,3432
"County School Trustee, Position 3, At Large",0046,538,433,971,2468,39.34%,151,765,916
"County School Trustee, Position 3, At Large",0047,535,345,880,1624,54.19%,25,840,865
"County School Trustee, Position 3, At Large",0048,371,193,564,992,56.85%,47,494,541
"County School Trustee, Position 3, At Large",0049,1228,669,1897,3144,60.34%,1293,518,1811
"County School Trustee, Position 3, At Large",0050,1901,1110,3011,4762,63.23%,1521,1369,2890
"County School Trustee, Position 3, At Large",0051,657,349,1006,1568,64.16%,704,251,955
"County School Trustee, Position 3, At Large",0052,970,620,1590,2299,69.16%,768,679,1447
"County School Trustee, Position 3, At Large",0053,1102,884,1986,2808,70.73%,805,999,1804
"County School Trustee, Position 3, At Large",0054,606,402,1008,1408,71.59%,488,441,929
"County School Trustee, Position 3, At Large",0055,441,394,835,1305,63.98%,325,439,764
"County School Trustee, Position 3, At Large",0056,548,307,855,1285,66.54%,525,268,793
"County School Trustee, Position 3, At Large",0057,1273,956,2229,3062,72.80%,864,1192,2056
"County School Trustee, Position 3, At Large",0058,881,747,1628,2521,64.58%,668,847,1515
"County School Trustee, Position 3, At Large",0059,914,751,1665,2283,72.93%,649,871,1520
"County School Trustee, Position 3, At Large",0060,839,664,1503,2263,66.42%,420,967,1387
"County School Trustee, Position 3, At Large",0061,435,528,963,2250,42.80%,236,671,907
"County School Trustee, Position 3, At Large",0062,419,528,947,2190,43.24%,189,670,859
"County School Trustee, Position 3, At Large",0063,674,400,1074,1784,60.20%,830,184,1014
"County School Trustee, Position 3, At Large",0064,410,420,830,2090,39.71%,143,634,777
"County School Trustee, Position 3, At Large",0065,404,532,936,2178,42.98%,157,724,881
"County School Trustee, Position 3, At Large",0066,172,279,451,1090,41.38%,62,351,413
"County School Trustee, Position 3, At Large",0067,664,574,1238,2742,45.15%,259,877,1136
"County School Trustee, Position 3, At Large",0068,1198,486,1684,2782,60.53%,27,1604,1631
Office,Precinct,Early Ballots Cast,Election Ballots Cast,Total Ballots Cast,Registered Voters,Percent Turnout,REP Mike Wolfe,DEM Diane Trautman,Totals
"County School Trustee, Position 3, At Large",0069,218,284,502,1303,38.53%,80,370,450
"County School Trustee, Position 3, At Large",0070,1633,726,2359,3142,75.08%,1329,847,2176
"County School Trustee, Position 3, At Large",0071,1419,948,2367,3662,64.64%,1183,1008,2191
"County School Trustee, Position 3, At Large",0072,441,562,1003,1882,53.29%,260,660,920
"County School Trustee, Position 3, At Large",0073,499,496,995,1494,66.60%,530,396,926
"County School Trustee, Position 3, At Large",0074,2212,530,2742,3632,75.50%,2036,529,2565
"County School Trustee, Position 3, At Large",0075,481,370,851,1329,64.03%,323,457,780
"County School Trustee, Position 3, At Large",0076,814,569,1383,2328,59.41%,718,575,1293
"County School Trustee, Position 3, At Large",0077,168,81,249,565,44.07%,51,183,234
"County School Trustee, Position 3, At Large",0078,359,344,703,1479,47.53%,190,441,631
"County School Trustee, Position 3, At Large",0079,511,717,1228,2959,41.50%,214,913,1127
"County School Trustee, Position 3, At Large",0080,1159,481,1640,2712,60.47%,326,1225,1551
"County School Trustee, Position 3, At Large",0081,540,309,849,1839,46.17%,259,533,792
"County School Trustee, Position 3, At Large",0082,1353,816,2169,3284,66.05%,1563,504,2067
"County School Trustee, Position 3, At Large",0083,2625,1181,3806,5598,67.99%,1752,1909,3661
"County School Trustee, Position 3, At Large",0084,444,346,790,1389,56.88%,541,217,758
"County School Trustee, Position 3, At Large",0085,730,548,1278,2079,61.47%,23,1191,1214
"County School Trustee, Position 3, At Large",0086,1054,689,1743,2637,66.10%,768,843,1611
"County School Trustee, Position 3, At Large",0087,1222,861,2083,2749,75.77%,1211,678,1889
"County School Trustee, Position 3, At Large",0088,235,162,397,678,58.55%,243,139,382
"County School Trustee, Position 3, At Large",0089,342,454,796,1104,72.10%,404,311,715
"County School Trustee, Position 3, At Large",0090,1498,958,2456,3571,68.78%,1720,601,2321
"County School Trustee, Position 3, At Large",0091,466,333,799,1248,64.02%,477,295,772
"County School Trustee, Position 3, At Large",0092,1105,534,1639,2228,73.56%,1056,479,1535
"County School Trustee, Position 3, At Large",0093,782,643,1425,3295,43.25%,495,833,1328
"County School Trustee, Position 3, At Large",0094,148,104,252,537,46.93%,54,183,237
"County School Trustee, Position 3, At Large",0095,1684,671,2355,3179,74.08%,1559,647,2206
"County School Trustee, Position 3, At Large",0096,364,237,601,1241,48.43%,61,519,580
"County School Trustee, Position 3, At Large",0097,2393,764,3157,4566,69.14%,2229,775,3004
"County School Trustee, Position 3, At Large",0098,874,607,1481,2403,61.63%,1171,249,1420
"County School Trustee, Position 3, At Large",0099,568,311,879,2040,43.09%,386,458,844
"County School Trustee, Position 3, At Large",0100,427,324,751,1754,42.82%,324,396,720
"County School Trustee, Position 3, At Large",0101,203,186,389,941,41.34%,87,294,381
"County School Trustee, Position 3, At Large",0102,493,268,761,1910,39.84%,184,551,735
Office,Precinct,Early Ballots Cast,Election Ballots Cast,Total Ballots Cast,Registered Voters,Percent Turnout,REP Mike Wolfe,DEM Diane Trautman,Totals
"County School Trustee, Position 3, At Large",0103,1915,1065,2980,4751,62.72%,1523,1331,2854
"County School Trustee, Position 3, At Large",0104,992,238,1230,1847,66.59%,25,1172,1197
"County School Trustee, Position 3, At Large",0105,462,453,915,2153,42.50%,222,624,846
"County School Trustee, Position 3, At Large",0106,49,37,86,284,30.28%,39,42,81
"County School Trustee, Position 3, At Large",0107,412,441,853,1905,44.78%,132,685,817
"County School Trustee, Position 3, At Large",0108,1193,514,1707,3229,52.86%,858,759,1617
"County School Trustee, Position 3, At Large",0109,1160,430,1590,2884,55.13%,25,1517,1542
"County School Trustee, Position 3, At Large",0110,1465,589,2054,2853,71.99%,1203,744,1947
"County School Trustee, Position 3, At Large",0111,1868,848,2716,3638,74.66%,1948,615,2563
"County School Trustee, Position 3, At Large",0112,1262,668,1930,2894,66.69%,1305,534,1839
"County School Trustee, Position 3, At Large",0113,1125,590,1715,2537,67.60%,926,701,1627
"County School Trustee, Position 3, At Large",0114,1454,546,2000,2650,75.47%,1526,398,1924
"County School Trustee, Position 3, At Large",0115,598,305,903,1764,51.19%,95,781,876
"County School Trustee, Position 3, At Large",0116,1626,747,2373,3014,78.73%,1734,496,2230
"County School Trustee, Position 3, At Large",0117,398,452,860,1878,45.79%,329,489,818
"County School Trustee, Position 3, At Large",0118,460,148,608,743,81.83%,464,107,571
"County School Trustee, Position 3, At Large",0119,1924,1265,3189,4892,65.19%,2448,619,3067
"County School Trustee, Position 3, At Large",0120,1197,632,1829,2986,61.25%,1047,664,1711
"County School Trustee, Position 3, At Large",0121,193,244,437,679,64.36%,284,134,418
"County School Trustee, Position 3, At Large",0122,895,349,1244,2199,56.57%,33,1157,1190
"County School Trustee, Position 3, At Large",0123,440,350,790,1356,58.26%,211,518,729
"County School Trustee, Position 3, At Large",0124,3522,1281,4803,5952,80.70%,3710,884,4594
"County School Trustee, Position 3, At Large",0125,896,534,1430,2281,62.69%,798,568,1366
"County School Trustee, Position 3, At Large",0126,1630,407,2037,2799,72.78%,1708,239,1947
"County School Trustee, Position 3, At Large",0127,854,182,1036,1703,60.83%,697,287,984
"County School Trustee, Position 3, At Large",0128,936,736,1672,2257,74.08%,967,524,1491
"County School Trustee, Position 3, At Large",0129,2294,1449,3743,5495,68.12%,2200,1304,3504
"County School Trustee, Position 3, At Large",0130,1201,523,1724,2240,76.96%,1209,407,1616
"County School Trustee, Position 3, At Large",0131,604,374,978,1721,56.83%,226,706,932
"County School Trustee, Position 3, At Large",0132,1119,397,1516,2449,61.90%,25,1437,1462
"County School Trustee, Position 3, At Large",0133,1083,940,2023,2605,77.66%,1136,704,1840
"County School Trustee, Position 3, At Large",0134,419,392,811,1444,56.16%,345,417,762
"County School Trustee, Position 3, At Large",0135,1424,634,2058,2750,74.84%,1228,652,1880
"County School Trustee, Position 3, At Large",0136,981,451,1432,2111,67.84%,49,1327,1376
Office,Precinct,Early Ballots Cast,Election Ballots Cast,Total Ballots Cast,Registered Voters,Percent Turnout,REP Mike Wolfe,DEM Diane Trautman,Totals
"County School Trustee, Position 3, At Large",0137,305,193,498,740,67.30%,227,228,455
"County School Trustee, Position 3, At Large",0138,661,259,920,1749,52.60%,17,868,885
"County School Trustee, Position 3, At Large",0139,1290,747,2037,2746,74.18%,921,927,1848
"County School Trustee, Position 3, At Large",0140,1311,683,1994,3104,64.24%,269,1611,1880
"County School Trustee, Position 3, At Large",0141,181,143,324,872,37.16%,190,110,300
"County School Trustee, Position 3, At Large",0142,212,171,383,870,44.02%,95,263,358
"County School Trustee, Position 3, At Large",0143,2993,660,3653,4598,79.45%,2494,1009,3503
"County School Trustee, Position 3, At Large",0144,476,204,680,1143,59.49%,7,651,658
"County School Trustee, Position 3, At Large",0145,663,245,908,1580,57.47%,14,874,888
"County School Trustee, Position 3, At Large",0146,759,614,1373,1953,70.30%,575,704,1279
"County School Trustee, Position 3, At Large",0147,1255,485,1740,2813,61.86%,192,1500,1692
"County School Trustee, Position 3, At Large",0148,908,924,1832,2467,74.26%,684,988,1672
"County School Trustee, Position 3, At Large",0149,2859,1322,4181,6103,68.51%,1815,2205,4020
"County School Trustee, Position 3, At Large",0150,539,207,746,1212,61.55%,17,708,725
"County School Trustee, Position 3, At Large",0151,316,148,464,846,54.85%,17,425,442
"County School Trustee, Position 3, At Large",0152,483,602,1085,2701,40.17%,216,809,1025
"County School Trustee, Position 3, At Large",0153,328,437,765,1755,43.59%,181,524,705
"County School Trustee, Position 3, At Large",0154,593,360,953,2133,44.68%,192,664,856
"County School Trustee, Position 3, At Large",0155,1957,834,2791,4087,68.29%,1814,826,2640
"County School Trustee, Position 3, At Large",0156,1427,457,1884,3134,60.11%,49,1758,1807
"County School Trustee, Position 3, At Large",0157,881,382,1263,2311,54.65%,42,1185,1227
"County School Trustee, Position 3, At Large",0158,1304,435,1739,3016,57.66%,26,1674,1700
"County School Trustee, Position 3, At Large",0159,313,187,500,976,51.23%,61,413,474
"County School Trustee, Position 3, At Large",0160,246,140,386,688,56.10%,11,359,370
"County School Trustee, Position 3, At Large",0161,395,190,585,1030,56.80%,8,558,566
"County School Trustee, Position 3, At Large",0162,232,262,494,1249,39.55%,133,313,446
"County School Trustee, Position 3, At Large",0163,778,635,1413,3054,46.27%,379,872,1251
"County School Trustee, Position 3, At Large",0164,505,304,809,1434,56.42%,11,775,786
"County School Trustee, Position 3, At Large",0165,918,557,1475,2284,64.58%,899,492,1391
"County School Trustee, Position 3, At Large",0166,281,311,592,1016,58.27%,183,370,553
"County School Trustee, Position 3, At Large",0167,5,2,7,23,30.43%,0,7,7
"County School Trustee, Position 3, At Large",0168,188,126,314,519,60.50%,6,294,300
"County School Trustee, Position 3, At Large",0169,1059,433,1492,2531,58.95%,21,1439,1460
"County School Trustee, Position 3, At Large",0170,481,353,834,1887,44.20%,391,386,777
Office,Precinct,Early Ballots Cast,Election Ballots Cast,Total Ballots Cast,Registered Voters,Percent Turnout,REP Mike Wolfe,DEM Diane Trautman,Totals
"County School Trustee, Position 3, At Large",0171,514,294,808,1813,50.09%,31,749,780
"County School Trustee, Position 3, At Large",0172,181,147,308,800,51.33%,90,188,278
"County School Trustee, Position 3, At Large",0173,1798,819,2417,3105,77.84%,1803,497,2300
"County School Trustee, Position 3, At Large",0174,1554,787,2321,3159,73.47%,1487,882,2189
"County School Trustee, Position 3, At Large",0175,1084,887,1931,2508,77.08%,890,874,1784
"County School Trustee, Position 3, At Large",0178,828,530,1158,1581,73.12%,544,498,1042
"County School Trustee, Position 3, At Large",0177,872,385,1057,1478,71.52%,807,379,988
"County School Trustee, Position 3, At Large",0178,913,388,1281,1718,74.58%,804,374,1178
"County School Trustee, Position 3, At Large",0179,449,321,770,1508,51.08%,331,384,715
"County School Trustee, Position 3, At Large",0180,966,552,1518,2795,54.31%,30,1420,1450
"County School Trustee, Position 3, At Large",0181,418,514,930,1988,47.28%,249,820,889
"County School Trustee, Position 3, At Large",0182,1321,1081,2402,3289,73.03%,1331,841,2172
"County School Trustee, Position 3, At Large",0183,970,943,1913,2451,78.05%,1182,557,1739
"County School Trustee, Position 3, At Large",0184,214,258,470,989,48.50%,125,312,437
"County School Trustee, Position 3, At Large",0185,592,494,1088,1910,58.88%,329,884,1013
"County School Trustee, Position 3, At Large",0188,204,170,374,795,47.04%,42,308,350
"County School Trustee, Position 3, At Large",0187,48,85,113,309,38.57%,27,82,109
"County School Trustee, Position 3, At Large",0188,307,378,885,1818,42.39%,228,421,849
"County School Trustee, Position 3, At Large",0189,492,473,985,1453,88.41%,489,390,879
"County School Trustee, Position 3, At Large",0190,275,401,878,1720,39.30%,215,419,834
"County School Trustee, Position 3, At Large",0191,195,313,509,1391,38.59%,188,318,484
"County School Trustee, Position 3, At Large",0192,748,332,1078,2045,52.71%,37,1008,1043
"County School Trustee, Position 3, At Large",0193,341,289,810,1050,58.10%,12,578,590
"County School Trustee, Position 3, At Large",0194,704,504,1208,1735,89.83%,328,807,1133
"County School Trustee, Position 3, At Large",0195,539,419,958,1721,55.87%,28,894,922
"County School Trustee, Position 3, At Large",0198,121,55,178,323,54.49%,7,183,170
"County School Trustee, Position 3, At Large",0197,1109,497,1808,2895,55.47%,33,1527,1580
"County School Trustee, Position 3, At Large",0198,143,158,301,857,45.81%,4,287,291
"County School Trustee, Position 3, At Large",0199,1407,773,2180,3159,89.01%,1570,508,2078
"County School Trustee, Position 3, At Large",0200,1838,585,2223,3222,88.99%,980,1071,2031
"County School Trustee, Position 3, At Large",0201,229,125,354,728,48.83%,11,334,345
"County School Trustee, Position 3, At Large",0202,488,332,820,1479,55.44%,14,772,788
"County School Trustee, Position 3, At Large",0203,288,158,422,900,48.89%,79,319,398
"County School Trustee, Position 3, At Large",0204,1489,914,2403,3482,89.41%,1302,912,2214
Office,Precinct,Early Ballots Cast,Election Ballots Cast,Total Ballots Cast,Registered Voters,Percent Turnout,REP Mike Wolfe,DEM Diane Trautman,Totals
"County School Trustee, Position 3, At Large",0205,856,201,1057,1667,63.41%,21,1008,1029
"County School Trustee, Position 3, At Large",0206,651,659,1310,2662,49.21%,380,838,1218
"County School Trustee, Position 3, At Large",0207,409,310,719,1144,62.85%,229,424,653
"County School Trustee, Position 3, At Large",0208,806,364,1170,2201,53.16%,283,813,1096
"County School Trustee, Position 3, At Large",0209,0,4,4,0,0.00%,4,0,4
"County School Trustee, Position 3, At Large",0210,1013,542,1555,2300,67.61%,157,1319,1476
"County School Trustee, Position 3, At Large",0211,710,686,1396,2797,49.91%,463,836,1299
"County School Trustee, Position 3, At Large",0212,218,314,532,1266,42.02%,92,410,502
"County School Trustee, Position 3, At Large",0213,1603,939,2542,3308,76.84%,1845,501,2346
"County School Trustee, Position 3, At Large",0214,798,544,1342,1795,74.76%,775,444,1219
"County School Trustee, Position 3, At Large",0215,844,786,1630,2168,75.18%,898,604,1502
"County School Trustee, Position 3, At Large",0216,784,320,1104,1917,57.59%,72,986,1058
"County School Trustee, Position 3, At Large",0217,1396,651,2047,2637,77.63%,1226,634,1860
"County School Trustee, Position 3, At Large",0218,690,608,1298,2274,57.08%,352,842,1194
"County School Trustee, Position 3, At Large",0219,1117,587,1704,2654,64.20%,129,1479,1608
"County School Trustee, Position 3, At Large",0220,711,353,1064,2360,45.08%,709,290,999
"County School Trustee, Position 3, At Large",0221,699,611,1310,2489,52.63%,516,693,1209
"County School Trustee, Position 3, At Large",0222,1000,792,1792,2384,75.17%,750,866,1616
"County School Trustee, Position 3, At Large",0223,1350,760,2110,3528,59.81%,575,1365,1940
"County School Trustee, Position 3, At Large",0224,894,649,1543,2259,68.30%,657,756,1413
"County School Trustee, Position 3, At Large",0225,1109,720,1829,3155,57.97%,753,987,1740
"County School Trustee, Position 3, At Large",0226,529,545,1074,2393,44.88%,202,780,982
"County School Trustee, Position 3, At Large",0227,947,451,1398,1767,79.12%,965,310,1275
"County School Trustee, Position 3, At Large",0228,583,165,748,1073,69.71%,26,698,724
"County School Trustee, Position 3, At Large",0229,152,207,359,811,44.27%,96,243,339
"County School Trustee, Position 3, At Large",0230,421,153,574,1096,52.37%,11,538,549
"County School Trustee, Position 3, At Large",0231,562,471,1033,2219,46.55%,242,735,977
"County School Trustee, Position 3, At Large",0232,685,546,1231,1696,72.58%,630,488,1118
"County School Trustee, Position 3, At Large",0233,1826,1063,2889,4132,69.92%,1409,1246,2655
"County School Trustee, Position 3, At Large",0234,2088,885,2973,3854,77.14%,2125,617,2742
"County School Trustee, Position 3, At Large",0235,466,242,708,1305,54.25%,19,669,688
"County School Trustee, Position 3, At Large",0236,779,342,1121,2144,52.29%,19,1053,1072
"County School Trustee, Position 3, At Large",0237,793,441,1234,2181,56.58%,16,1193,1209
"County School Trustee, Position 3, At Large",0238,640,422,1062,1901,55.87%,19,1005,1024
Office,Precinct,Early Ballots Cast,Election Ballots Cast,Total Ballots Cast,Registered Voters,Percent Turnout,REP Mike Wolfe,DEM Diane Trautman,Totals
"County School Trustee, Position 3, At Large",0239,765,357,1122,1997,56.18%,29,1058,1087
"County School Trustee, Position 3, At Large",0240,1157,402,1559,2688,58.00%,20,1489,1509
"County School Trustee, Position 3, At Large",0241,494,479,973,2296,42.38%,364,553,917
"County School Trustee, Position 3, At Large",0242,363,323,686,1570,43.69%,353,305,658
"County School Trustee, Position 3, At Large",0243,254,50,304,452,67.26%,2,295,297
"County School Trustee, Position 3, At Large",0244,1100,656,1756,2912,60.30%,888,787,1675
"County School Trustee, Position 3, At Large",0245,2340,1115,3455,5240,65.94%,2243,1079,3322
"County School Trustee, Position 3, At Large",0246,1584,624,2208,2999,73.62%,1444,658,2102
"County School Trustee, Position 3, At Large",0247,421,403,824,1607,51.28%,14,784,798
"County School Trustee, Position 3, At Large",0248,408,405,813,2122,38.31%,184,584,768
"County School Trustee, Position 3, At Large",0249,1028,481,1509,2676,56.39%,966,471,1437
"County School Trustee, Position 3, At Large",0250,306,247,553,951,58.1,5%,9,535,544
"County School Trustee, Position 3, At Large",0251,809,529,1338,2072,64.58%,46,1241,1287
"County School Trustee, Position 3, At Large",0252,1111,356,1467,2350,62.43%,22,1405,1427
"County School Trustee, Position 3, At Large",0253,923,325,1248,2252,55.42%,17,1211,1228
"County School Trustee, Position 3, At Large",0254,220,282,502,1476,34.01%,116,349,465
"County School Trustee, Position 3, At Large",0255,995,797,1792,2411,74.33%,773,899,1672
"County School Trustee, Position 3, At Large",0256,1059,766,1825,3226,56.57%,673,1010,1683
"County School Trustee, Position 3, At Large",0257,553,571,1124,2403,46.77%,254,820,1074
"County School Trustee, Position 3, At Large",0258,1577,888,2465,3286,75.02%,1689,571,2260
"County School Trustee, Position 3, At Large",0259,1,1210,460,1670,2408,69.35%,24,1613,1637
"County School Trustee, Position 3, At Large",0260,420,290,710,1187,59.81%,361,317,678
"County School Trustee, Position 3, At Large",0261,176,133,309,749,41.26%,90,201,291
"County School Trustee, Position 3, At Large",0262,1470,906,2376,4232,56.14%,1305,888,2193
"County School Trustee, Position 3, At Large",0263,1785,719,2504,3319,75.44%,1816,575,2391
"County School Trustee, Position 3, At Large",0264,936,639,1575,2939,53.59%,805,655,1460
"County School Trustee, Position 3, At Large",0265,1936,674,2610,3617,72.16%,1813,598,2411
"County School Trustee, Position 3, At Large",0266,552,542,1094,2119,51.63%,482,548,1030
"County School Trustee, Position 3, At Large",0267,294,305,599,1346,44.50%,253,300,553
"County School Trustee, Position 3, At Large",0268,931,810,1741,2387,72.94%,967,591,1558
"County School Trustee, Position 3, At Large",0269,1143,444,1587,1981,80.11%,1166,291,1457
"County School Trustee, Position 3, At Large",0270,1401,870,2271,3517,64.57%,1210,901,2111
"County School Trustee, Position 3, At Large",0271,1303,371,1674,2469,67.80%,18,1615,1633
"County School Trustee, Position 3, At Large",0272,610,484,1094,2112,51.80%,393,638,1031
Office,Precinct,Early Ballots Cast,Election Ballots Cast,Total Ballots Cast,Registered Voters,Percent Turnout,REP Mike Wolfe,DEM Diane Trautman,Totals
"County School Trustee, Position 3, At Large",0273,1139,634,1773,2426,73.08%,1351,313,1664
"County School Trustee, Position 3, At Large",0274,1049,364,1413,2063,68.49%,892,429,1321
"County School Trustee, Position 3, At Large",0275,567,410,977,1730,56.47%,155,784,939
"County School Trustee, Position 3, At Large",0276,1139,404,1543,2532,60.94%,13,1496,1509
"County School Trustee, Position 3, At Large",0277,342,305,647,1473,43.92%,269,350,619
"County School Trustee, Position 3, At Large",0278,756,607,1363,2405,56.67%,681,605,1286
"County School Trustee, Position 3, At Large",0279,548,383,931,1899,49.03%,545,340,885
"County School Trustee, Position 3, At Large",0280,303,360,663,1515,43.76%,222,395,617
"County School Trustee, Position 3, At Large",0281,1087,903,1990,2610,76.25%,879,891,1770
"County School Trustee, Position 3, At Large",0282,690,591,1281,1988,64.44%,720,499,1219
"County School Trustee, Position 3, At Large",0283,0,0,0,0,0.00%,0,0,0
"County School Trustee, Position 3, At Large",0284,1135,595,1730,3262,53.03%,614,1031,1645
"County School Trustee, Position 3, At Large",0285,988,509,1497,2505,59.76%,100,1346,1446
"County School Trustee, Position 3, At Large",0286,2657,1053,3710,5719,64.87%,302,3254,3556
"County School Trustee, Position 3, At Large",0287,647,542,1189,1616,73.58%,581,522,1103
"County School Trustee, Position 3, At Large",0288,1036,380,1416,2259,62.68%,22,1349,1371
"County School Trustee, Position 3, At Large",0289,374,397,771,1510,51.06%,294,422,716
"County School Trustee, Position 3, At Large",0290,577,429,1006,1567,64.20%,751,217,968
"County School Trustee, Position 3, At Large",0291,541,298,839,1203,69.74%,381,404,785
"County School Trustee, Position 3, At Large",0292,477,236,713,1272,56.05%,93,594,687
"County School Trustee, Position 3, At Large",0293,620,557,1177,1733,67.92%,508,587,1095
"County School Trustee, Position 3, At Large",0294,989,298,1287,2107,61.08%,13,1236,1249
"County School Trustee, Position 3, At Large",0295,314,189,503,862,58.35%,6,485,491
"County School Trustee, Position 3, At Large",0296,602,432,1034,1693,61.08%,574,373,947
"County School Trustee, Position 3, At Large",0297,576,445,1021,1978,51.62%,358,583,941
"County School Trustee, Position 3, At Large",0298,847,475,1322,2083,63.47%,705,528,1233
"County School Trustee, Position 3, At Large",0299,328,213,541,1231,43.95%,164,342,506
"County School Trustee, Position 3, At Large",0300,3013,922,3935,5040,78.08%,2926,781,3707
"County School Trustee, Position 3, At Large",0301,450,655,1105,2397,46.10%,390,657,1047
"County School Trustee, Position 3, At Large",0302,713,635,1348,2724,49.49%,699,569,1268
"County School Trustee, Position 3, At Large",0303,1772,755,2527,3172,79.67%,1891,453,2344
"County School Trustee, Position 3, At Large",0304,970,648,1618,2266,71.40%,836,656,1492
"County School Trustee, Position 3, At Large",0305,1319,858,2177,3621,60.12%,778,1304,2082
"County School Trustee, Position 3, At Large",0306,1013,323,1336,1847,72.33%,918,337,1255
Office,Precinct,Early Ballots Cast,Election Ballots Cast,Total Ballots Cast,Registered Voters,Percent Turnout,REP Mike Wolfe,DEM Diane Trautman,Totals
"County School Trustee, Position 3, At Large",0307,1242,876,2118,2931,72.26%,1388,610,1998
"County School Trustee, Position 3, At Large",0308,444,238,682,1266,53.87%,178,465,643
"County School Trustee, Position 3, At Large",0309,1385,612,1997,2529,78.96%,1503,365,1868
"County School Trustee, Position 3, At Large",0310,517,348,965,1437,67.15%,605,291,896
"County School Trustee, Position 3, At Large",0311,862,699,1561,2997,52.09%,645,760,1405
"County School Trustee, Position 3, At Large",0312,1600,718,2318,3669,63.18%,1201,973,2174
"County School Trustee, Position 3, At Large",0313,22,1,23,60,38.33%,11,9,20
"County School Trustee, Position 3, At Large",0314,2494,1221,3715,5225,71.10%,2180,1372,3552
"County School Trustee, Position 3, At Large",0315,711,479,1190,1618,73.55%,649,454,1103
"County School Trustee, Position 3, At Large",0316,682,411,1093,1522,71.81%,546,461,1007
"County School Trustee, Position 3, At Large",0317,551,336,887,1469,60.38%,243,603,846
"County School Trustee, Position 3, At Large",0318,1708,611,2319,3531,65.68%,81,2148,2229
"County School Trustee, Position 3, At Large",0319,965,290,1255,2081,60.31%,73,1135,1208
"County School Trustee, Position 3, At Large",0320,464,300,764,1505,50.76%,329,387,716
"County School Trustee, Position 3, At Large",0321,442,305,748,2029,36.87%,241,464,705
"County School Trustee, Position 3, At Large",0322,397,237,634,1322,47.96%,158,461,619
"County School Trustee, Position 3, At Large",0323,482,332,814,1719,47.35%,318,433,751
"County School Trustee, Position 3, At Large",0324,967,718,1685,2339,72.04%,1033,515,1548
"County School Trustee, Position 3, At Large",0325,656,397,1053,2251,46.78%,219,784,1003
"County School Trustee, Position 3, At Large",0326,202,128,330,678,48.67%,126,173,299
"County School Trustee, Position 3, At Large",0327,725,244,970,1751,55.40%,11,924,935
"County School Trustee, Position 3, At Large",0328,344,270,614,1361,45.11%,215,371,586
"County School Trustee, Position 3, At Large",0329,405,307,712,1367,52.08%,206,455,661
"County School Trustee, Position 3, At Large",0330,590,376,966,1849,52.24%,425,473,898
"County School Trustee, Position 3, At Large",0331,0,1,1,0,0.00%,1,0,1
"County School Trustee, Position 3, At Large",0332,23,4,27,128,21.09%,10,15,25
"County School Trustee, Position 3, At Large",0333,1018,939,1957,2901,67.46%,1351,504,1855
"County School Trustee, Position 3, At Large",0334,255,114,369,755,48.87%,72,282,354
"County School Trustee, Position 3, At Large",0335,285,246,531,1227,43.28%,145,329,474
"County School Trustee, Position 3, At Large",0336,1818,588,2406,3161,76.12%,204,2122,2326
"County School Trustee, Position 3, At Large",0337,309,207,516,951,54.26%,80,416,496
"County School Trustee, Position 3, At Large",0338,1540,824,2364,4673,50.59%,637,1590,2227
"County School Trustee, Position 3, At Large",0339,369,373,742,1716,43.24%,143,535,678
"County School Trustee, Position 3, At Large",0340,1778,833,2611,3717,70.24%,1836,637,2473
Office,Precinct,Early Ballots Cast,Election Ballots Cast,Total Ballots Cast,Registered Voters,Percent Turnout,REP Mike Wolfe,DEM Diane Trautman,Totals
"County School Trustee, Position 3, At Large",0341,246,316,562,1248,45.03%,128,408,536
"County School Trustee, Position 3, At Large",0342,2029,1113,3142,5718,54.95%,425,2618,3043
"County School Trustee, Position 3, At Large",0343,436,483,919,1904,48.27%,208,624,832
"County School Trustee, Position 3, At Large",0344,395,245,640,1207,53.02%,19,594,613
"County School Trustee, Position 3, At Large",0345,428,357,785,1708,45.96%,157,584,741
"County School Trustee, Position 3, At Large",0346,1,2,3,1,300.00%,3,0,3
"County School Trustee, Position 3, At Large",0347,1250,614,1864,3299,56.50%,1131,649,1780
"County School Trustee, Position 3, At Large",0348,751,280,1031,1740,59.25%,708,270,978
"County School Trustee, Position 3, At Large",0349,405,407,812,1315,61.75%,459,305,764
"County School Trustee, Position 3, At Large",0350,1112,780,1892,2906,65.11%,716,1024,1740
"County School Trustee, Position 3, At Large",0351,2495,793,3288,4537,72.47%,2488,689,3177
"County School Trustee, Position 3, At Large",0352,1151,583,1734,3193,54.31%,1160,496,1656
"County School Trustee, Position 3, At Large",0353,1544,703,2247,3697,60.78%,363,1797,2160
"County School Trustee, Position 3, At Large",0354,1476,517,1993,3193,62.42%,420,1478,1898
"County School Trustee, Position 3, At Large",0355,700,286,986,1384,71.24%,86,866,952
"County School Trustee, Position 3, At Large",0356,1382,618,2000,2836,70.52%,1106,762,1868
"County School Trustee, Position 3, At Large",0357,1633,709,2342,3371,69.47%,1632,590,2222
"County School Trustee, Position 3, At Large",0358,740,464,1204,2297,52.42%,90,1074,1164
"County School Trustee, Position 3, At Large",0359,706,482,1188,3008,39.49%,88,1060,1148
"County School Trustee, Position 3, At Large",0360,969,515,1484,2190,67.76%,745,591,1336
"County School Trustee, Position 3, At Large",0361,135,691,826,1585,52.11%,138,570,708
"County School Trustee, Position 3, At Large",0362,2131,1200,3331,4952,67.27%,2354,808,3162
"County School Trustee, Position 3, At Large",0363,1346,687,2033,3291,61.77%,862,1099,1961
"County School Trustee, Position 3, At Large",0364,912,602,1514,2539,59.63%,737,701,1438
"County School Trustee, Position 3, At Large",0365,734,245,979,1302,75.19%,80,868,948
"County School Trustee, Position 3, At Large",0366,638,466,1104,2089,52.85%,231,835,1066
"County School Trustee, Position 3, At Large",0367,328,212,540,1019,52.99%,90,432,522
"County School Trustee, Position 3, At Large",0368,418,143,561,929,60.39%,145,399,544
"County School Trustee, Position 3, At Large",0369,107,53,160,490,32.65%,57,97,154
"County School Trustee, Position 3, At Large",0370,3143,1178,4321,5781,74.74%,3183,947,4130
"County School Trustee, Position 3, At Large",0371,226,69,295,475,62.11%,7,281,288
"County School Trustee, Position 3, At Large",0372,498,231,729,1215,60.00%,75,621,696
"County School Trustee, Position 3, At Large",0373,61,16,77,159,48.43%,1,74,75
"County School Trustee, Position 3, At Large",0374,139,187,326,748,43.58%,90,215,305
Office,Precinct,Early Ballots Cast,Election Ballots Cast,Total Ballots Cast,Registered Voters,Percent Turnout,REP Mike Wolfe,DEM Diane Trautman,Totals
"County School Trustee, Position 3, At Large",0375,577,524,1101,2607,42.23%,435,603,1038
"County School Trustee, Position 3, At Large",0376,629,334,963,1916,50.26%,383,517,900
"County School Trustee, Position 3, At Large",0377,1055,707,1762,2871,61.37%,1255,399,1654
"County School Trustee, Position 3, At Large",0378,559,521,1080,1777,60.78%,659,377,1036
"County School Trustee, Position 3, At Large",0379,800,338,1138,2017,56.42%,80,1015,1095
"County School Trustee, Position 3, At Large",0380,2500,1183,3683,4753,77.49%,2005,1507,3512
"County School Trustee, Position 3, At Large",0381,957,424,1381,2715,50.87%,544,774,1318
"County School Trustee, Position 3, At Large",0382,276,231,507,841,60.29%,344,142,486
"County School Trustee, Position 3, At Large",0383,599,493,1092,2076,52.60%,323,718,1041
"County School Trustee, Position 3, At Large",0384,1172,505,1677,2596,64.60%,323,1290,1613
"County School Trustee, Position 3, At Large",0385,1099,621,1720,2175,79.08%,1211,373,1584
"County School Trustee, Position 3, At Large",0386,1464,460,1924,2872,66.99%,1351,498,1849
"County School Trustee, Position 3, At Large",0387,1369,802,2171,3727,58.25%,1429,638,2067
"County School Trustee, Position 3, At Large",0388,2780,1222,4002,5329,75.10%,2180,1665,3845
"County School Trustee, Position 3, At Large",0389,283,261,544,975,55.79%,83,415,498
"County School Trustee, Position 3, At Large",0390,644,368,1012,1565,64.66%,110,854,964
"County School Trustee, Position 3, At Large",0391,856,355,1211,1805,67.09%,737,410,1147
"County School Trustee, Position 3, At Large",0392,737,197,934,1441,64.82%,8,902,910
"County School Trustee, Position 3, At Large",0393,346,318,664,1206,55.06%,278,341,619
"County School Trustee, Position 3, At Large",0394,166,176,342,860,39.77%,132,189,321
"County School Trustee, Position 3, At Large",0395,830,491,1321,1820,72.58%,873,360,1233
"County School Trustee, Position 3, At Large",0396,1157,219,1376,2073,66.38%,12,1324,1336
"County School Trustee, Position 3, At Large",0397,163,148,311,750,41.47%,119,170,289
"County School Trustee, Position 3, At Large",0398,1438,840,2278,3816,59.70%,1074,1101,2175
"County School Trustee, Position 3, At Large",0399,896,593,1489,2542,58.58%,696,738,1434
"County School Trustee, Position 3, At Large",0400,1048,506,1554,2238,69.44%,1058,411,1469
"County School Trustee, Position 3, At Large",0401,723,284,1007,1876,53.68%,40,944,984
"County School Trustee, Position 3, At Large",0402,891,245,1136,1737,65.40%,49,1052,1101
"County School Trustee, Position 3, At Large",0403,791,527,1318,1703,77.39%,678,511,1189
"County School Trustee, Position 3, At Large",0404,778,552,1330,2589,51.37%,657,606,1263
"County School Trustee, Position 3, At Large",0405,0,1,1,0,0.00%,0,1,1
"County School Trustee, Position 3, At Large",0406,281,72,353,610,57.87%,3,333,336
"County School Trustee, Position 3, At Large",0407,1317,1000,2317,3652,63.44%,1397,765,2162
"County School Trustee, Position 3, At Large",0408,154,179,333,933,35.69%,136,180,316
Office,Precinct,Early Ballots Cast,Election Ballots Cast,Total Ballots Cast,Registered Voters,Percent Turnout,REP Mike Wolfe,DEM Diane Trautman,Totals
"County School Trustee, Position 3, At Large",0409,277,289,566,1371,41.28%,163,368,531
"County School Trustee, Position 3, At Large",0410,337,102,439,849,51.71%,76,345,421
"County School Trustee, Position 3, At Large",0411,542,462,1004,2302,43.61%,278,660,938
"County School Trustee, Position 3, At Large",0412,193,74,267,433,61.66%,12,248,260
"County School Trustee, Position 3, At Large",0413,1493,525,2018,3023,66.75%,748,1154,1902
"County School Trustee, Position 3, At Large",0414,1452,593,2045,3457,59.16%,1409,500,1909
"County School Trustee, Position 3, At Large",0415,950,633,1583,2124,74.53%,1048,436,1484
"County School Trustee, Position 3, At Large",0416,1174,916,2090,3582,58.35%,1028,936,1964
"County School Trustee, Position 3, At Large",0417,777,619,1396,2465,56.63%,591,725,1316
"County School Trustee, Position 3, At Large",0418,1057,758,1815,3420,53.07%,657,1075,1732
"County School Trustee, Position 3, At Large",0419,1006,578,1584,2697,58.73%,978,533,1511
"County School Trustee, Position 3, At Large",0420,2174,1089,3263,4639,70.34%,2582,514,3096
"County School Trustee, Position 3, At Large",0421,124,92,216,467,46.25%,47,158,205
"County School Trustee, Position 3, At Large",0422,1456,585,2041,3345,61.02%,36,1950,1986
"County School Trustee, Position 3, At Large",0423,190,309,499,894,55.82%,192,276,468
"County School Trustee, Position 3, At Large",0424,435,1,57,592,888,66.67%,323,252,575
"County School Trustee, Position 3, At Large",0425,227,234,461,875,52.69%,143,290,433
"County School Trustee, Position 3, At Large",0426,415,283,698,1224,57.03%,363,279,642
"County School Trustee, Position 3, At Large",0427,325,249,574,1115,51.48%,200,331,531
"County School Trustee, Position 3, At Large",0428,1284,907,2191,4316,50.76%,618,1426,2044
"County School Trustee, Position 3, At Large",0429,1,1091,777,1868,3929,47.54%,334,1403,1737
"County School Trustee, Position 3, At Large",0430,403,335,738,1654,44.62%,145,536,681
"County School Trustee, Position 3, At Large",0431,819,403,1222,3188,38.33%,295,849,1144
"County School Trustee, Position 3, At Large",0432,311,271,582,1344,43.30%,153,397,550
"County School Trustee, Position 3, At Large",0433,139,106,245,573,42.76%,36,195,231
"County School Trustee, Position 3, At Large",0434,628,371,999,1386,72.08%,597,333,930
"County School Trustee, Position 3, At Large",0435,1534,768,2302,3097,74.33%,1452,680,2132
"County School Trustee, Position 3, At Large",0436,1334,709,2043,3012,67.83%,1140,740,1880
"County School Trustee, Position 3, At Large",0437,951,542,1493,2007,74.39%,986,410,1396
"County School Trustee, Position 3, At Large",0438,1046,387,1433,1802,79.52%,1009,307,1316
"County School Trustee, Position 3, At Large",0439,1526,905,2431,3416,71.17%,1639,603,2242
"County School Trustee, Position 3, At Large",0440,1326,876,2202,2867,76.81%,1618,405,2023
"County School Trustee, Position 3, At Large",0441,698,513,1211,1616,74.94%,851,277,1128
"County School Trustee, Position 3, At Large",0442,1366,513,1879,2504,75.04%,1488,295,1783
Office,Precinct,Early Ballots Cast,Election Ballots Cast,Total Ballots Cast,Registered Voters,Percent Turnout,REP Mike Wolfe,DEM Diane Trautman,Totals
"County School Trustee, Position 3, At Large",0443,335,148,483,605,79.83%,324,118,442
"County School Trustee, Position 3, At Large",0444,1258,731,1989,3172,62.70%,1136,706,1842
"County School Trustee, Position 3, At Large",0445,860,443,1303,1938,67.23%,768,457,1225
"County School Trustee, Position 3, At Large",0446,70,52,122,268,45.52%,45,71,116
"County School Trustee, Position 3, At Large",0447,271,108,379,583,65.01%,122,230,352
"County School Trustee, Position 3, At Large",0448,1239,869,2108,3081,68.42%,1165,774,1939
"County School Trustee, Position 3, At Large",0449,62,37,99,164,60.37%,11,81,92
"County School Trustee, Position 3, At Large",0450,856,537,1393,2622,53.13%,328,1000,1328
"County School Trustee, Position 3, At Large",0451,1575,515,2090,2674,78.16%,1628,359,1987
"County School Trustee, Position 3, At Large",0452,1109,639,1748,2810,62.21%,1264,414,1678
"County School Trustee, Position 3, At Large",0453,559,475,1034,1885,54.85%,330,647,977
"County School Trustee, Position 3, At Large",0454,1226,311,1537,2571,59.78%,11,1484,1495
"County School Trustee, Position 3, At Large",0455,748,216,964,1679,57.42%,26,905,931
"County School Trustee, Position 3, At Large",0456,1266,593,1859,3350,55.49%,950,804,1754
"County School Trustee, Position 3, At Large",0457,0,0,0,0,0.00%,0,0,0
"County School Trustee, Position 3, At Large",0458,908,271,1179,1893,62.28%,53,1088,1141
"County School Trustee, Position 3, At Large",0459,1637,476,2113,2950,71.63%,1583,437,2020
"County School Trustee, Position 3, At Large",0460,1250,402,1652,2346,70.42%,412,1170,1582
"County School Trustee, Position 3, At Large",0461,1958,828,2786,3733,74.63%,1718,850,2568
"County School Trustee, Position 3, At Large",0462,1318,865,2183,3367,64.84%,737,1308,2045
"County School Trustee, Position 3, At Large",0463,1124,656,1780,2962,60.09%,689,1010,1699
"County School Trustee, Position 3, At Large",0464,786,612,1398,2126,65.76%,923,397,1320
"County School Trustee, Position 3, At Large",0465,1465,702,2167,3343,64.82%,1093,1008,2101
"County School Trustee, Position 3, At Large",0466,2052,729,2781,4072,68.30%,1503,1170,2673
"County School Trustee, Position 3, At Large",0467,478,229,707,1230,57.48%,157,514,671
"County School Trustee, Position 3, At Large",0468,984,793,1777,3354,52.98%,483,1195,1678
"County School Trustee, Position 3, At Large",0469,2039,638,2677,3779,70.84%,1957,589,2546
"County School Trustee, Position 3, At Large",0470,443,323,766,1349,56.78%,519,206,725
"County School Trustee, Position 3, At Large",0471,792,597,1389,2349,59.13%,1033,298,1331
"County School Trustee, Position 3, At Large",0472,370,337,707,1027,68.84%,282,359,641
"County School Trustee, Position 3, At Large",0473,914,442,1356,1827,74.22%,891,380,1271
"County School Trustee, Position 3, At Large",0474,1146,766,1912,3006,63.61%,1260,549,1809
"County School Trustee, Position 3, At Large",0475,485,473,958,1651,58.03%,394,500,894
"County School Trustee, Position 3, At Large",0476,809,658,1467,2412,60.82%,807,588,1395
Office,Precinct,Early Ballots Cast,Election Ballots Cast,Total Ballots Cast,Registered Voters,Percent Turnout,REP Mike Wolfe,DEM Diane Trautman,Totals
"County School Trustee, Position 3, At Large",0477,1441,742,2183,3195,68.33%,1582,505,2087
"County School Trustee, Position 3, At Large",0478,1959,898,2857,4150,68.84%,1800,899,2699
"County School Trustee, Position 3, At Large",0479,1298,588,1886,2648,71.22%,1328,472,1800
"County School Trustee, Position 3, At Large",0480,936,555,1491,2267,65.77%,1008,404,1412
"County School Trustee, Position 3, At Large",0481,1463,852,2315,3298,70.19%,1661,539,2200
"County School Trustee, Position 3, At Large",0482,1963,836,2799,4129,67.79%,1877,808,2685
"County School Trustee, Position 3, At Large",0483,1868,759,2627,4141,63.44%,1335,1148,2483
"County School Trustee, Position 3, At Large",0484,2236,1008,3244,4594,70.61%,2221,874,3095
"County School Trustee, Position 3, At Large",0485,2421,990,3411,4838,70.50%,2441,832,3273
"County School Trustee, Position 3, At Large",0486,1843,805,2648,3572,74.13%,1989,550,2539
"County School Trustee, Position 3, At Large",0487,1005,612,1617,3318,48.73%,437,1049,1486
"County School Trustee, Position 3, At Large",0488,580,440,1020,1713,59.54%,325,620,945
"County School Trustee, Position 3, At Large",0489,783,378,1161,1823,63.69%,307,785,1092
"County School Trustee, Position 3, At Large",0490,876,439,1315,1944,67.64%,448,796,1244
"County School Trustee, Position 3, At Large",0491,667,489,1156,1782,64.87%,624,448,1072
"County School Trustee, Position 3, At Large",0492,1069,504,1573,2351,66.91%,770,685,1455
"County School Trustee, Position 3, At Large",0493,858,400,1258,1804,69.73%,760,411,1171
"County School Trustee, Position 3, At Large",0494,760,431,1191,2176,54.73%,135,1020,1155
"County School Trustee, Position 3, At Large",0495,1120,494,1614,2284,70.67%,1094,419,1513
"County School Trustee, Position 3, At Large",0496,496,571,1067,2086,51.15%,379,626,1005
"County School Trustee, Position 3, At Large",0497,1123,303,1426,2226,64.06%,50,1321,1371
"County School Trustee, Position 3, At Large",0498,759,499,1258,2123,59.26%,495,697,1192
"County School Trustee, Position 3, At Large",0499,1301,517,1818,2304,78.91%,1254,449,1703
"County School Trustee, Position 3, At Large",0500,1507,746,2253,3175,70.96%,1471,673,2144
"County School Trustee, Position 3, At Large",0501,653,487,1140,1647,69.22%,409,633,1042
"County School Trustee, Position 3, At Large",0502,1150,332,1482,2364,62.69%,1095,312,1407
"County School Trustee, Position 3, At Large",0503,359,273,632,1363,46.37%,187,395,582
"County School Trustee, Position 3, At Large",0504,1129,538,1667,2197,75.88%,1039,529,1568
"County School Trustee, Position 3, At Large",0505,1209,829,2038,3654,55.77%,849,1057,1906
"County School Trustee, Position 3, At Large",0506,1470,801,2271,3380,67.19%,351,1835,2186
"County School Trustee, Position 3, At Large",0507,582,385,967,2435,39.71%,143,693,836
"County School Trustee, Position 3, At Large",0508,946,760,1706,3248,52.52%,527,1045,1572
"County School Trustee, Position 3, At Large",0509,1340,864,2204,3536,62.33%,1491,602,2093
"County School Trustee, Position 3, At Large",0510,1492,682,2174,3511,61.92%,932,1121,2053
Office,Precinct,Early Ballots Cast,Election Ballots Cast,Total Ballots Cast,Registered Voters,Percent Turnout,REP Mike Wolfe,DEM Diane Trautman,Totals
"County School Trustee, Position 3, At Large",0511,0,8,8,0,0.00%,1,5,8
"County School Trustee, Position 3, At Large",0512,1558,1127,2885,4582,58.80%,1181,1397,2558
"County School Trustee, Position 3, At Large",0513,1805,507,2112,2752,78.74%,1530,477,2007
"County School Trustee, Position 3, At Large",0514,1988,880,2828,3941,71.71%,2000,898,2898
"County School Trustee, Position 3, At Large",0515,1892,708,2400,3173,75.84%,1854,428,2280
"County School Trustee, Position 3, At Large",0518,2179,1088,3245,4934,85.77%,1529,1538,3087
"County School Trustee, Position 3, At Large",0517,1208,853,1881,3320,58.05%,931,828,1759
"County School Trustee, Position 3, At Large",0518,1478,919,2397,3755,83.83%,1450,808,2258
"County School Trustee, Position 3, At Large",0519,1234,845,1879,2951,83.87%,1295,495,1790
"County School Trustee, Position 3, At Large",0520,1542,857,2399,4084,59.03%,385,1949,2314
"County School Trustee, Position 3, At Large",0521,1011,894,1705,2725,82.57%,833,788,1819
"County School Trustee, Position 3, At Large",0522,1171,858,1829,2882,88.20%,1308,430,1738
"County School Trustee, Position 3, At Large",0523,1338,889,2027,3080,88.24%,1291,595,1888
"County School Trustee, Position 3, At Large",0524,1237,875,1912,3292,58.08%,537,1284,1821
"County School Trustee, Position 3, At Large",0525,1380,810,1990,2947,87.53%,388,1530,1898
"County School Trustee, Position 3, At Large",0528,187,171,338,731,48.24%,81,240,321
"County School Trustee, Position 3, At Large",0527,80,24,104,589,18.28%,44,54,98
"County School Trustee, Position 3, At Large",0528,38,12,48,92,52.17%,2,45,47
"County School Trustee, Position 3, At Large",0529,1987,441,2428,3818,87.15%,1987,381,2328
"County School Trustee, Position 3, At Large",0530,259,235,494,1198,41.30%,104,358,480
"County School Trustee, Position 3, At Large",0531,872,113,785,1094,71.78%,595,147,742
"County School Trustee, Position 3, At Large",0532,452,184,838,1039,81.21%,418,191,809
"County School Trustee, Position 3, At Large",0533,317,207,524,1089,49.02%,254,241,495
"County School Trustee, Position 3, At Large",0534,1858,875,2333,3795,81.48%,1825,598,2221
"County School Trustee, Position 3, At Large",0535,80,94,174,421,41.33%,58,105,183
"County School Trustee, Position 3, At Large",0538,1332,1195,2527,4578,55.22%,895,1510,2405
"County School Trustee, Position 3, At Large",0537,1454,823,2277,2971,78.84%,1598,581,2157
"County School Trustee, Position 3, At Large",0538,433,237,870,1282,52.28%,18,831,849
"County School Trustee, Position 3, At Large",0539,28,209,235,71,330.99%,48,187,213
"County School Trustee, Position 3, At Large",0540,888,380,1048,1491,70.15%,407,538,945
"County School Trustee, Position 3, At Large",0541,1824,779,2803,4183,82.23%,338,2150,2488
"County School Trustee, Position 3, At Large",0542,997,501,1498,2525,59.33%,77,1378,1453
"County School Trustee, Position 3, At Large",0543,287,378,885,1528,43.52%,198,431,827
"County School Trustee, Position 3, At Large",0544,92,53,145,318,45.80%,18,125,143
Office,Precinct,Early Ballots Cast,Election Ballots Cast,Total Ballots Cast,Registered Voters,Percent Turnout,REP Mike Wolfe,DEM Diane Trautman,Totals
"County School Trustee, Position 3, At Large",0545,1314,857,2171,3339,65.02%,990,1069,2059
"County School Trustee, Position 3, At Large",0546,4,4,8,30,26.67%,2,6,8
"County School Trustee, Position 3, At Large",0547,877,647,1524,2408,63.29%,1005,443,1448
"County School Trustee, Position 3, At Large",0548,720,476,1196,2129,56.18%,516,625,1141
"County School Trustee, Position 3, At Large",0549,944,586,1530,2530,60.47%,205,1268,1473
"County School Trustee, Position 3, At Large",0550,1134,629,1763,2847,61.92%,835,867,1702
"County School Trustee, Position 3, At Large",0551,3088,1527,4615,6135,75.22%,3244,1159,4403
"County School Trustee, Position 3, At Large",0552,1521,844,2465,3241,76.06%,1971,387,2358
"County School Trustee, Position 3, At Large",0553,1465,951,2416,4355,55.48%,1005,1307,2312
"County School Trustee, Position 3, At Large",0554,562,340,902,1731,52.11%,136,709,845
"County School Trustee, Position 3, At Large",0555,597,447,1044,2119,49.27%,168,821,989
"County School Trustee, Position 3, At Large",0556,584,421,1005,2249,44.69%,202,758,960
"County School Trustee, Position 3, At Large",0557,822,556,1378,2726,50.55%,420,849,1269
"County School Trustee, Position 3, At Large",0558,1588,824,2412,4084,59.06%,726,1566,2292
"County School Trustee, Position 3, At Large",0559,1787,899,2686,4633,57.98%,611,1930,2541
"County School Trustee, Position 3, At Large",0560,172,289,461,1176,39.20%,85,338,423
"County School Trustee, Position 3, At Large",0561,837,759,1596,3033,52.62%,845,670,1515
"County School Trustee, Position 3, At Large",0562,201,146,347,645,53.80%,25,306,331
"County School Trustee, Position 3, At Large",0563,1699,415,2114,2969,71.20%,1523,485,2008
"County School Trustee, Position 3, At Large",0564,1150,713,1863,3096,60.17%,465,1262,1727
"County School Trustee, Position 3, At Large",0565,315,194,509,1373,37.07%,87,384,471
"County School Trustee, Position 3, At Large",0566,1122,478,1600,2950,54.24%,404,1130,1534
"County School Trustee, Position 3, At Large",0567,672,394,1066,2198,48.50%,264,707,971
"County School Trustee, Position 3, At Large",0568,1628,837,2465,3487,70.69%,1510,771,2281
"County School Trustee, Position 3, At Large",0569,1294,865,2159,3249,66.45%,1107,893,2000
"County School Trustee, Position 3, At Large",0570,525,409,934,1473,63.41%,386,462,848
"County School Trustee, Position 3, At Large",0571,333,312,645,1758,36.69%,187,409,596
"County School Trustee, Position 3, At Large",0572,1283,574,1857,2998,61.94%,819,935,1754
"County School Trustee, Position 3, At Large",0573,577,368,945,1618,58.41%,12,908,920
"County School Trustee, Position 3, At Large",0574,98,79,177,391,45.27%,16,149,165
"County School Trustee, Position 3, At Large",0575,27,9,36,79,45.57%,32,3,35
"County School Trustee, Position 3, At Large",0576,1050,552,1602,2671,59.98%,45,1507,1552
"County School Trustee, Position 3, At Large",0577,231,113,344,573,60.03%,182,141,323
"County School Trustee, Position 3, At Large",0578,745,553,1298,1689,76.85%,753,434,1187
Office,Precinct,Early Ballots Cast,Election Ballots Cast,Total Ballots Cast,Registered Voters,Percent Turnout,REP Mike Wolfe,DEM Diane Trautman,Totals
"County School Trustee, Position 3, At Large",0579,487,351,838,1806,46.40%,184,606,790
"County School Trustee, Position 3, At Large",0580,429,146,575,1027,55.99%,13,548,561
"County School Trustee, Position 3, At Large",0581,510,162,672,1041,64.55%,18,629,647
"County School Trustee, Position 3, At Large",0582,614,256,870,1613,53.94%,49,793,842
"County School Trustee, Position 3, At Large",0583,544,127,671,1248,53.77%,14,642,656
"County School Trustee, Position 3, At Large",0584,392,139,531,971,54.69%,30,496,526
"County School Trustee, Position 3, At Large",0585,934,304,1238,2403,51.52%,27,1175,1202
"County School Trustee, Position 3, At Large",0585,1306,1189,2495,4230,58.98%,1463,933,2396
"County School Trustee, Position 3, At Large",0587,933,465,1398,2174,64.31%,477,871,1348
"County School Trustee, Position 3, At Large",0588,1536,871,2407,3468,69.41%,1641,660,2301
"County School Trustee, Position 3, At Large",0589,1033,738,1771,3130,56.58%,903,795,1698
"County School Trustee, Position 3, At Large",0590,1158,463,1621,2136,75.89%,1167,386,1553
"County School Trustee, Position 3, At Large",0591,420,449,869,2114,41.11%,207,607,814
"County School Trustee, Position 3, At Large",0592,370,288,658,1258,52.31%,148,481,629
"County School Trustee, Position 3, At Large",0593,1148,999,2147,4059,52.89%,914,1117,2031
"County School Trustee, Position 3, At Large",0594,1031,535,1566,2361,66.33%,432,1083,1515
"County School Trustee, Position 3, At Large",0595,497,380,877,1647,53.25%,134,712,846
"County School Trustee, Position 3, At Large",0596,945,690,1635,2848,57.41%,826,739,1565
"County School Trustee, Position 3, At Large",0597,1067,719,1786,3267,54.67%,599,1117,1716
"County School Trustee, Position 3, At Large",0598,335,103,438,724,60.50%,321,90,411
"County School Trustee, Position 3, At Large",0599,1895,866,2761,4135,66.77%,905,1759,2664
"County School Trustee, Position 3, At Large",0600,1383,869,2252,3820,58.95%,745,1386,2131
"County School Trustee, Position 3, At Large",0601,2028,858,2886,3990,72.33%,2111,667,2778
"County School Trustee, Position 3, At Large",0602,562,296,858,1237,69.36%,579,243,822
"County School Trustee, Position 3, At Large",0603,1437,1163,2600,3917,66.38%,1525,984,2509
"County School Trustee, Position 3, At Large",0604,1444,528,1972,2910,67.77%,1578,308,1886
"County School Trustee, Position 3, At Large",0605,2227,889,3116,5251,59.34%,718,2263,2981
"County School Trustee, Position 3, At Large",0606,420,122,542,1053,51.47%,5,520,525
"County School Trustee, Position 3, At Large",0607,194,118,312,731,42.68%,19,277,296
"County School Trustee, Position 3, At Large",0608,245,290,535,1256,42.60%,191,302,493
"County School Trustee, Position 3, At Large",0609,1364,844,2208,3261,67.71%,1295,778,2073
"County School Trustee, Position 3, At Large",0610,403,398,801,1825,43.89%,330,420,750
"County School Trustee, Position 3, At Large",0611,1120,301,1421,2450,58.00%,36,1350,1386
"County School Trustee, Position 3, At Large",0612,1700,579,2279,3272,69.65%,1628,539,2167
Office,Precinct,Early Ballots Cast,Election Ballots Cast,Total Ballots Cast,Registered Voters,Percent Turnout,REP Mike Wolfe,DEM Diane Trautman,Totals
"County School Trustee, Position 3, At Large",0613,495,309,804,1450,55.45%,117,653,770
"County School Trustee, Position 3, At Large",0614,1631,812,2443,3932,62.13%,782,1558,2340
"County School Trustee, Position 3, At Large",0615,931,404,1335,1926,69.31%,759,515,1274
"County School Trustee, Position 3, At Large",0616,1352,970,2322,3378,68.74%,1541,660,2201
"County School Trustee, Position 3, At Large",0617,1318,849,2167,3546,61.11%,748,1333,2081
"County School Trustee, Position 3, At Large",0618,1920,1021,2941,5344,55.03%,1243,1584,2827
"County School Trustee, Position 3, At Large",0619,2133,857,2990,4266,70.09%,2136,719,2855
"County School Trustee, Position 3, At Large",0620,2382,856,3238,5271,61.43%,1475,1568,3043
"County School Trustee, Position 3, At Large",0621,397,203,600,1173,51.15%,279,289,568
"County School Trustee, Position 3, At Large",0622,1722,829,2551,4305,59.26%,1426,997,2423
"County School Trustee, Position 3, At Large",0623,1708,626,2334,3481,67.05%,1423,782,2205
"County School Trustee, Position 3, At Large",0624,9,0,9,16,56.25%,4,5,9
"County School Trustee, Position 3, At Large",0625,862,454,1316,1796,73.27%,705,510,1215
"County School Trustee, Position 3, At Large",0626,1148,655,1803,2838,63.53%,835,854,1689
"County School Trustee, Position 3, At Large",0627,795,647,1442,2964,48.65%,391,965,1356
"County School Trustee, Position 3, At Large",0628,292,456,748,1600,46.75%,298,412,710
"County School Trustee, Position 3, At Large",0629,175,127,302,629,48.01%,19,277,296
"County School Trustee, Position 3, At Large",0630,2018,535,2553,3190,80.03%,212,2250,2462
"County School Trustee, Position 3, At Large",0631,1489,392,1881,2733,68.83%,1288,498,1786
"County School Trustee, Position 3, At Large",0632,12,9,21,231,9.09%,6,12,18
"County School Trustee, Position 3, At Large",0633,1782,678,2460,3257,75.53%,1718,621,2339
"County School Trustee, Position 3, At Large",0634,1020,734,1754,2922,60.03%,1052,618,1670
"County School Trustee, Position 3, At Large",0635,1326,706,2032,3280,61.95%,1485,463,1948
"County School Trustee, Position 3, At Large",0636,1791,974,2765,3881,71.24%,2301,351,2652
"County School Trustee, Position 3, At Large",0637,739,509,1248,2471,50.51%,267,884,1151
"County School Trustee, Position 3, At Large",0638,740,684,1424,2078,68.53%,83,1278,1361
"County School Trustee, Position 3, At Large",0639,828,711,1539,2501,61.54%,1167,303,1470
"County School Trustee, Position 3, At Large",0640,1382,723,2105,3548,59.33%,1159,847,2006
"County School Trustee, Position 3, At Large",0641,1265,878,2143,3375,63.50%,1271,778,2049
"County School Trustee, Position 3, At Large",0642,871,447,1318,1779,74.09%,1039,216,1255
"County School Trustee, Position 3, At Large",0643,2157,994,3151,5310,59.34%,1158,1842,3000
"County School Trustee, Position 3, At Large",0644,2123,1204,3327,5261,63.24%,2012,1137,3149
"County School Trustee, Position 3, At Large",0645,1639,895,2534,4035,62.80%,1115,1276,2391
"County School Trustee, Position 3, At Large",0646,708,456,1164,2163,53.81%,316,786,1102
Office,Precinct,Early Ballots Cast,Election Ballots Cast,Total Ballots Cast,Registered Voters,Percent Turnout,REP Mike Wolfe,DEM Diane Trautman,Totals
"County School Trustee, Position 3, At Large",0647,1770,1020,2790,5593,49.88%,677,1905,2582
"County School Trustee, Position 3, At Large",0648,1590,668,2258,3197,70.63%,1522,639,2161
"County School Trustee, Position 3, At Large",0649,1389,854,2243,4426,50.68%,592,1527,2119
"County School Trustee, Position 3, At Large",0650,1328,939,2267,3151,71.95%,1604,554,2158
"County School Trustee, Position 3, At Large",0651,2085,1070,3155,4931,63.98%,1900,1100,3000
"County School Trustee, Position 3, At Large",0652,1049,653,1702,2633,64.64%,266,1381,1647
"County School Trustee, Position 3, At Large",0653,0,8,8,0,0.00%,2,6,8
"County School Trustee, Position 3, At Large",0654,2103,1344,3447,5765,59.79%,1680,1572,3252
"County School Trustee, Position 3, At Large",0655,2612,1451,4063,6304,64.45%,2457,1389,3846
"County School Trustee, Position 3, At Large",0656,1198,421,1619,2622,61.75%,48,1523,1571
"County School Trustee, Position 3, At Large",0657,490,268,758,1200,63.17%,290,430,720
"County School Trustee, Position 3, At Large",0658,985,708,1693,2824,59.95%,983,645,1628
"County School Trustee, Position 3, At Large",0659,2141,1091,3232,4588,70.44%,2195,903,3098
"County School Trustee, Position 3, At Large",0660,2460,932,3392,5048,67.19%,311,2960,3271
"County School Trustee, Position 3, At Large",0661,1614,1012,2626,4179,62.84%,1338,1145,2483
"County School Trustee, Position 3, At Large",0662,2477,999,3476,4807,72.31%,2702,627,3329
"County School Trustee, Position 3, At Large",0663,1302,913,2215,3232,68.53%,1137,915,2052
"County School Trustee, Position 3, At Large",0664,681,607,1288,2801,45.98%,273,948,1221
"County School Trustee, Position 3, At Large",0665,951,394,1345,2007,67.02%,1063,216,1279
"County School Trustee, Position 3, At Large",0666,0,1,1,0,0.00%,0,1,1
"County School Trustee, Position 3, At Large",0657,989,547,1536,2181,70.43%,1109,336,1445
"County School Trustee, Position 3, At Large",0668,927,655,1582,2458,64.36%,949,566,1515
"County School Trustee, Position 3, At Large",0669,1606,823,2429,3243,74.90%,1641,659,2300
"County School Trustee, Position 3, At Large",0670,1566,518,2084,2952,70.60%,1532,438,1970
"County School Trustee, Position 3, At Large",0671,1090,773,1863,2942,63.32%,1040,710,1750
"County School Trustee, Position 3, At Large",0672,2301,1078,3379,4710,71.74%,2180,1071,3251
"County School Trustee, Position 3, At Large",0673,1376,643,2019,2988,67.57%,1528,384,1912
"County School Trustee, Position 3, At Large",0674,2092,813,2905,4055,71.64%,2078,741,2819
"County School Trustee, Position 3, At Large",0675,0,0,0,0,0.00%,0,0,0
"County School Trustee, Position 3, At Large",0676,0,0,0,0,0.00%,0,0,0
"County School Trustee, Position 3, At Large",0677,220,239,459,954,48.11%,118,314,432
"County School Trustee, Position 3, At Large",0678,297,164,461,756,60.98%,296,133,429
"County School Trustee, Position 3, At Large",0679,1466,661,2127,3331,63.85%,1511,498,2009
"County School Trustee, Position 3, At Large",0680,56,22,78,181,43.09%,33,37,70
Office,Precinct,Early Ballots Cast,Election Ballots Cast,Total Ballots Cast,Registered Voters,Percent Turnout,REP Mike Wolfe,DEM Diane Trautman,Totals
"County School Trustee, Position 3, At Large",0681,1,0,1,5,20.00%,0,1,1
"County School Trustee, Position 3, At Large",0682,1673,912,2585,4134,62.53%,1803,667,2470
"County School Trustee, Position 3, At Large",0683,48,50,98,261,37.55%,22,70,92
"County School Trustee, Position 3, At Large",0684,72,24,96,187,51.34%,56,33,89
"County School Trustee, Position 3, At Large",0685,167,29,196,326,60.12%,85,99,184
"County School Trustee, Position 3, At Large",0686,46,34,80,196,40.82%,17,58,75
"County School Trustee, Position 3, At Large",0687,1084,641,1725,2497,69.08%,1105,499,1604
"County School Trustee, Position 3, At Large",0688,1815,673,2488,3266,76.18%,1918,448,2366
"County School Trustee, Position 3, At Large",0689,505,651,1156,2276,50.79%,516,549,1065
"County School Trustee, Position 3, At Large",0690,1965,1116,3081,4184,73.64%,2350,597,2947
"County School Trustee, Position 3, At Large",0691,10,2,12,34,35.29%,4,8,12
"County School Trustee, Position 3, At Large",0692,999,717,1716,2626,65.35%,1212,426,1638
"County School Trustee, Position 3, At Large",0693,303,116,419,651,64.36%,99,285,384
"County School Trustee, Position 3, At Large",0694,420,137,557,817,68.18%,350,178,528
"County School Trustee, Position 3, At Large",0695,454,320,774,1646,47.02%,457,280,737
"County School Trustee, Position 3, At Large",0696,600,373,973,2098,46.38%,566,364,930
"County School Trustee, Position 3, At Large",0697,1516,941,2457,4307,57.05%,525,1839,2364
"County School Trustee, Position 3, At Large",0698,1137,659,1796,2948,60.92%,168,1562,1730
"County School Trustee, Position 3, At Large",0699,1031,566,1597,2288,69.80%,979,501,1480
"County School Trustee, Position 3, At Large",0700,531,287,818,1313,62.30%,639,145,784
"County School Trustee, Position 3, At Large",0701,142,115,257,554,46.39%,124,123,247
"County School Trustee, Position 3, At Large",0702,150,123,273,549,49.73%,26,234,260
"County School Trustee, Position 3, At Large",0703,742,616,1358,1845,73.60%,925,339,1264
"County School Trustee, Position 3, At Large",0704,1334,701,2035,2882,70.61%,1599,332,1931
"County School Trustee, Position 3, At Large",0705,358,238,596,1520,39.21%,56,518,574
"County School Trustee, Position 3, At Large",0706,222,135,357,529,67.49%,161,184,345
"County School Trustee, Position 3, At Large",0707,284,136,420,707,59.41%,230,160,390
"County School Trustee, Position 3, At Large",0708,109,95,204,568,35.92%,93,99,192
"County School Trustee, Position 3, At Large",0709,2996,1297,4293,6239,68.81%,2462,1663,4125
"County School Trustee, Position 3, At Large",0710,877,602,1479,2023,73.11%,812,546,1358
"County School Trustee, Position 3, At Large",0711,1492,701,2193,3351,65.44%,1255,806,2061
"County School Trustee, Position 3, At Large",0712,1200,858,2058,3348,61.47%,798,1198,1996
"County School Trustee, Position 3, At Large",0713,665,436,1101,1827,60.26%,554,494,1048
"County School Trustee, Position 3, At Large",0714,77,3,80,304,26.32%,48,25,73
Office,Precinct,Early Ballots Cast,Election Ballots Cast,Total Ballots Cast,Registered Voters,Percent Turnout,REP Mike Wolfe,DEM Diane Trautman,Totals
"County School Trustee, Position 3, At Large",0715,405,326,731,1380,52.97%,349,338,687
"County School Trustee, Position 3, At Large",0716,977,622,1599,2670,59.89%,1096,431,1527
"County School Trustee, Position 3, At Large",0717,826,362,1188,1927,61.65%,149,991,1140
"County School Trustee, Position 3, At Large",0718,1844,1019,2863,4050,70.69%,1811,862,2673
"County School Trustee, Position 3, At Large",0719,508,260,768,1617,47.50%,406,313,719
"County School Trustee, Position 3, At Large",0720,1575,1044,2619,3903,67.10%,1836,684,2520
"County School Trustee, Position 3, At Large",0721,1334,637,1971,2842,69.35%,1256,588,1844
"County School Trustee, Position 3, At Large",0722,1892,642,2534,4357,58.16%,151,2288,2439
"County School Trustee, Position 3, At Large",0723,747,329,1076,1760,61.14%,209,820,1029
"County School Trustee, Position 3, At Large",0724,325,170,495,716,69.13%,329,144,473
"County School Trustee, Position 3, At Large",0725,953,329,1282,2124,60.36%,506,706,1212
"County School Trustee, Position 3, At Large",0726,1141,304,1445,1987,72.72%,1225,158,1383
"County School Trustee, Position 3, At Large",0727,931,466,1397,2488,56.15%,318,1022,1340
"County School Trustee, Position 3, At Large",0728,343,208,551,881,62.54%,294,220,514
"County School Trustee, Position 3, At Large",0729,208,93,301,446,67.49%,173,114,287
"County School Trustee, Position 3, At Large",0730,800,437,1237,1630,75.89%,794,346,1140
"County School Trustee, Position 3, At Large",0731,121,36,157,373,42.09%,25,120,145
"County School Trustee, Position 3, At Large",0732,701,543,1244,1895,65.65%,716,448,1164
"County School Trustee, Position 3, At Large",0733,25,62,87,172,50.58%,28,52,80
"County School Trustee, Position 3, At Large",0734,3209,1114,4323,5952,72.63%,2834,1326,4160
"County School Trustee, Position 3, At Large",0735,9,0,9,23,39.1,3%,9,0,9
"County School Trustee, Position 3, At Large",0736,6,1,7,21,33.33%,1,5,6
"County School Trustee, Position 3, At Large",0737,25,5,30,53,56.60%,24,6,30
"County School Trustee, Position 3, At Large",0738,470,219,689,1294,53.25%,79,589,668
"County School Trustee, Position 3, At Large",0739,1005,490,1495,2872,52.05%,636,803,1439
"County School Trustee, Position 3, At Large",0740,233,205,438,935,46.84%,233,187,420
"County School Trustee, Position 3, At Large",0741,0,0,0,0,0.00%,0,0,0
"County School Trustee, Position 3, At Large",0742,0,0,0,0,0.00%,0,0,0
"County School Trustee, Position 3, At Large",0743,27,4,31,199,15.58%,13,16,29
"County School Trustee, Position 3, At Large",0744,848,509,1357,2024,67.05%,831,447,1278
"County School Trustee, Position 3, At Large",0745,1066,542,1608,2396,67.11%,970,551,1521
"County School Trustee, Position 3, At Large",0746,230,151,381,707,53.89%,171,175,346
"County School Trustee, Position 3, At Large",0747,1200,873,2073,3490,59.40%,938,1058,1996
"County School Trustee, Position 3, At Large",0748,420,307,727,1319,55.12%,309,371,680
Office,Precinct,Early Ballots Cast,Election Ballots Cast,Total Ballots Cast,Registered Voters,Percent Turnout,REP Mike Wolfe,DEM Diane Trautman,Totals
"County School Trustee, Position 3, At Large",0749,99,57,156,359,43.45%,27,117,144
"County School Trustee, Position 3, At Large",0750,264,147,411,720,57.08%,225,165,390
"County School Trustee, Position 3, At Large",0751,1664,1254,2918,4451,65.56%,1886,893,2779
"County School Trustee, Position 3, At Large",0752,571,277,848,1511,56.12%,581,225,806
"County School Trustee, Position 3, At Large",0753,106,61,167,260,64.23%,107,55,162
"County School Trustee, Position 3, At Large",0754,0,0,0,0,0.00%,0,0,0
"County School Trustee, Position 3, At Large",0755,1048,896,1944,3569,54.47%,699,1150,1849
"County School Trustee, Position 3, At Large",0756,582,300,882,1539,57.31%,290,545,835
"County School Trustee, Position 3, At Large",0757,1416,690,2106,3498,60.21%,320,1717,2037
"County School Trustee, Position 3, At Large",0758,1996,783,2779,3781,73.50%,2107,524,2631
"County School Trustee, Position 3, At Large",0759,1109,590,1699,2625,64.72%,979,613,1592
"County School Trustee, Position 3, At Large",0760,2346,647,2993,4154,72.05%,2378,478,2856
"County School Trustee, Position 3, At Large",0761,917,219,1136,1464,77.60%,784,277,1061
"County School Trustee, Position 3, At Large",0762,0,0,0,0,0.00%,0,0,0
"County School Trustee, Position 3, At Large",0763,255,308,563,1184,47.55%,186,344,530
"County School Trustee, Position 3, At Large",0764,2270,1050,3320,4931,67.33%,2019,1157,3176
"County School Trustee, Position 3, At Large",0765,1390,815,2205,3967,55.58%,737,1363,2100
"County School Trustee, Position 3, At Large",0766,71,92,163,383,42.56%,34,110,144
"County School Trustee, Position 3, At Large",0767,20,15,35,90,38.89%,24,8,32
"County School Trustee, Position 3, At Large",0768,2854,1159,4013,5364,74.81%,3087,769,3856
"County School Trustee, Position 3, At Large",0769,117,5,122,161,75.78%,5,111,116
"County School Trustee, Position 3, At Large",0770,58,48,106,262,40.46%,44,57,101
"County School Trustee, Position 3, At Large",0771,701,537,1238,2378,52.06%,597,571,1168
"County School Trustee, Position 3, At Large",0772,2927,1002,3929,5617,69.95%,2836,920,3756
"County School Trustee, Position 3, At Large",0773,892,550,1442,2648,54.46%,339,1025,1364
"County School Trustee, Position 3, At Large",0774,116,74,190,301,63.12%,40,144,184
"County School Trustee, Position 3, At Large",0775,33,1,34,83,40.96%,0,33,33
"County School Trustee, Position 3, At Large",0776,1113,741,1854,2855,64.94%,1045,733,1778
"County School Trustee, Position 3, At Large",0777,83,123,206,642,32.09%,49,149,198
"County School Trustee, Position 3, At Large",0778,0,0,0,0,0.00%,0,0,0
"County School Trustee, Position 3, At Large",0779,295,221,516,1146,45.03%,154,327,481
"County School Trustee, Position 3, At Large",0780,136,114,250,579,43.18%,103,135,238
"County School Trustee, Position 3, At Large",0781,1152,655,1807,3716,48.63%,629,997,1626
"County School Trustee, Position 3, At Large",0782,851,532,1383,2188,63.21%,801,489,1290
Office,Precinct,Early Ballots Cast,Election Ballots Cast,Total Ballots Cast,Registered Voters,Percent Turnout,REP Mike Wolfe,DEM Diane Trautman,Totals
"County School Trustee, Position 3, At Large",0783,103,43,146,265,55.09%,80,59,139
"County School Trustee, Position 3, At Large",0784,428,156,584,1071,54.53%,7,556,563
"County School Trustee, Position 3, At Large",0785,66,55,121,310,39.03%,65,54,119
"County School Trustee, Position 3, At Large",0786,193,277,470,1297,36.24%,137,310,447
"County School Trustee, Position 3, At Large",0787,154,76,230,487,47.23%,69,143,212
"County School Trustee, Position 3, At Large",0788,156,58,214,481,44.49%,71,133,204
"County School Trustee, Position 3, At Large",0789,3,1,4,4,100.00%,0,2,2
"County School Trustee, Position 3, At Large",0790,1,0,1,4,25.00%,0,1,1
"County School Trustee, Position 3, At Large",0791,0,0,0,0,0.00%,0,0,0
"County School Trustee, Position 3, At Large",0792,549,409,958,1834,52.24%,210,697,907
"County School Trustee, Position 3, At Large",0793,889,338,1227,2437,50.35%,669,504,1173
"County School Trustee, Position 3, At Large",0794,575,484,1059,2602,40.70%,79,942,1021
"County School Trustee, Position 3, At Large",0795,265,255,520,1207,43.08%,147,319,466
"County School Trustee, Position 3, At Large",0796,145,92,237,485,48.87%,112,110,222
"County School Trustee, Position 3, At Large",0797,0,0,0,0,0.00%,0,0,0
"County School Trustee, Position 3, At Large",0798,176,263,439,496,88.51%,119,278,397
"County School Trustee, Position 3, At Large",0799,65,12,77,146,52.74%,15,58,73
"County School Trustee, Position 3, At Large",0800,1188,795,1983,2817,70.39%,1277,595,1872
"County School Trustee, Position 3, At Large",0801,68,55,123,253,48.62%,36,81,117
"County School Trustee, Position 3, At Large",0802,98,58,156,299,52.17%,32,112,144
"County School Trustee, Position 3, At Large",0803,1305,530,1935,2718,71.19%,1391,450,1841
"County School Trustee, Position 3, At Large",0804,1806,960,2766,4348,63.62%,1592,1036,2628
"County School Trustee, Position 3, At Large",0805,1509,529,2038,2812,72.48%,1569,360,1929
"County School Trustee, Position 3, At Large",0806,0,0,0,0,0.00%,0,0,0
"County School Trustee, Position 3, At Large",0807,652,402,1054,2001,52.67%,147,856,1003
"County School Trustee, Position 3, At Large",0808,41,26,67,84,79.76%,27,32,59
"County School Trustee, Position 3, At Large",0809,21,e,27,86,31.40%,8,16,24
"County School Trustee, Position 3, At Large",0810,30,48,78,215,36.28%,17,54,71
"County School Trustee, Position 3, At Large",0811,39,106,145,271,53.51%,27,107,134
"County School Trustee, Position 3, At Large",0812,0,0,0,0,0.00%,0,0,0
"County School Trustee, Position 3, At Large",0813,1967,1258,3225,5423,59.47%,1499,1608,3107
"County School Trustee, Position 3, At Large",0814,1772,955,2727,4503,60.56%,576,2028,2604
"County School Trustee, Position 3, At Large",0815,0,0,0,0,0.00%,0,0,0
"County School Trustee, Position 3, At Large",0816,20,13,33,76,43.42%,6,26,32
Office,Precinct,Early Ballots Cast,Election Ballots Cast,Total Ballots Cast,Registered Voters,Percent Turnout,REP Mike Wolfe,DEM Diane Trautman,Totals
"County School Trustee, Position 3, At Large",0817,0,0,0,0,0.00%,0,0,0
"County School Trustee, Position 3, At Large",0818,134,101,235,527,44.59%,44,183,227
"County School Trustee, Position 3, At Large",0819,97,45,142,238,59.66%,83,40,123
"County School Trustee, Position 3, At Large",0820,0,0,0,0,0.00%,0,0,0
"County School Trustee, Position 3, At Large",0821,354,203,557,1206,46.19%,41,493,534
"County School Trustee, Position 3, At Large",0822,584,282,866,1544,56.09%,24,816,840
"County School Trustee, Position 3, At Large",0823,1849,1015,2864,4710,60.81%,1422,1309,2731
"County School Trustee, Position 3, At Large",0824,984,471,1455,2729,53.32%,302,1101,1403
"County School Trustee, Position 3, At Large",0825,0,0,0,0,0.00%,0,0,0
"County School Trustee, Position 3, At Large",0826,153,89,242,342,70.76%,131,95,226
"County School Trustee, Position 3, At Large",0827,169,186,355,997,35.61%,130,208,338
"County School Trustee, Position 3, At Large",0828,1074,343,1417,1875,75.57%,1098,247,1345
"County School Trustee, Position 3, At Large",0829,107,56,163,266,61.28%,34,126,160
"County School Trustee, Position 3, At Large",0830,0,0,0,1,0.00%,0,0,0
"County School Trustee, Position 3, At Large",0831,0,0,0,0,0.00%,0,0,0
"County School Trustee, Position 3, At Large",0832,109,46,155,351,44.16%,40,105,145
"County School Trustee, Position 3, At Large",0833,8,1,9,20,45.00%,0,9,9
"County School Trustee, Position 3, At Large",0834,0,0,0,0,0.00%,0,0,0
"County School Trustee, Position 3, At Large",0835,87,53,140,292,47.95%,36,98,134
"County School Trustee, Position 3, At Large",0836,8,3,11,19,57.89%,0,9,9
"County School Trustee, Position 3, At Large",0837,0,0,0,0,0.00%,0,0,0
"County School Trustee, Position 3, At Large",0838,0,0,0,0,0.00%,0,0,0
"County School Trustee, Position 3, At Large",0839,353,240,593,1122,52.85%,106,447,553
"County School Trustee, Position 3, At Large",0840,712,251,963,1621,59.41%,314,614,928
"County School Trustee, Position 3, At Large",0841,0,2,2,0,0.00%,0,2,2
"County School Trustee, Position 3, At Large",0842,987,715,1702,3091,55.06%,723,902,1625
"County School Trustee, Position 3, At Large",0843,0,2,2,0,0.00%,0,2,2
"County School Trustee, Position 3, At Large",0844,2,4,6,1,3,46.1,5%,1,4,5
"County School Trustee, Position 3, At Large",0845,85,10,95,100,95.00%,52,36,88
"County School Trustee, Position 3, At Large",0846,70,29,99,210,47.14%,5,91,96
"County School Trustee, Position 3, At Large",0847,795,321,1116,1804,61.86%,291,783,1074
"County School Trustee, Position 3, At Large",0848,782,431,1213,1873,64.76%,357,803,1160
"County School Trustee, Position 3, At Large",0849,553,514,1067,2073,51.47%,323,678,1001
"County School Trustee, Position 3, At Large",0850,87,38,125,205,60.98%,48,71,119
Office,Precinct,Early Ballots Cast,Election Ballots Cast,Total Ballots Cast,Registered Voters,Percent Turnout,REP Mike Wolfe,DEM Diane Trautman,Totals
"County School Trustee, Position 3, At Large",0851,2192,816,3008,4317,69.68%,1889,973,2862
"County School Trustee, Position 3, At Large",0852,0,4,4,2,200.00%,0,4,4
"County School Trustee, Position 3, At Large",0853,1412,605,2017,2773,72.74%,1485,427,1912
"County School Trustee, Position 3, At Large",0854,41,30,71,175,40.57%,4,65,69
"County School Trustee, Position 3, At Large",0855,4,13,17,18,94.44%,8,9,17
"County School Trustee, Position 3, At Large",0856,0,4,4,0,0.00%,1,2,3
"County School Trustee, Position 3, At Large",0857,0,0,0,1,0.00%,0,0,0
"County School Trustee, Position 3, At Large",0858,132,18,150,372,40.32%,4,141,145
"County School Trustee, Position 3, At Large",0859,309,201,510,860,59.30%,97,402,499
"County School Trustee, Position 3, At Large",0860,0,1,1,0,0.00%,1,0,1
"County School Trustee, Position 3, At Large",0861,705,319,1024,1786,57.33%,172,822,994
"County School Trustee, Position 3, At Large",0862,0,0,0,0,0.00%,0,0,0
"County School Trustee, Position 3, At Large",0863,210,69,279,620,45.00%,10,262,272
"County School Trustee, Position 3, At Large",0864,497,609,1106,2464,44.89%,263,783,1046
"County School Trustee, Position 3, At Large",0865,9,2,11,23,47.83%,0,11,11
"County School Trustee, Position 3, At Large",0866,0,0,0,0,0.00%,0,0,0
"County School Trustee, Position 3, At Large",0867,0,0,0,0,0.00%,0,0,0
"County School Trustee, Position 3, At Large",0868,573,586,1159,2292,50.57%,334,768,1102
"County School Trustee, Position 3, At Large",0869,153,76,229,473,48.41%,33,189,222
"County School Trustee, Position 3, At Large",0870,0,0,0,0,0.00%,0,0,0
"County School Trustee, Position 3, At Large",0871,3,0,3,4,75.00%,0,3,3
"County School Trustee, Position 3, At Large",0872,13,5,18,66,27.27%,9,7,16
"County School Trustee, Position 3, At Large",0873,253,125,378,701,53.92%,88,282,370
"County School Trustee, Position 3, At Large",0874,1534,748,2282,3107,73.45%,1701,483,2184
"County School Trustee, Position 3, At Large",0875,1719,927,2646,4031,65.64%,1222,1315,2537
"County School Trustee, Position 3, At Large",0876,1629,639,2268,3013,75.27%,1574,592,2166
"County School Trustee, Position 3, At Large",0877,1030,642,1672,2480,67.42%,680,937,1617
"County School Trustee, Position 3, At Large",0878,853,350,1203,1641,73.31%,978,170,1148
"County School Trustee, Position 3, At Large",0879,890,527,1417,2334,60.71%,631,730,1361
"County School Trustee, Position 3, At Large",0880,1068,472,1540,2007,76.73%,1135,321,1456
"County School Trustee, Position 3, At Large",0881,1510,877,2387,3619,65.96%,737,1567,2304
"County School Trustee, Position 3, At Large",0882,940,457,1397,2328,60.01%,748,592,1340
"County School Trustee, Position 3, At Large",0883,1918,1042,2960,4651,63.64%,497,2377,2874
"County School Trustee, Position 3, At Large",0884,118,37,155,330,46.97%,20,130,150
Office,Precinct,Early Ballots Cast,Election Ballots Cast,Total Ballots Cast,Registered Voters,Percent Turnout,REP Mike Wolfe,DEM Diane Trautman,Totals
"County School Trustee, Position 3, At Large",0885,1222,541,1763,2466,71.49%,1009,682,1691
"County School Trustee, Position 3, At Large",0886,301,154,455,713,63.81%,221,189,410
"County School Trustee, Position 3, At Large",0887,138,83,221,313,70.61%,119,74,193
"County School Trustee, Position 3, At Large",0888,0,0,0,0,0.00%,0,0,0
"County School Trustee, Position 3, At Large",0889,22,0,22,61,36.07%,13,8,21
"County School Trustee, Position 3, At Large",0890,319,118,437,994,43.96%,151,259,410
"County School Trustee, Position 3, At Large",0891,539,392,931,1413,65.89%,341,531,872
"County School Trustee, Position 3, At Large",0892,193,130,323,696,46.41%,83,213,296
"County School Trustee, Position 3, At Large",0893,1,0,1,5,20.00%,0,1,1
"County School Trustee, Position 3, At Large",0894,0,31,31,0,0.00%,7,21,28
"County School Trustee, Position 3, At Large",0895,335,325,660,784,84.18%,253,337,590
"County School Trustee, Position 3, At Large",0896,670,303,973,1437,67.71%,357,531,888
"County School Trustee, Position 3, At Large",0897,742,375,1117,1624,68.78%,598,470,1068
"County School Trustee, Position 3, At Large",0898,0,0,0,2,0.00%,0,0,0
"County School Trustee, Position 3, At Large",0899,4,0,4,8,50.00%,0,4,4
"County School Trustee, Position 3, At Large",0900,5,0,5,12,41.67%,1,3,4
"County School Trustee, Position 3, At Large",0901,0,0,0,0,0.00%,0,0,0
"County School Trustee, Position 3, At Large",0902,865,621,1486,2065,71.96%,815,558,1373
"County School Trustee, Position 3, At Large",0903,10,1,11,41,26.83%,6,4,10
"County School Trustee, Position 3, At Large",0904,0,1,1,1,100.00%,0,1,1
"County School Trustee, Position 3, At Large",0905,290,168,458,908,50.44%,171,247,418
"County School Trustee, Position 3, At Large",0906,12,6,18,26,69.23%,9,8,17
"County School Trustee, Position 3, At Large",0907,60,43,103,134,76.87%,21,80,101
"County School Trustee, Position 3, At Large",0908,0,0,0,0,0.00%,0,0,0
"County School Trustee, Position 3, At Large",0909,5,7,12,19,63.16%,5,6,11
"County School Trustee, Position 3, At Large",0910,55,34,89,226,39.38%,35,49,84
"County School Trustee, Position 3, At Large",0911,227,79,306,570,53.68%,190,98,288
"County School Trustee, Position 3, At Large",0912,675,221,896,1235,72.55%,536,299,835
"County School Trustee, Position 3, At Large",0913,0,0,0,0,0.00%,0,0,0
"County School Trustee, Position 3, At Large",0914,169,67,236,221,106.79%,177,43,220
"County School Trustee, Position 3, At Large",0915,0,0,0,0,0.00%,0,0,0
"County School Trustee, Position 3, At Large",0916,604,182,786,1045,75.22%,631,116,747
"County School Trustee, Position 3, At Large",0917,280,137,417,481,86.69%,277,106,383
"County School Trustee, Position 3, At Large",0918,489,135,624,883,70.67%,457,129,586
Office,Precinct,Early Ballots Cast,Election Ballots Cast,Total Ballots Cast,Registered Voters,Percent Turnout,REP Mike Wolfe,DEM Diane Trautman,Totals
"County School Trustee, Position 3, At Large",0919,0,3,3,3,100.00%,1,2,3
"County School Trustee, Position 3, At Large",0920,6,0,6,13,46.15%,6,0,6
"County School Trustee, Position 3, At Large",0921,71,9,80,87,91.95%,62,18,80
"County School Trustee, Position 3, At Large",0922,0,2,2,0,0.00%,1,1,2
"County School Trustee, Position 3, At Large",0923,663,87,750,826,90.80%,559,163,722
"County School Trustee, Position 3, At Large",0924,0,0,0,0,0.00%,0,0,0
"County School Trustee, Position 3, At Large",0925,0,0,0,0,0.00%,0,0,0
"County School Trustee, Position 3, At Large",0926,351,1,20,481,621,77.46%,359,98,457
"County School Trustee, Position 3, At Large",0927,84,74,158,262,60.31%,76,74,150
"County School Trustee, Position 3, At Large",0928,4,2,6,9,66.67%,0,6,6
"County School Trustee, Position 3, At Large",0929,0,0,0,0,0.00%,0,0,0
"County School Trustee, Position 3, At Large",0930,200,77,277,567,48.85%,4,265,269
"County School Trustee, Position 3, At Large",0931,48,53,101,122,82.79%,45,43,88
"County School Trustee, Position 3, At Large",0932,0,5,5,0,0.00%,1,4,5
"County School Trustee, Position 3, At Large",0933,233,1,21,354,566,62.54%,87,249,336
"County School Trustee, Position 3, At Large",0934,12,1,13,41,31.71%,5,8,13
"County School Trustee, Position 3, At Large",0935,8,17,25,65,38.46%,12,12,24
"County School Trustee, Position 3, At Large",0936,12,10,22,70,31.43%,7,12,19
"County School Trustee, Position 3, At Large",0937,0,0,0,0,0.00%,0,0,0
"County School Trustee, Position 3, At Large",0938,73,14,87,256,33.98%,23,62,85
"County School Trustee, Position 3, At Large",0939,1,0,1,1,100.00%,0,1,1
"County School Trustee, Position 3, At Large",0940,1,0,1,13,7.69%,0,1,1
"County School Trustee, Position 3, At Large",0941,13,9,22,25,88.00%,20,2,22
"County School Trustee, Position 3, At Large",0942,68,24,92,159,57.86%,71,14,85
"County School Trustee, Position 3, At Large",0943,296,63,359,536,66.98%,241,89,330
"County School Trustee, Position 3, At Large",0944,30,6,36,39,92.31%,29,4,33
"County School Trustee, Position 3, At Large",0945,4,7,11,16,68.75%,0,8,8
"County School Trustee, Position 3, At Large",0946,3,3,6,14,42.86%,0,4,4
"County School Trustee, Position 3, At Large",0947,320,292,612,822,74.45%,296,249,545
"County School Trustee, Position 3, At Large",0948,0,0,0,0,0.00%,0,0,0
"County School Trustee, Position 3, At Large",0949,59,37,96,201,47.76%,40,53,93
"County School Trustee, Position 3, At Large",0950,0,0,0,0,0.00%,0,0,0
"County School Trustee, Position 3, At Large",0951,79,44,123,218,56.42%,24,96,120
"County School Trustee, Position 3, At Large",0952,24,16,40,70,57.14%,17,19,36
Office,Precinct,Early Ballots Cast,Election Ballots Cast,Total Ballots Cast,Registered Voters,Percent Turnout,REP Mike Wolfe,DEM Diane Trautman,Totals
"County School Trustee, Position 3, At Large",0953,59,52,111,420,26.43%,8,101,109
"County School Trustee, Position 3, At Large",0954,0,0,0,0,0.00%,0,0,0
"County School Trustee, Position 3, At Large",0955,5,20,25,18,138.89%,14,9,23
"County School Trustee, Position 3, At Large",0956,5,2,7,12,58.33%,4,3,7
"County School Trustee, Position 3, At Large",0957,261,115,376,551,68.24%,54,308,362
"County School Trustee, Position 3, At Large",0958,289,266,555,989,56.12%,113,410,523
"County School Trustee, Position 3, At Large",0959,0,4,4,0,0.00%,0,4,4
"County School Trustee, Position 3, At Large",0960,362,143,505,586,86.18%,131,360,491
"County School Trustee, Position 3, At Large",0961,23,11,34,53,64.15%,8,26,34
"County School Trustee, Position 3, At Large",0962,24,13,37,73,50.68%,7,26,33
"County School Trustee, Position 3, At Large",0963,129,69,198,353,56.09%,106,80,186
"County School Trustee, Position 3, At Large",0964,945,447,1392,1571,88.61%,810,530,1340
"County School Trustee, Position 3, At Large",0965,93,27,120,355,33.80%,73,40,113
"County School Trustee, Position 3, At Large",0966,305,160,465,1073,43.34%,126,313,439
"County School Trustee, Position 3, At Large",0967,48,15,63,98,64.29%,25,36,61
"County School Trustee, Position 3, At Large",0968,243,83,326,517,63.06%,63,254,317
"County School Trustee, Position 3, At Large",0969,335,82,417,584,71.40%,3,403,406
"County School Trustee, Position 3, At Large",0970,212,76,288,704,40.91%,28,241,269
"County School Trustee, Position 3, At Large",0971,27,21,48,129,37.21%,1,47,48
"County School Trustee, Position 3, At Large",0972,10,7,17,29,58.62%,11,5,16
"County School Trustee, Position 3, At Large",0973,49,24,73,107,68.22%,38,32,70
"County School Trustee, Position 3, At Large",0974,100,71,171,299,57.19%,107,57,164
"County School Trustee, Position 3, At Large",0975,72,41,113,170,66.47%,51,52,103
"County School Trustee, Position 3, At Large",0976,159,131,290,684,42.40%,163,108,271
"County School Trustee, Position 3, At Large",0977,104,83,187,535,34.95%,67,112,179
"County School Trustee, Position 3, At Large",0978,201,102,303,506,59.88%,51,241,292
"County School Trustee, Position 3, At Large",0979,5,e,11,26,42.31%,11,0,11
"County School Trustee, Position 3, At Large",0980,595,356,951,1323,71.88%,669,225,894
"County School Trustee, Position 3, At Large",0981,0,0,0,0,0.00%,0,0,0
"County School Trustee, Position 3, At Large",0982,534,218,752,1021,73.65%,574,141,715
"County School Trustee, Position 3, At Large",0983,41,28,69,165,41.82%,37,27,64
"County School Trustee, Position 3, At Large",0984,43,49,92,198,46.46%,7,81,88
"County School Trustee, Position 3, At Large",0985,172,67,239,336,71.13%,110,115,225
"County School Trustee, Position 3, At Large",0986,129,86,215,404,53.22%,20,181,201
Office,Precinct,Early Ballots Cast,Election Ballots Cast,Total Ballots Cast,Registered Voters,Percent Turnout,REP Mike Wolfe,DEM Diane Trautman,Totals
"County School Trustee, Position 3, At Large",0987,465,191,656,1138,57.64%,47,588,635
"County School Trustee, Position 3, At Large",0988,44,21,65,111,58.56%,52,10,62
"County School Trustee, Position 3, At Large",0989,18,8,26,36,72.22%,11,14,25
"County School Trustee, Position 3, At Large",0990,37,15,52,154,33.77%,15,31,46
"County School Trustee, Position 3, At Large",0991,0,0,0,1,0.00%,0,0,0
"County School Trustee, Position 3, At Large",0992,309,202,511,1015,50.34%,276,209,485
"County School Trustee, Position 3, At Large",0993,272,91,363,551,65.88%,277,66,343
"County School Trustee, Position 3, At Large",0994,6,5,11,8,137.50%,2,8,10
"County School Trustee, Position 3, At Large",0995,596,190,786,1269,61.94%,35,724,759
"County School Trustee, Position 3, At Large",0996,297,125,422,699,60.37%,225,172,397
"County School Trustee, Position 3, At Large",0997,429,328,757,1439,52.61%,119,617,736
"County School Trustee, Position 3, At Large",0998,15,9,24,35,68.57%,16,7,23
"County School Trustee, Position 3, At Large",0999,30,16,46,65,70.77%,34,8,42
"County School Trustee, Position 3, At Large",1000,105,0,105,458,22.93%,17,81,98
"County School Trustee, Position 3, At Large",1001,496,294,790,1566,50.45%,151,599,750
"County School Trustee, Position 3, At Large",1002,464,314,778,1738,44.76%,83,659,742
"County School Trustee, Position 3, At Large",1003,0,0,0,1,0.00%,0,0,0
"County School Trustee, Position 3, At Large",1004,224,153,377,656,57.47%,181,155,336
"County School Trustee, Position 3, At Large",1005,0,0,0,0,0.00%,0,0,0
"County School Trustee, Position 3, At Large",1006,3,0,3,5,60.00%,3,0,3
"County School Trustee, Position 3, At Large",1007,555,295,850,1371,62.00%,193,627,820
"County School Trustee, Position 3, At Large",1008,86,21,107,150,71.33%,80,20,100
"County School Trustee, Position 3, At Large",1009,3,1,4,8,50.00%,3,1,4
"County School Trustee, Position 3, At Large",1010,124,74,198,317,62.46%,30,161,191
"County School Trustee, Position 3, At Large",1011,12,3,15,29,51.72%,4,8,12
"County School Trustee, Position 3, At Large",1012,395,318,713,1235,57.73%,185,503,688
"County School Trustee, Position 3, At Large",1013,8,14,22,60,36.67%,15,7,22
"County School Trustee, Position 3, At Large",1014,9,7,16,36,44.44%,3,13,16
"County School Trustee, Position 3, At Large",1015,11,7,18,29,62.07%,4,13,17
"County School Trustee, Position 3, At Large",1016,591,364,955,1626,58.73%,414,497,911
"County School Trustee, Position 3, At Large",1017,127,50,177,232,76.29%,50,121,171
"County School Trustee, Position 3, At Large",1018,209,92,301,468,64.32%,139,151,290
"County School Trustee, Position 3, At Large",1019,426,4,430,1518,28.33%,15,398,413
"County School Trustee, Position 3, At Large",1020,0,0,0,1,0.00%,0,0,0
Office,Precinct,Early Ballots Cast,Election Ballots Cast,Total Ballots Cast,Registered Voters,Percent Turnout,REP Mike Wolfe,DEM Diane Trautman,Totals
"County School Trustee, Position 3, At Large",1021,1,0,1,2,50.00%,0,1,1
"County School Trustee, Position 3, At Large",1022,190,30,220,428,51.84%,188,43,211
"County School Trustee, Position 3, At Large",1023,894,401,1295,1984,85.94%,808,421,1229
"County School Trustee, Position 3, At Large",1024,113,77,190,259,73.38%,92,83,175
"County School Trustee, Position 3, At Large",1025,4,0,4,18,22.22%,1,3,4
"County School Trustee, Position 3, At Large",1028,0,0,0,0,0.00%,0,0,0
"County School Trustee, Position 3, At Large",1027,0,1,1,1,100.00%,1,0,1
"County School Trustee, Position 3, At Large",1028,0,1,1,0,0.00%,1,0,1
"County School Trustee, Position 3, At Large",1029,1021,841,1882,1802,92.23%,1282,314,1578
"County School Trustee, Position 3, At Large",1030,397,105,502,855,78.84%,424,58,480
"County School Trustee, Position 3, At Large",1031,3,3,8,8,100.00%,5,1,8
"County School Trustee, Position 3, At Large",1032,59,80,139,241,57.88%,94,38,132
"County School Trustee, Position 3, At Large",1033,0,0,0,0,0.00%,0,0,0
"County School Trustee, Position 3, At Large",1034,0,0,0,1,0.00%,0,0,0
"County School Trustee, Position 3, At Large",1035,24,13,37,139,28.82%,4,32,38
"County School Trustee, Position 3, At Large",1038,144,48,190,433,43.88%,145,37,182
"County School Trustee, Position 3, At Large",1037,27,18,43,73,58.90%,21,17,38
"County School Trustee, Position 3, At Large",1038,133,43,178,288,88.17%,8,184,172
"County School Trustee, Position 3, At Large",1039,3,5,8,20,40.00%,1,7,8
"County School Trustee, Position 3, At Large",1040,192,148,338,807,55.88%,187,148,315
"County School Trustee, Position 3, At Large",1041,0,0,0,0,0.00%,0,0,0
"County School Trustee, Position 3, At Large",1042,227,50,277,498,55.82%,79,192,271
"County School Trustee, Position 3, At Large",1043,12,2,14,31,45.18%,3,11,14
"County School Trustee, Position 3, At Large",1044,29,5,34,59,57.83%,7,28,33
"County School Trustee, Position 3, At Large",1045,811,321,932,1439,84.77%,120,780,900
"County School Trustee, Position 3, At Large",1048,19,18,37,54,88.52%,5,30,35
"County School Trustee, Position 3, At Large",1047,553,288,851,1242,88.52%,251,587,818
"County School Trustee, Position 3, At Large",1048,3,1,4,18,22.22%,2,2,4
"County School Trustee, Position 3, At Large",1049,57,71,128,288,48.12%,38,85,123
"County School Trustee, Position 3, At Large",1050,148,153,301,508,59.49%,84,225,289
"County School Trustee, Position 3, At Large",1,051,0,1,2,1,2,0,0.00%,9,3,1,2
"County School Trustee, Position 3, At Large",1052,0,2,2,0,0.00%,1,0,1
"County School Trustee, Position 3, At Large",1053,0,0,0,0,0.00%,0,0,0
"County School Trustee, Position 3, At Large",1054,0,0,0,1,0.00%,0,0,0
Office,Precinct,Early Ballots Cast,Election Ballots Cast,Total Ballots Cast,Registered Voters,Percent Turnout,REP Mike Wolfe,DEM Diane Trautman,Totals
"County School Trustee, Position 3, At Large",1055,0,0,0,0,0.00%,0,0,0
"County School Trustee, Position 3, At Large",1056,4,0,4,6,66.67%,0,4,4
"County School Trustee, Position 3, At Large",1057,34,7,41,115,35.65%,1,37,38
"County School Trustee, Position 3, At Large",1058,540,246,786,1190,66.05%,115,641,756
"County School Trustee, Position 3, At Large",1059,7,3,10,23,43.48%,1,9,10
"County School Trustee, Position 3, At Large",1060,13,4,17,49,34.69%,9,8,17
"County School Trustee, Position 3, At Large",1061,665,300,965,1613,59.83%,503,423,926
"County School Trustee, Position 3, At Large",1062,59,25,85,168,50.60%,20,61,81
"County School Trustee, Position 3, At Large",1063,226,63,289,792,36.49%,29,251,280
"County School Trustee, Position 3, At Large",1064,45,1,46,120,38.33%,33,10,43
"County School Trustee, Position 3, At Large",Totals:,774640,427100,1201740,1942566,,553104,583644,1136748
