Office,Precinct,Early Ballots Cast,Election Ballots Cast,Total Ballots Cast,Registered Voters,Percent Turnout,REP Barry Smitherman,LIB Jaime O. Perez,GRN Josh Wendel,Totals
"Railroad Commissioner, Unexpired Term",0001,809,516,1325,2155,61,48%,472,243,227,942
"Railroad Commissioner, Unexpired Term",0002,759,407,1166,1890,61.69%,573,184,141,898
"Railroad Commissioner, Unexpired Term",0003,663,474,1137,1519,74.85%,507,179,200,886
"Railroad Commissioner, Unexpired Term",0004,577,534,1211,1652,73.31%,486,202,246,934
"Railroad Commissioner, Unexpired Term",0005,475,518,993,1376,72.17%,417,187,172,776
"Railroad Commissioner, Unexpired Term",0006,1251,929,2180,3616,60.29%,1238,281,126,1645
"Railroad Commissioner, Unexpired Term",0007,495,124,619,1058,58.51%,26,74,35,135
"Railroad Commissioner, Unexpired Term",0008,663,430,1093,1706,64.07%,586,164,107,857
"Railroad Commissioner, Unexpired Term",0009,474,382,856,1736,49.31%,211,217,89,517
"Railroad Commissioner, Unexpired Term",0010,499,245,744,1722,43.21%,174,192,45,411
"Railroad Commissioner, Unexpired Term",0011,418,335,753,1830,41.15%,150,186,41,377
"Railroad Commissioner, Unexpired Term",0012,227,133,360,716,50.28%,192,49,11,252
"Railroad Commissioner, Unexpired Term",0013,1140,443,1583,2823,56.08%,1063,129,69,1261
"Railroad Commissioner, Unexpired Term",0014,761,606,1367,1848,73.97%,799,138,187,1124
"Railroad Commissioner, Unexpired Term",0015,1144,1016,2160,2806,76.98%,1403,162,212,1777
"Railroad Commissioner, Unexpired Term",0016,459,175,634,947,66.95%,329,91,80,500
"Railroad Commissioner, Unexpired Term",0017,347,326,673,1105,60.90%,291,119,78,488
"Railroad Commissioner, Unexpired Term",0018,550,483,1033,1396,74.00%,555,113,145,813
"Railroad Commissioner, Unexpired Term",0019,424,261,685,995,68.84%,251,160,111,522
"Railroad Commissioner, Unexpired Term",0020,681,470,1151,3074,37.44%,376,203,192,771
"Railroad Commissioner, Unexpired Term",0021,420,230,650,1013,64.17%,157,141,84,382
"Railroad Commissioner, Unexpired Term",0022,890,554,1444,2524,57.21%,252,293,144,689
"Railroad Commissioner, Unexpired Term",0023,100,65,165,512,32.23%,44,22,18,84
"Railroad Commissioner, Unexpired Term",0024,225,121,346,611,56.63%,44,57,29,130
"Railroad Commissioner, Unexpired Term",0025,244,304,548,1062,51.60%,30,69,39,138
"Railroad Commissioner, Unexpired Term",0026,463,486,949,1843,51,49%,266,257,124,647
"Railroad Commissioner, Unexpired Term",0027,821,595,1516,3005,50.45%,376,373,208,957
"Railroad Commissioner, Unexpired Term",0028,1446,465,1911,2782,68.69%,1150,219,76,1445
"Railroad Commissioner, Unexpired Term",0029,418,577,995,2659,37.42%,359,165,24,548
"Railroad Commissioner, Unexpired Term",0030,801,588,1389,2034,68.29%,389,249,176,814
"Railroad Commissioner, Unexpired Term",0031,916,526,1442,2518,57.27%,62,217,99,378
"Railroad Commissioner, Unexpired Term",0032,799,556,1355,2171,62.41%,687,224,198,1109
"Railroad Commissioner, Unexpired Term",0033,1486,843,2329,3540,65.79%,1010,426,434,1870
"Railroad Commissioner, Unexpired Term",0034,1017,749,1766,2676,65.99%,528,378,460,1366
Office,Precinct,Early Ballots Cast,Election Ballots Cast,Total Ballots Cast,Registered Voters,Percent Turnout,REP Barry Smitherman,LIB Jaime O. Perez,GRN Josh Wendel,Totals
"Railroad Commissioner, Unexpired Term",0035,4,0,4,12,33.33%,1,1,0,2
"Railroad Commissioner, Unexpired Term",0038,993,479,1472,2888,51.32%,413,288,125,828
"Railroad Commissioner, Unexpired Term",0037,803,479,1282,1885,88.01%,480,214,308,1002
"Railroad Commissioner, Unexpired Term",0038,1244,873,1917,2703,70.92%,801,294,414,1509
"Railroad Commissioner, Unexpired Term",0039,1072,723,1795,2728,85.85%,595,299,455,1349
"Railroad Commissioner, Unexpired Term",0040,239,135,374,524,71.37%,218,29,50,297
"Railroad Commissioner, Unexpired Term",0041,580,284,844,1197,70.51%,394,143,58,593
"Railroad Commissioner, Unexpired Term",0042,505,139,844,1121,57.45%,20,89,41,150
"Railroad Commissioner, Unexpired Term",0043,521,372,893,1844,54.32%,428,148,82,854
"Railroad Commissioner, Unexpired Term",0044,492,314,808,1978,40.79%,184,212,73,449
"Railroad Commissioner, Unexpired Term",0045,2434,1138,3572,8031,59.23%,731,587,272,1590
"Railroad Commissioner, Unexpired Term",0048,539,433,972,2488,39.38%,188,233,77,498
"Railroad Commissioner, Unexpired Term",0047,538,345,881,1824,54.25%,47,109,43,199
"Railroad Commissioner, Unexpired Term",0048,371,193,584,992,58.85%,81,71,31,183
"Railroad Commissioner, Unexpired Term",0049,1229,559,1898,3144,80.37%,1320,157,88,1545
"Railroad Commissioner, Unexpired Term",0050,1907,1110,3017,4782,83.38%,1818,478,197,2293
"Railroad Commissioner, Unexpired Term",0051,858,349,1007,1588,84.22%,742,88,48,854
"Railroad Commissioner, Unexpired Term",0052,981,820,1801,2299,89.84%,871,282,190,1323
"Railroad Commissioner, Unexpired Term",0053,1107,884,1991,2808,70.90%,907,324,320,1551
"Railroad Commissioner, Unexpired Term",0054,809,402,1011,1408,71.80%,543,180,122,845
"Railroad Commissioner, Unexpired Term",0055,443,394,837,1305,84.14%,350,185,115,830
"Railroad Commissioner, Unexpired Term",0058,549,307,858,1285,88.81%,581,97,58,718
"Railroad Commissioner, Unexpired Term",0057,1277,958,2233,3082,72.93%,993,357,454,1804
"Railroad Commissioner, Unexpired Term",0058,882,747,1829,2521,84.82%,730,292,240,1282
"Railroad Commissioner, Unexpired Term",0059,915,751,1888,2283,72.97%,752,245,284,1281
"Railroad Commissioner, Unexpired Term",0080,844,884,1508,2283,88.84%,487,298,392,1177
"Railroad Commissioner, Unexpired Term",0081,437,528,985,2250,42.89%,275,183,84,502
"Railroad Commissioner, Unexpired Term",0082,420,528,948,2190,43.29%,225,244,42,511
"Railroad Commissioner, Unexpired Term",0083,875,400,1075,1784,80.28%,877,49,28,952
"Railroad Commissioner, Unexpired Term",0084,410,420,830,2090,39.71%,172,217,49,438
"Railroad Commissioner, Unexpired Term",0085,404,532,938,2178,42.98%,192,225,59,478
"Railroad Commissioner, Unexpired Term",0088,172,279,451,1090,41.38%,87,104,25,198
"Railroad Commissioner, Unexpired Term",0087,888,574,1240,2742,45.22%,303,278,90,871
"Railroad Commissioner, Unexpired Term",0088,1199,488,1885,2782,80.57%,90,249,137,478
Office,Precinct,Early Ballots Cast,Election Ballots Cast,Total Ballots Cast,Registered Voters,Percent Turnout,REP Barry Smitherman,LIB Jaime O. Perez,GRN Josh Wendel,Totals
"Railroad Commissioner, Unexpired Term",0089,218,284,502,1303,38.53%,88,144,21,251
"Railroad Commissioner, Unexpired Term",0070,1840,728,2388,3142,75.30%,1528,278,199,2003
"Railroad Commissioner, Unexpired Term",0071,1430,948,2378,3882,84.94%,1270,430,231,1931
"Railroad Commissioner, Unexpired Term",0072,442,582,1004,1882,53.35%,290,255,77,822
"Railroad Commissioner, Unexpired Term",0073,500,498,998,1494,88.87%,590,110,124,824
"Railroad Commissioner, Unexpired Term",0074,2217,530,2747,3832,75.83%,2145,157,115,2417
"Railroad Commissioner, Unexpired Term",0075,487,370,857,1329,84.48%,371,139,132,842
"Railroad Commissioner, Unexpired Term",0078,814,589,1383,2328,59.41%,788,218,81,1087
"Railroad Commissioner, Unexpired Term",0077,189,81,250,585,44.25%,88,49,17,134
"Railroad Commissioner, Unexpired Term",0078,380,344,704,1479,47.80%,213,172,41,428
"Railroad Commissioner, Unexpired Term",0079,511,717,1228,2959,41.50%,278,308,58,840
"Railroad Commissioner, Unexpired Term",0080,1159,481,1840,2712,80.47%,409,257,118,782
"Railroad Commissioner, Unexpired Term",0081,540,309,849,1839,48.17%,287,180,40,487
"Railroad Commissioner, Unexpired Term",0082,1353,818,2189,3284,88.05%,1813,157,98,1888
"Railroad Commissioner, Unexpired Term",0083,2832,1181,3813,5598,88.11%,1885,489,258,2832
"Railroad Commissioner, Unexpired Term",0084,445,348,791,1389,58.95%,584,58,31,853
"Railroad Commissioner, Unexpired Term",0085,734,548,1282,2079,81.88%,78,237,173,488
"Railroad Commissioner, Unexpired Term",0088,1055,889,1744,2837,88.14%,882,288,181,1329
"Railroad Commissioner, Unexpired Term",0087,1224,881,2085,2749,75.85%,1429,158,170,1757
"Railroad Commissioner, Unexpired Term",0088,235,182,397,878,58.55%,259,28,22,307
"Railroad Commissioner, Unexpired Term",0089,344,454,798,1104,72.28%,495,78,92,885
"Railroad Commissioner, Unexpired Term",0090,1499,958,2457,3571,88.80%,1802,178,155,2133
"Railroad Commissioner, Unexpired Term",0091,488,333,799,1248,84.02%,488,95,72,855
"Railroad Commissioner, Unexpired Term",0092,1105,534,1839,2228,73.58%,1148,123,117,1388
"Railroad Commissioner, Unexpired Term",0093,782,843,1425,3295,43.25%,533,259,85,857
"Railroad Commissioner, Unexpired Term",0094,148,104,252,537,48.93%,83,83,15,141
"Railroad Commissioner, Unexpired Term",0095,1888,871,2357,3179,74.14%,1877,208,150,2033
"Railroad Commissioner, Unexpired Term",0098,385,237,802,1241,48.51%,82,181,87,310
"Railroad Commissioner, Unexpired Term",0097,2395,784,3159,4588,89.19%,2331,238,104,2871
"Railroad Commissioner, Unexpired Term",0098,875,807,1482,2403,81.87%,1200,89,48,1335
"Railroad Commissioner, Unexpired Term",0099,588,311,879,2040,43.09%,405,124,34,583
"Railroad Commissioner, Unexpired Term",0100,427,324,751,1754,42.82%,340,124,33,497
"Railroad Commissioner, Unexpired Term",0101,204,188,390,941,41.45%,102,87,25,194
"Railroad Commissioner, Unexpired Term",0102,493,288,781,1910,39.84%,199,122,34,355
Office,Precinct,Early Ballots Cast,Election Ballots Cast,Total Ballots Cast,Registered Voters,Percent Turnout,REP Barry Smitherman,LIB Jaime O. Perez,GRN Josh Wendel,Totals
"Railroad Commissioner, Unexpired Term",0103,1915,1065,2980,4751,62.72%,1588,375,135,2098
"Railroad Commissioner, Unexpired Term",0104,993,238,1231,1847,66.65%,54,150,65,269
"Railroad Commissioner, Unexpired Term",0105,462,453,915,2153,42.50%,258,214,58,530
"Railroad Commissioner, Unexpired Term",0106,49,37,86,284,30.28%,43,12,3,58
"Railroad Commissioner, Unexpired Term",0107,412,441,853,1905,44.78%,155,139,56,350
"Railroad Commissioner, Unexpired Term",0108,1194,514,1708,3229,52.90%,926,223,84,1233
"Railroad Commissioner, Unexpired Term",0109,1161,430,1591,2884,55.17%,75,233,107,415
"Railroad Commissioner, Unexpired Term",0110,1465,589,2054,2853,71.99%,1288,276,100,1664
"Railroad Commissioner, Unexpired Term",0111,1869,848,2717,3638,74.68%,2022,205,111,2338
"Railroad Commissioner, Unexpired Term",0112,1262,668,1930,2894,66.69%,1374,209,92,1675
"Railroad Commissioner, Unexpired Term",0113,1125,590,1715,2537,67.60%,1024,191,109,1324
"Railroad Commissioner, Unexpired Term",0114,1457,546,2003,2650,75.58%,1551,135,54,1740
"Railroad Commissioner, Unexpired Term",0115,598,305,903,1764,51.19%,116,148,58,322
"Railroad Commissioner, Unexpired Term",0116,1628,747,2375,3014,78.80%,1878,146,119,2143
"Railroad Commissioner, Unexpired Term",0117,398,462,860,1878,45.79%,370,164,67,601
"Railroad Commissioner, Unexpired Term",0118,460,148,608,743,81.83%,498,30,19,547
"Railroad Commissioner, Unexpired Term",0119,1924,1265,3189,4892,65.19%,2516,193,104,2813
"Railroad Commissioner, Unexpired Term",0120,1200,632,1832,2986,61.35%,1143,214,127,1484
"Railroad Commissioner, Unexpired Term",0121,193,244,437,679,64.36%,286,32,25,343
"Railroad Commissioner, Unexpired Term",0122,895,349,1244,2199,56.57%,76,194,88,358
"Railroad Commissioner, Unexpired Term",0123,441,350,791,1356,58.33%,252,153,164,569
"Railroad Commissioner, Unexpired Term",0124,3523,1281,4804,5952,80.71%,3821,301,154,4276
"Railroad Commissioner, Unexpired Term",0125,897,534,1431,2281,62.74%,847,182,98,1127
"Railroad Commissioner, Unexpired Term",0126,1630,407,2037,2799,72.78%,1738,86,37,1861
"Railroad Commissioner, Unexpired Term",0127,854,182,1036,1703,60.83%,735,70,27,832
"Railroad Commissioner, Unexpired Term",0128,936,736,1672,2257,74.08%,1105,126,162,1393
"Railroad Commissioner, Unexpired Term",0129,2296,1449,3745,5495,68.15%,2413,407,275,3095
"Railroad Commissioner, Unexpired Term",0130,1204,523,1727,2240,77.10%,1320,105,100,1525
"Railroad Commissioner, Unexpired Term",0131,607,374,981,1721,57.00%,252,215,101,568
"Railroad Commissioner, Unexpired Term",0132,1121,397,1518,2449,61.98%,75,215,130,420
"Railroad Commissioner, Unexpired Term",0133,1088,940,2028,2605,77.85%,1289,185,190,1664
"Railroad Commissioner, Unexpired Term",0134,420,392,812,1444,56.23%,364,158,71,593
"Railroad Commissioner, Unexpired Term",0135,1431,634,2065,2750,75.09%,1403,191,167,1761
"Railroad Commissioner, Unexpired Term",0136,985,451,1436,2111,68.02%,118,294,169,581
Office,Precinct,Early Ballots Cast,Election Ballots Cast,Total Ballots Cast,Registered Voters,Percent Turnout,REP Barry Smitherman,LIB Jaime O. Perez,GRN Josh Wendel,Totals
"Railroad Commissioner, Unexpired Term",0137,305,193,498,740,87.30%,282,58,77,415
"Railroad Commissioner, Unexpired Term",0138,881,259,920,1749,52.80%,49,102,42,193
"Railroad Commissioner, Unexpired Term",0139,1297,747,2044,2748,74.44%,1088,248,284,1598
"Railroad Commissioner, Unexpired Term",0140,1317,583,2000,3104,84.43%,391,397,247,1035
"Railroad Commissioner, Unexpired Term",0141,181,143,324,872,37.18%,198,34,14,248
"Railroad Commissioner, Unexpired Term",0142,212,171,383,870,44.02%,104,90,28,220
"Railroad Commissioner, Unexpired Term",0143,2999,880,3859,4598,79.58%,2818,338,134,3088
"Railroad Commissioner, Unexpired Term",0144,477,204,881,1143,59.58%,25,91,39,155
"Railroad Commissioner, Unexpired Term",0145,883,245,908,1580,57.47%,34,107,53,194
"Railroad Commissioner, Unexpired Term",0148,759,814,1373,1953,70.30%,851,225,202,1078
"Railroad Commissioner, Unexpired Term",0147,1258,485,1741,2813,81.89%,280,287,133,700
"Railroad Commissioner, Unexpired Term",0148,911,924,1835,2487,74.38%,880,202,373,1435
"Railroad Commissioner, Unexpired Term",0149,2888,1322,4188,8103,88.82%,1954,893,280,2907
"Railroad Commissioner, Unexpired Term",0150,539,207,748,1212,81.55%,38,114,50,202
"Railroad Commissioner, Unexpired Term",0151,31,e,148,484,848,54.85%,32,73,28,133
"Railroad Commissioner, Unexpired Term",0152,483,802,1085,2701,40.17%,287,239,74,580
"Railroad Commissioner, Unexpired Term",0153,328,437,785,1755,43.59%,211,187,34,432
"Railroad Commissioner, Unexpired Term",0154,593,380,953,2133,44.88%,229,249,82,540
"Railroad Commissioner, Unexpired Term",0155,1957,834,2791,4087,88.29%,1957,217,143,2317
"Railroad Commissioner, Unexpired Term",0158,1428,457,1885,3134,80.15%,134,302,144,580
"Railroad Commissioner, Unexpired Term",0157,881,382,1283,2311,54.85%,81,189,87,337
"Railroad Commissioner, Unexpired Term",0158,1304,435,1739,3018,57.88%,80,281,148,509
"Railroad Commissioner, Unexpired Term",0159,313,187,500,978,51.23%,80,85,42,207
"Railroad Commissioner, Unexpired Term",0180,248,140,388,888,58.10%,19,84,29,112
"Railroad Commissioner, Unexpired Term",0181,395,190,585,1030,58.80%,19,81,41,141
"Railroad Commissioner, Unexpired Term",0182,232,282,494,1249,39.55%,152,100,32,284
"Railroad Commissioner, Unexpired Term",0183,778,535,1413,3054,48.27%,443,241,84,748
"Railroad Commissioner, Unexpired Term",0184,505,304,809,1434,58.42%,33,94,52,179
"Railroad Commissioner, Unexpired Term",0185,919,557,1478,2284,84.82%,944,173,128,1245
"Railroad Commissioner, Unexpired Term",0188,281,311,592,1018,58.27%,213,140,88,441
"Railroad Commissioner, Unexpired Term",0187,5,2,7,23,30.43%,1,3,0,4
"Railroad Commissioner, Unexpired Term",0188,189,128,315,519,80.89%,17,31,10,58
"Railroad Commissioner, Unexpired Term",0189,1080,433,1493,2531,58.99%,84,172,104,340
"Railroad Commissioner, Unexpired Term",0170,481,353,834,1887,44.20%,408,125,45,578
Office,Precinct,Early Ballots Cast,Election Ballots Cast,Total Ballots Cast,Registered Voters,Percent Turnout,REP Barry Smitherman,LIB Jaime O. Perez,GRN Josh Wendel,Totals
"Railroad Commissioner, Unexpired Term",0171,514,294,808,1613,50.09%,40,115,39,194
"Railroad Commissioner, Unexpired Term",0172,161,147,308,600,51.33%,105,84,14,203
"Railroad Commissioner, Unexpired Term",0173,1799,619,2418,3105,77.87%,1866,160,87,2113
"Railroad Commissioner, Unexpired Term",0174,1554,767,2321,3159,73.47%,1629,178,126,1933
"Railroad Commissioner, Unexpired Term",0175,1066,867,1933,2506,77.13%,1086,220,225,1531
"Railroad Commissioner, Unexpired Term",0176,627,530,1157,1581,73.18%,670,107,140,917
"Railroad Commissioner, Unexpired Term",0177,676,385,1061,1478,71.79%,667,138,83,888
"Railroad Commissioner, Unexpired Term",0178,914,368,1282,1718,74.62%,905,111,75,1091
"Railroad Commissioner, Unexpired Term",0179,449,321,770,1508,51.06%,356,146,62,564
"Railroad Commissioner, Unexpired Term",0180,966,552,1518,2795,54.31%,79,229,83,391
"Railroad Commissioner, Unexpired Term",0181,418,514,932,1968,47.36%,299,224,44,567
"Railroad Commissioner, Unexpired Term",0182,1326,1081,2407,3289,73.18%,1580,207,230,2017
"Railroad Commissioner, Unexpired Term",0183,973,943,1916,2451,78.17%,1369,139,130,1638
"Railroad Commissioner, Unexpired Term",0184,214,256,470,969,48.50%,141,89,29,259
"Railroad Commissioner, Unexpired Term",0185,593,494,1087,1910,56.91%,369,189,53,611
"Railroad Commissioner, Unexpired Term",0186,204,170,374,795,47.04%,47,67,7,121
"Railroad Commissioner, Unexpired Term",0187,48,65,113,309,36.57%,26,26,8,60
"Railroad Commissioner, Unexpired Term",0188,307,378,685,1616,42.39%,256,121,28,405
"Railroad Commissioner, Unexpired Term",0189,493,473,966,1453,66.48%,538,117,119,774
"Railroad Commissioner, Unexpired Term",0190,275,401,676,1720,39.30%,230,143,37,410
"Railroad Commissioner, Unexpired Term",0191,197,313,510,1391,36.66%,172,97,26,295
"Railroad Commissioner, Unexpired Term",0192,746,332,1078,2045,52.71%,69,142,69,280
"Railroad Commissioner, Unexpired Term",0193,341,269,610,1050,58.10%,32,99,67,198
"Railroad Commissioner, Unexpired Term",0194,709,504,1213,1735,69.91%,395,199,237,831
"Railroad Commissioner, Unexpired Term",0195,539,419,958,1721,55.67%,59,114,70,243
"Railroad Commissioner, Unexpired Term",0196,121,55,176,323,54.49%,12,45,3,60
"Railroad Commissioner, Unexpired Term",0197,1109,497,1606,2895,55.47%,75,234,95,404
"Railroad Commissioner, Unexpired Term",0198,143,158,301,657,45.81%,5,35,21,61
"Railroad Commissioner, Unexpired Term",0199,1408,773,2181,3159,69.04%,1654,164,94,1912
"Railroad Commissioner, Unexpired Term",0200,1643,585,2228,3222,69.15%,1116,305,323,1744
"Railroad Commissioner, Unexpired Term",0201,229,125,354,728,48.63%,18,48,21,87
"Railroad Commissioner, Unexpired Term",0202,488,332,820,1479,55.44%,30,106,57,193
"Railroad Commissioner, Unexpired Term",0203,266,156,422,900,46.89%,93,89,27,209
"Railroad Commissioner, Unexpired Term",0204,1496,914,2410,3462,69.61%,1451,301,252,2004
Office,Precinct,Early Ballots Cast,Election Ballots Cast,Total Ballots Cast,Registered Voters,Percent Turnout,REP Barry Smitherman,LIB Jaime O. Perez,GRN Josh Wendel,Totals
"Railroad Commissioner, Unexpired Term",0205,656,201,1057,1667,63.41%,44,145,61,250
"Railroad Commissioner, Unexpired Term",0206,652,659,1311,2662,49.25%,436,312,171,921
"Railroad Commissioner, Unexpired Term",0207,410,310,720,1144,62.94%,266,162,63,511
"Railroad Commissioner, Unexpired Term",0206,606,364,1172,2201,53.25%,329,192,55,576
"Railroad Commissioner, Unexpired Term",0209,0,4,4,0,0.00%,4,0,0,4
"Railroad Commissioner, Unexpired Term",0210,1016,542,1560,2300,67.63%,217,292,220,729
"Railroad Commissioner, Unexpired Term",0211,710,666,1396,2797,49.91%,516,260,102,900
"Railroad Commissioner, Unexpired Term",0212,219,314,533,1266,42.10%,116,121,29,266
"Railroad Commissioner, Unexpired Term",0213,1603,939,2542,3306,76.64%,2061,126,94,2263
"Railroad Commissioner, Unexpired Term",0214,600,544,1344,1795,74.67%,661,139,120,1120
"Railroad Commissioner, Unexpired Term",0215,645,766,1631,2166,75.23%,1033,145,162,1340
"Railroad Commissioner, Unexpired Term",0216,764,320,1104,1917,57.59%,123,210,94,427
"Railroad Commissioner, Unexpired Term",0217,1399,651,2050,2637,77.74%,1429,141,155,1725
"Railroad Commissioner, Unexpired Term",0216,690,606,1296,2274,57.06%,403,307,165,675
"Railroad Commissioner, Unexpired Term",0219,1119,587,1706,2654,64.26%,175,293,142,610
"Railroad Commissioner, Unexpired Term",0220,711,353,1064,2360,45.06%,744,95,46,667
"Railroad Commissioner, Unexpired Term",0221,700,611,1311,2469,52.67%,566,271,70,907
"Railroad Commissioner, Unexpired Term",0222,1001,792,1793,2364,75.21%,963,195,263,1421
"Railroad Commissioner, Unexpired Term",0223,1361,760,2121,3526,60.12%,703,462,323,1506
"Railroad Commissioner, Unexpired Term",0224,696,649,1547,2259,66.46%,775,191,231,1197
"Railroad Commissioner, Unexpired Term",0225,1113,720,1633,3155,56.10%,631,304,134,1269
"Railroad Commissioner, Unexpired Term",0226,529,545,1074,2393,44.66%,245,294,65,604
"Railroad Commissioner, Unexpired Term",0227,949,451,1400,1767,79.23%,1065,76,63,1224
"Railroad Commissioner, Unexpired Term",0226,564,165,749,1073,69.60%,59,137,112,306
"Railroad Commissioner, Unexpired Term",0229,152,207,359,611,44.27%,112,74,16,202
"Railroad Commissioner, Unexpired Term",0230,421,153,574,1096,52.37%,23,61,34,136
"Railroad Commissioner, Unexpired Term",0231,563,471,1034,2219,46.60%,270,260,72,602
"Railroad Commissioner, Unexpired Term",0232,666,546,1232,1696,72.64%,762,114,126,1002
"Railroad Commissioner, Unexpired Term",0233,1635,1063,2696,4132,70.14%,1567,409,373,2349
"Railroad Commissioner, Unexpired Term",0234,2093,665,2976,3654,77.27%,2369,143,66,2600
"Railroad Commissioner, Unexpired Term",0235,466,242,706,1305,54.25%,43,113,41,197
"Railroad Commissioner, Unexpired Term",0236,779,342,1121,2144,52.29%,54,159,49,262
"Railroad Commissioner, Unexpired Term",0237,793,441,1234,2161,56.56%,44,164,75,263
"Railroad Commissioner, Unexpired Term",0236,641,422,1063,1901,55.92%,52,152,71,275
Office,Precinct,Early Ballots Cast,Election Ballots Cast,Total Ballots Cast,Registered Voters,Percent Turnout,REP Barry Smitherman,LIB Jaime O. Perez,GRN Josh Wendel,Totals
"Railroad Commissioner, Unexpired Term",0239,765,357,1122,1997,56.18%,65,191,91,347
"Railroad Commissioner, Unexpired Term",0240,1158,402,1560,2688,58.04%,61,269,126,456
"Railroad Commissioner, Unexpired Term",0241,494,479,973,2296,42.38%,397,151,46,594
"Railroad Commissioner, Unexpired Term",0242,363,323,686,1570,43.69%,363,85,25,473
"Railroad Commissioner, Unexpired Term",0243,254,50,304,452,67.26%,14,43,35,92
"Railroad Commissioner, Unexpired Term",0244,1102,656,1758,2912,60.37%,938,288,110,1336
"Railroad Commissioner, Unexpired Term",0245,2344,1115,3459,5240,66.01%,2295,360,137,2792
"Railroad Commissioner, Unexpired Term",0246,1584,624,2208,2999,73.62%,1520,212,86,1818
"Railroad Commissioner, Unexpired Term",0247,422,403,825,1607,51.34%,40,111,58,209
"Railroad Commissioner, Unexpired Term",0248,408,405,813,2122,38.31%,195,155,32,382
"Railroad Commissioner, Unexpired Term",0249,1031,481,1512,2676,56.50%,1011,152,61,1224
"Railroad Commissioner, Unexpired Term",0250,306,247,553,951,58.15%,23,74,29,126
"Railroad Commissioner, Unexpired Term",0251,809,529,1338,2072,64.58%,89,190,66,345
"Railroad Commissioner, Unexpired Term",0252,1111,356,1467,2350,62.43%,57,159,74,290
"Railroad Commissioner, Unexpired Term",0253,923,325,1248,2252,55.42%,52,147,66,265
"Railroad Commissioner, Unexpired Term",0254,220,282,502,1476,34.01%,137,92,32,261
"Railroad Commissioner, Unexpired Term",0255,996,797,1793,2411,74.37%,896,261,255,1412
"Railroad Commissioner, Unexpired Term",0256,1060,766,1826,3226,56.60%,771,333,181,1285
"Railroad Commissioner, Unexpired Term",0257,554,571,1125,2403,46.82%,279,233,67,579
"Railroad Commissioner, Unexpired Term",0258,1578,888,2466,3286,75.05%,1852,152,142,2146
"Railroad Commissioner, Unexpired Term",0259,1210,460,1670,2408,69.35%,82,205,103,390
"Railroad Commissioner, Unexpired Term",0260,420,290,710,1187,59.81%,390,103,36,529
"Railroad Commissioner, Unexpired Term",0261,176,133,309,749,41.26%,97,73,16,186
"Railroad Commissioner, Unexpired Term",0262,1472,906,2378,4232,56.19%,1378,296,220,1894
"Railroad Commissioner, Unexpired Term",0263,1787,719,2506,3319,75.50%,1871,188,87,2146
"Railroad Commissioner, Unexpired Term",0264,938,639,1577,2939,53.66%,879,193,114,1186
"Railroad Commissioner, Unexpired Term",0265,1937,674,2611,3617,72.19%,1990,139,112,2241
"Railroad Commissioner, Unexpired Term",0266,552,542,1094,2119,51.63%,514,180,69,763
"Railroad Commissioner, Unexpired Term",0267,294,305,599,1346,44.50%,269,90,26,385
"Railroad Commissioner, Unexpired Term",0268,932,810,1742,2387,72.98%,1127,144,152,1423
"Railroad Commissioner, Unexpired Term",0269,1143,444,1587,1981,80.11%,1299,85,46,1430
"Railroad Commissioner, Unexpired Term",0270,1403,870,2273,3517,64.63%,1325,304,203,1832
"Railroad Commissioner, Unexpired Term",0271,1303,371,1674,2469,67.80%,66,283,137,486
"Railroad Commissioner, Unexpired Term",0272,614,484,1098,2112,51.99%,434,232,131,797
Office,Precinct,Early Ballots Cast,Election Ballots Cast,Total Ballots Cast,Registered Voters,Percent Turnout,REP Barry Smitherman,LIB Jaime O. Perez,GRN Josh Wendel,Totals
"Railroad Commissioner, Unexpired Term",0273,1141,634,1775,2426,73.17%,1454,87,60,1601
"Railroad Commissioner, Unexpired Term",0274,1054,364,1418,2063,68.73%,986,132,106,1224
"Railroad Commissioner, Unexpired Term",0275,570,410,980,1730,56.65%,187,166,77,430
"Railroad Commissioner, Unexpired Term",0276,1139,404,1543,2532,60.94%,54,240,127,421
"Railroad Commissioner, Unexpired Term",0277,342,305,647,1473,43.92%,289,99,27,415
"Railroad Commissioner, Unexpired Term",0278,756,607,1363,2405,56.67%,716,197,59,972
"Railroad Commissioner, Unexpired Term",0279,548,383,931,1899,49.03%,566,121,47,734
"Railroad Commissioner, Unexpired Term",0280,303,360,663,1515,43.76%,246,143,24,413
"Railroad Commissioner, Unexpired Term",0281,1088,903,1991,2610,76.28%,1145,191,224,1560
"Railroad Commissioner, Unexpired Term",0282,691,591,1282,1988,64.49%,791,150,89,1030
"Railroad Commissioner, Unexpired Term",0283,0,0,0,0,0.00%,0,0,0,0
"Railroad Commissioner, Unexpired Term",0284,1136,595,1731,3262,53.07%,705,270,160,1135
"Railroad Commissioner, Unexpired Term",0285,989,509,1498,2505,59.80%,161,263,140,564
"Railroad Commissioner, Unexpired Term",0286,2659,1053,3712,5719,64.91%,455,913,345,1713
"Railroad Commissioner, Unexpired Term",0287,547,542,1189,1616,73.58%,644,156,160,960
"Railroad Commissioner, Unexpired Term",0288,1036,380,1416,2259,62.68%,57,217,134,408
"Railroad Commissioner, Unexpired Term",0289,374,397,771,1510,51.06%,311,151,49,511
"Railroad Commissioner, Unexpired Term",0290,577,429,1006,1567,64.20%,765,79,29,873
"Railroad Commissioner, Unexpired Term",0291,541,298,839,1203,69.74%,429,110,99,638
"Railroad Commissioner, Unexpired Term",0292,478,236,714,1272,56.13%,98,159,64,321
"Railroad Commissioner, Unexpired Term",0293,520,557,1177,1733,67.92%,580,142,168,890
"Railroad Commissioner, Unexpired Term",0294,989,298,1287,2107,61.08%,45,209,103,357
"Railroad Commissioner, Unexpired Term",0295,315,189,504,862,58.47%,15,72,39,126
"Railroad Commissioner, Unexpired Term",0296,603,432,1035,1693,61.13%,614,135,69,818
"Railroad Commissioner, Unexpired Term",0297,579,445,1024,1978,51.77%,407,143,94,644
"Railroad Commissioner, Unexpired Term",0298,849,475,1324,2083,63.56%,748,196,112,1056
"Railroad Commissioner, Unexpired Term",0299,328,213,541,1231,43.95%,195,89,45,329
"Railroad Commissioner, Unexpired Term",0300,3017,922,3939,5040,78.15%,3084,230,149,3463
"Railroad Commissioner, Unexpired Term",0301,450,655,1105,2397,46.10%,433,189,35,657
"Railroad Commissioner, Unexpired Term",0302,713,635,1348,2724,49.49%,738,171,53,962
"Railroad Commissioner, Unexpired Term",0303,1775,755,2530,3172,79.76%,2075,104,97,2276
"Railroad Commissioner, Unexpired Term",0304,970,648,1618,2266,71.40%,1008,111,170,1289
"Railroad Commissioner, Unexpired Term",0305,1321,858,2179,3621,60.18%,843,462,151,1456
"Railroad Commissioner, Unexpired Term",0306,1014,323,1337,1847,72.39%,1016,84,77,1177
Office,Precinct,Early Ballots Cast,Election Ballots Cast,Total Ballots Cast,Registered Voters,Percent Turnout,REP Barry Smitherman,LIB Jaime O. Perez,GRN Josh Wendel,Totals
"Railroad Commissioner, Unexpired Term",0307,1242,876,2118,2931,72.26%,1489,169,135,1793
"Railroad Commissioner, Unexpired Term",0308,444,238,682,1266,53.87%,208,130,45,383
"Railroad Commissioner, Unexpired Term",0309,1386,612,1998,2529,79.00%,1640,91,70,1801
"Railroad Commissioner, Unexpired Term",0310,519,348,967,1437,67.29%,660,81,64,805
"Railroad Commissioner, Unexpired Term",0311,862,699,1561,2997,52.09%,739,206,117,1062
"Railroad Commissioner, Unexpired Term",0312,1601,718,2319,3669,63.21%,1360,285,184,1829
"Railroad Commissioner, Unexpired Term",0313,22,1,23,60,38.33%,11,4,0,15
"Railroad Commissioner, Unexpired Term",0314,2496,1221,3717,5225,71.14%,2319,471,226,3016
"Railroad Commissioner, Unexpired Term",0315,711,479,1190,1618,73.55%,755,95,102,952
"Railroad Commissioner, Unexpired Term",0316,682,411,1093,1522,71.81%,645,103,128,876
"Railroad Commissioner, Unexpired Term",0317,555,336,891,1469,60.65%,305,179,97,581
"Railroad Commissioner, Unexpired Term",0318,1709,611,2320,3531,65.70%,195,502,238,935
"Railroad Commissioner, Unexpired Term",0319,965,290,1255,2081,60.31%,132,267,130,529
"Railroad Commissioner, Unexpired Term",0320,464,300,764,1505,50.76%,356,122,29,507
"Railroad Commissioner, Unexpired Term",0321,442,305,748,2029,36.87%,266,154,35,455
"Railroad Commissioner, Unexpired Term",0322,397,237,634,1322,47.96%,170,88,74,332
"Railroad Commissioner, Unexpired Term",0323,483,332,815,1719,47.41%,353,143,92,588
"Railroad Commissioner, Unexpired Term",0324,967,718,1685,2339,72.04%,1125,160,131,1416
"Railroad Commissioner, Unexpired Term",0325,658,397,1055,2251,46.87%,245,180,75,500
"Railroad Commissioner, Unexpired Term",0326,202,128,330,678,48.67%,155,56,13,224
"Railroad Commissioner, Unexpired Term",0327,725,244,970,1751,55.40%,42,124,64,230
"Railroad Commissioner, Unexpired Term",0328,345,270,615,1361,45.19%,240,110,34,384
"Railroad Commissioner, Unexpired Term",0329,405,307,712,1367,52.08%,235,161,42,438
"Railroad Commissioner, Unexpired Term",0330,591,376,967,1849,52.30%,458,175,89,722
"Railroad Commissioner, Unexpired Term",0331,0,1,1,0,0.00%,1,0,0,1
"Railroad Commissioner, Unexpired Term",0332,24,4,28,128,21.88%,11,4,0,15
"Railroad Commissioner, Unexpired Term",0333,1019,939,1958,2901,67.49%,1400,151,131,1682
"Railroad Commissioner, Unexpired Term",0334,255,114,369,755,48.87%,78,69,29,176
"Railroad Commissioner, Unexpired Term",0335,285,246,531,1227,43.28%,171,110,37,318
"Railroad Commissioner, Unexpired Term",0336,1825,588,2413,3161,76.34%,303,599,296,1198
"Railroad Commissioner, Unexpired Term",0337,310,207,517,951,54.36%,97,123,56,276
"Railroad Commissioner, Unexpired Term",0338,1543,824,2367,4673,50.65%,717,435,155,1307
"Railroad Commissioner, Unexpired Term",0339,369,373,742,1716,43.24%,169,179,50,398
"Railroad Commissioner, Unexpired Term",0340,1779,833,2612,3717,70.27%,1940,200,143,2283
Office,Precinct,Early Ballots Cast,Election Ballots Cast,Total Ballots Cast,Registered Voters,Percent Turnout,REP Barry Smitherman,LIB Jaime O. Perez,GRN Josh Wendel,Totals
"Railroad Commissioner, Unexpired Term",0341,246,316,562,1248,45.03%,156,126,37,319
"Railroad Commissioner, Unexpired Term",0342,2031,1113,3144,5718,54.98%,545,599,242,1386
"Railroad Commissioner, Unexpired Term",0343,436,483,919,1904,48.27%,252,224,52,528
"Railroad Commissioner, Unexpired Term",0344,395,245,640,1207,53.02%,43,92,42,177
"Railroad Commissioner, Unexpired Term",0345,430,357,787,1708,46.08%,209,194,82,485
"Railroad Commissioner, Unexpired Term",0346,1,2,3,1,300.00%,3,0,0,3
"Railroad Commissioner, Unexpired Term",0347,1250,614,1864,3299,56.50%,1148,216,69,1433
"Railroad Commissioner, Unexpired Term",0348,753,280,1033,1740,59.37%,741,75,33,849
"Railroad Commissioner, Unexpired Term",0349,407,407,814,1315,61.90%,479,119,49,647
"Railroad Commissioner, Unexpired Term",0350,1120,780,1900,2906,65.38%,861,291,294,1446
"Railroad Commissioner, Unexpired Term",0351,2495,793,3288,4537,72.47%,2625,205,105,2935
"Railroad Commissioner, Unexpired Term",0352,1152,583,1735,3193,54.34%,1201,150,66,1417
"Railroad Commissioner, Unexpired Term",0353,1544,703,2247,3697,60.78%,438,337,163,938
"Railroad Commissioner, Unexpired Term",0354,1477,517,1994,3193,62.45%,536,327,148,1011
"Railroad Commissioner, Unexpired Term",0355,703,286,989,1384,71.46%,124,215,93,432
"Railroad Commissioner, Unexpired Term",0356,1383,618,2001,2836,70.56%,1211,250,133,1594
"Railroad Commissioner, Unexpired Term",0357,1633,709,2342,3371,69.47%,1731,188,154,2073
"Railroad Commissioner, Unexpired Term",0358,742,464,1206,2297,52.50%,127,206,89,422
"Railroad Commissioner, Unexpired Term",0359,707,482,1189,3008,39.53%,131,257,127,515
"Railroad Commissioner, Unexpired Term",0360,973,515,1488,2190,67.95%,850,164,158,1172
"Railroad Commissioner, Unexpired Term",0361,136,691,827,1585,52.18%,208,209,193,610
"Railroad Commissioner, Unexpired Term",0362,2132,1200,3332,4952,67.29%,2451,251,159,2861
"Railroad Commissioner, Unexpired Term",0363,1348,687,2035,3291,61.84%,940,308,125,1373
"Railroad Commissioner, Unexpired Term",0364,913,602,1515,2539,59.67%,778,244,98,1120
"Railroad Commissioner, Unexpired Term",0365,735,245,980,1302,75.27%,114,146,93,353
"Railroad Commissioner, Unexpired Term",0366,638,466,1104,2089,52.85%,264,226,64,554
"Railroad Commissioner, Unexpired Term",0367,328,212,540,1019,52.99%,108,96,54,258
"Railroad Commissioner, Unexpired Term",0368,418,143,561,929,60.39%,168,90,45,303
"Railroad Commissioner, Unexpired Term",0369,108,53,161,490,32.86%,67,26,16,109
"Railroad Commissioner, Unexpired Term",0370,3145,1178,4323,5781,74.78%,3281,328,161,3770
"Railroad Commissioner, Unexpired Term",0371,226,69,295,475,62.11%,14,35,14,63
"Railroad Commissioner, Unexpired Term",0372,499,231,730,1215,60.08%,112,173,71,356
"Railroad Commissioner, Unexpired Term",0373,61,16,77,159,48.43%,5,7,4,16
"Railroad Commissioner, Unexpired Term",0374,139,187,326,748,43.58%,98,75,11,184
Office,Precinct,Early Ballots Cast,Election Ballots Cast,Total Ballots Cast,Registered Voters,Percent Turnout,REP Barry Smitherman,LIB Jaime O. Perez,GRN Josh Wendel,Totals
"Railroad Commissioner, Unexpired Term",0375,578,524,1102,2607,42.27%,494,186,45,725
"Railroad Commissioner, Unexpired Term",0376,530,334,964,1916,50.31%,411,138,60,609
"Railroad Commissioner, Unexpired Term",0377,1055,707,1762,2871,61.37%,1300,110,91,1501
"Railroad Commissioner, Unexpired Term",0378,559,521,1080,1777,60.78%,677,141,72,890
"Railroad Commissioner, Unexpired Term",0379,802,338,1140,2017,56.52%,119,226,99,444
"Railroad Commissioner, Unexpired Term",0380,2505,1183,3688,4753,77.59%,2172,484,243,2899
"Railroad Commissioner, Unexpired Term",0381,957,424,1381,2715,50.87%,602,241,81,924
"Railroad Commissioner, Unexpired Term",0382,275,231,507,841,60.29%,359,48,15,422
"Railroad Commissioner, Unexpired Term",0383,601,493,1094,2076,52.70%,356,177,49,582
"Railroad Commissioner, Unexpired Term",0384,1176,505,1681,2596,64.75%,416,295,178,889
"Railroad Commissioner, Unexpired Term",0385,1099,621,1720,2175,79.08%,1354,90,67,1511
"Railroad Commissioner, Unexpired Term",0386,1466,460,1926,2872,67.06%,1406,140,69,1615
"Railroad Commissioner, Unexpired Term",0387,1369,802,2171,3727,58.25%,1531,140,68,1739
"Railroad Commissioner, Unexpired Term",0388,2780,1222,4002,5329,75.10%,2292,547,223,3062
"Railroad Commissioner, Unexpired Term",0389,290,251,551,975,56.51%,107,145,56,308
"Railroad Commissioner, Unexpired Term",0390,651,368,1019,1565,65.11%,161,214,126,501
"Railroad Commissioner, Unexpired Term",0391,856,355,1211,1805,67.09%,798,93,90,981
"Railroad Commissioner, Unexpired Term",0392,737,197,934,1441,64.82%,45,148,71,264
"Railroad Commissioner, Unexpired Term",0393,346,318,664,1206,55.06%,303,133,51,487
"Railroad Commissioner, Unexpired Term",0394,166,176,342,860,39.77%,142,58,14,214
"Railroad Commissioner, Unexpired Term",0395,830,491,1321,1820,72.58%,933,117,106,1156
"Railroad Commissioner, Unexpired Term",0396,1158,219,1377,2073,66.43%,45,148,71,264
"Railroad Commissioner, Unexpired Term",0397,163,148,311,750,41.47%,126,54,14,194
"Railroad Commissioner, Unexpired Term",0398,1443,840,2283,3816,59.83%,1161,365,180,1706
"Railroad Commissioner, Unexpired Term",0399,897,593,1490,2542,58.62%,750,189,84,1023
"Railroad Commissioner, Unexpired Term",0400,1052,506,1558,2238,69.62%,1145,119,75,1339
"Railroad Commissioner, Unexpired Term",0401,724,284,1008,1876,53.73%,66,138,57,261
"Railroad Commissioner, Unexpired Term",0402,892,245,1137,1737,65.46%,88,200,116,404
"Railroad Commissioner, Unexpired Term",0403,792,527,1319,1703,77.45%,827,100,130,1057
"Railroad Commissioner, Unexpired Term",0404,778,552,1330,2589,51.37%,679,165,73,917
"Railroad Commissioner, Unexpired Term",0405,0,1,1,0,0.00%,0,0,0,0
"Railroad Commissioner, Unexpired Term",0406,282,72,354,610,58.03%,15,47,17,79
"Railroad Commissioner, Unexpired Term",0407,1320,1000,2320,3652,63.53%,1498,271,145,1914
"Railroad Commissioner, Unexpired Term",0408,154,179,333,933,35.69%,141,54,14,209
Office,Precinct,Early Ballots Cast,Election Ballots Cast,Total Ballots Cast,Registered Voters,Percent Turnout,REP Barry Smitherman,LIB Jaime O. Perez,GRN Josh Wendel,Totals
"Railroad Commissioner, Unexpired Term",0409,277,289,566,1371,41.28%,190,116,27,333
"Railroad Commissioner, Unexpired Term",0410,337,102,439,849,51.71%,91,65,31,187
"Railroad Commissioner, Unexpired Term",0411,542,462,1004,2302,43.61%,307,188,46,541
"Railroad Commissioner, Unexpired Term",0412,193,74,267,433,61.66%,23,36,13,72
"Railroad Commissioner, Unexpired Term",0413,1493,525,2018,3023,66.75%,822,260,118,1200
"Railroad Commissioner, Unexpired Term",0414,1453,593,2046,3457,59.18%,1476,156,88,1720
"Railroad Commissioner, Unexpired Term",0415,951,633,1584,2124,74.58%,1113,113,107,1333
"Railroad Commissioner, Unexpired Term",0416,1181,916,2097,3582,58.54%,1115,312,151,1578
"Railroad Commissioner, Unexpired Term",0417,777,619,1396,2465,56.63%,648,242,77,967
"Railroad Commissioner, Unexpired Term",0418,1059,758,1817,3420,53.13%,709,314,125,1148
"Railroad Commissioner, Unexpired Term",0419,1006,578,1584,2697,58.73%,1021,164,69,1254
"Railroad Commissioner, Unexpired Term",0420,2174,1089,3263,4639,70.34%,2629,180,87,2896
"Railroad Commissioner, Unexpired Term",0421,124,92,216,467,46.25%,53,48,22,123
"Railroad Commissioner, Unexpired Term",0422,1456,585,2041,3345,61.02%,101,356,172,629
"Railroad Commissioner, Unexpired Term",0423,190,309,499,894,55.82%,213,72,19,304
"Railroad Commissioner, Unexpired Term",0424,435,1,57,592,888,66.67%,355,94,43,492
"Railroad Commissioner, Unexpired Term",0425,228,234,462,875,52.80%,159,93,42,294
"Railroad Commissioner, Unexpired Term",0426,415,283,698,1224,57.03%,415,69,36,520
"Railroad Commissioner, Unexpired Term",0427,325,249,574,1115,51.48%,215,97,48,360
"Railroad Commissioner, Unexpired Term",0428,1284,907,2191,4316,50.76%,720,313,137,1170
"Railroad Commissioner, Unexpired Term",0429,1093,777,1870,3929,47.59%,398,371,143,912
"Railroad Commissioner, Unexpired Term",0430,406,335,741,1654,44.80%,181,119,60,360
"Railroad Commissioner, Unexpired Term",0431,824,403,1227,3188,38.49%,349,259,116,724
"Railroad Commissioner, Unexpired Term",0432,312,271,583,1344,43.38%,177,140,69,386
"Railroad Commissioner, Unexpired Term",0433,139,106,245,573,42.76%,52,46,33,131
"Railroad Commissioner, Unexpired Term",0434,633,371,1004,1386,72.44%,669,102,81,852
"Railroad Commissioner, Unexpired Term",0435,1537,768,2305,3097,74.43%,1581,202,149,1932
"Railroad Commissioner, Unexpired Term",0436,1342,709,2051,3012,68.09%,1305,226,156,1687
"Railroad Commissioner, Unexpired Term",0437,952,542,1494,2007,74.44%,1086,107,83,1276
"Railroad Commissioner, Unexpired Term",0438,1047,387,1434,1802,79.58%,1122,76,59,1257
"Railroad Commissioner, Unexpired Term",0439,1527,905,2432,3416,71.19%,1792,172,133,2097
"Railroad Commissioner, Unexpired Term",0440,1326,876,2202,2867,76.81%,1776,89,84,1949
"Railroad Commissioner, Unexpired Term",0441,699,513,1212,1616,75.00%,916,81,48,1045
"Railroad Commissioner, Unexpired Term",0442,1366,513,1879,2504,75.04%,1545,88,78,1711
Office,Precinct,Early Ballots Cast,Election Ballots Cast,Total Ballots Cast,Registered Voters,Percent Turnout,REP Barry Smitherman,LIB Jaime O. Perez,GRN Josh Wendel,Totals
"Railroad Commissioner, Unexpired Term",0443,335,148,483,605,79.83%,345,37,30,412
"Railroad Commissioner, Unexpired Term",0444,1258,731,1989,3172,62.70%,1215,277,124,1616
"Railroad Commissioner, Unexpired Term",0445,861,443,1304,1938,67.29%,841,132,76,1049
"Railroad Commissioner, Unexpired Term",0446,70,52,122,268,45.52%,54,18,11,83
"Railroad Commissioner, Unexpired Term",0447,271,108,379,583,65.01%,145,76,49,270
"Railroad Commissioner, Unexpired Term",0448,1240,869,2109,3081,68.45%,1285,266,216,1767
"Railroad Commissioner, Unexpired Term",0449,62,37,99,164,60.37%,15,12,3,30
"Railroad Commissioner, Unexpired Term",0450,856,537,1393,2622,53.13%,382,228,121,731
"Railroad Commissioner, Unexpired Term",0451,1575,515,2090,2674,78.16%,1725,107,69,1901
"Railroad Commissioner, Unexpired Term",0452,1110,639,1749,2810,62.24%,1293,147,75,1515
"Railroad Commissioner, Unexpired Term",0453,559,475,1034,1885,54.85%,365,196,81,642
"Railroad Commissioner, Unexpired Term",0454,1227,311,1538,2571,59.82%,39,163,69,271
"Railroad Commissioner, Unexpired Term",0455,748,216,964,1679,57.42%,49,130,43,222
"Railroad Commissioner, Unexpired Term",0456,1271,593,1864,3350,55.64%,1012,210,75,1297
"Railroad Commissioner, Unexpired Term",0457,0,0,0,0,0.00%,0,0,0,0
"Railroad Commissioner, Unexpired Term",0458,909,271,1180,1893,62.33%,91,214,118,423
"Railroad Commissioner, Unexpired Term",0459,1639,476,2115,2950,71.69%,1689,123,84,1896
"Railroad Commissioner, Unexpired Term",0460,1251,402,1653,2346,70.46%,473,322,111,906
"Railroad Commissioner, Unexpired Term",0461,1959,828,2787,3733,74.66%,1914,206,188,2308
"Railroad Commissioner, Unexpired Term",0462,1320,865,2185,3367,64.89%,844,375,222,1441
"Railroad Commissioner, Unexpired Term",0463,1130,656,1786,2962,60.30%,766,371,147,1284
"Railroad Commissioner, Unexpired Term",0464,788,612,1400,2126,65.85%,963,132,75,1170
"Railroad Commissioner, Unexpired Term",0465,1466,702,2168,3343,64.85%,1193,279,148,1620
"Railroad Commissioner, Unexpired Term",0466,2052,729,2781,4072,68.30%,1617,286,139,2042
"Railroad Commissioner, Unexpired Term",0467,479,229,708,1230,57.56%,196,85,49,330
"Railroad Commissioner, Unexpired Term",0468,986,793,1779,3354,53.04%,550,323,102,975
"Railroad Commissioner, Unexpired Term",0469,2039,638,2677,3779,70.84%,2075,170,130,2375
"Railroad Commissioner, Unexpired Term",0470,443,323,766,1349,56.78%,523,75,36,634
"Railroad Commissioner, Unexpired Term",0471,793,597,1390,2349,59.17%,1073,100,38,1211
"Railroad Commissioner, Unexpired Term",0472,372,337,709,1027,69.04%,368,80,107,555
"Railroad Commissioner, Unexpired Term",0473,914,442,1356,1827,74.22%,971,97,94,1162
"Railroad Commissioner, Unexpired Term",0474,1149,766,1915,3006,63.71%,1325,187,111,1623
"Railroad Commissioner, Unexpired Term",0475,485,473,958,1651,58.03%,435,159,60,654
"Railroad Commissioner, Unexpired Term",0476,809,658,1467,2412,60.82%,842,211,82,1135
Office,Precinct,Early Ballots Cast,Election Ballots Cast,Total Ballots Cast,Registered Voters,Percent Turnout,REP Barry Smitherman,LIB Jaime O. Perez,GRN Josh Wendel,Totals
"Railroad Commissioner, Unexpired Term",0477,1442,742,2184,3195,68.36%,1643,176,99,1918
"Railroad Commissioner, Unexpired Term",0478,1963,898,2861,4150,68.94%,1906,303,189,2398
"Railroad Commissioner, Unexpired Term",0479,1302,588,1890,2648,71.37%,1410,161,90,1661
"Railroad Commissioner, Unexpired Term",0480,935,555,1491,2267,65.77%,1067,127,69,1263
"Railroad Commissioner, Unexpired Term",0481,1466,852,2318,3298,70.29%,1725,162,108,1995
"Railroad Commissioner, Unexpired Term",0482,1964,836,2800,4129,67.81%,1937,307,148,2392
"Railroad Commissioner, Unexpired Term",0483,1870,759,2629,4141,63.49%,1437,387,238,2062
"Railroad Commissioner, Unexpired Term",0484,2239,1008,3247,4594,70.68%,2356,294,158,2808
"Railroad Commissioner, Unexpired Term",0485,2422,990,3412,4838,70.53%,2518,296,118,2932
"Railroad Commissioner, Unexpired Term",0486,1844,805,2649,3572,74.16%,2036,181,98,2315
"Railroad Commissioner, Unexpired Term",0487,1006,612,1618,3318,48.76%,490,280,100,870
"Railroad Commissioner, Unexpired Term",0488,580,440,1020,1713,59.54%,374,182,81,637
"Railroad Commissioner, Unexpired Term",0489,784,378,1162,1823,63.74%,381,217,120,718
"Railroad Commissioner, Unexpired Term",0490,881,439,1320,1944,67.90%,531,190,143,864
"Railroad Commissioner, Unexpired Term",0491,570,489,1159,1782,65.04%,704,140,109,953
"Railroad Commissioner, Unexpired Term",0492,1072,504,1576,2351,67.04%,880,204,125,1209
"Railroad Commissioner, Unexpired Term",0493,859,400,1259,1804,69.79%,824,131,100,1055
"Railroad Commissioner, Unexpired Term",0494,761,431,1192,2176,54.78%,177,200,84,461
"Railroad Commissioner, Unexpired Term",0495,1121,494,1615,2284,70.71%,1163,142,76,1381
"Railroad Commissioner, Unexpired Term",0496,496,571,1067,2086,51.15%,413,192,60,665
"Railroad Commissioner, Unexpired Term",0497,1124,303,1427,2226,64.11%,90,159,82,331
"Railroad Commissioner, Unexpired Term",0498,760,499,1259,2123,59.30%,557,186,94,837
"Railroad Commissioner, Unexpired Term",0499,1302,517,1819,2304,78.95%,1377,116,103,1596
"Railroad Commissioner, Unexpired Term",0500,1507,746,2253,3175,70.96%,1554,192,147,1893
"Railroad Commissioner, Unexpired Term",0501,653,487,1140,1647,69.22%,476,199,170,845
"Railroad Commissioner, Unexpired Term",0502,1152,332,1484,2364,62.77%,1156,86,48,1290
"Railroad Commissioner, Unexpired Term",0503,359,273,632,1363,46.37%,211,87,34,332
"Railroad Commissioner, Unexpired Term",0504,1129,538,1667,2197,75.88%,1143,159,133,1435
"Railroad Commissioner, Unexpired Term",0505,1213,829,2042,3654,55.88%,934,344,217,1495
"Railroad Commissioner, Unexpired Term",0506,1471,801,2272,3380,67.22%,453,441,240,1134
"Railroad Commissioner, Unexpired Term",0507,582,385,967,2435,39.71%,180,163,65,408
"Railroad Commissioner, Unexpired Term",0508,946,760,1706,3248,52.52%,608,277,111,996
"Railroad Commissioner, Unexpired Term",0509,1341,864,2205,3536,62.36%,1563,196,101,1860
"Railroad Commissioner, Unexpired Term",0510,1495,582,2177,3511,62.01%,1047,329,214,1590
Office,Precinct,Early Ballots Cast,Election Ballots Cast,Total Ballots Cast,Registered Voters,Percent Turnout,REP Barry Smitherman,LIB Jaime O. Perez,GRN Josh Wendel,Totals
"Railroad Commissioner, Unexpired Term",0511,0,6,6,0,0.00%,1,1,1,3
"Railroad Commissioner, Unexpired Term",0512,1568,1127,2695,4582,58.82%,1278,466,162,1906
"Railroad Commissioner, Unexpired Term",0513,1606,507,2113,2752,76.78%,1617,165,90,1872
"Railroad Commissioner, Unexpired Term",0514,1969,860,2829,3941,71.78%,2079,239,131,2449
"Railroad Commissioner, Unexpired Term",0515,1692,708,2400,3173,75.64%,1938,145,74,2157
"Railroad Commissioner, Unexpired Term",0516,2181,1066,3247,4934,65.81%,1638,490,208,2336
"Railroad Commissioner, Unexpired Term",0517,1208,653,1861,3320,56.05%,988,303,104,1395
"Railroad Commissioner, Unexpired Term",0518,1479,919,2398,3755,63.86%,1522,268,130,1920
"Railroad Commissioner, Unexpired Term",0519,1235,645,1880,2951,63.71%,1361,159,115,1635
"Railroad Commissioner, Unexpired Term",0520,1546,857,2403,4064,59.13%,457,433,164,1054
"Railroad Commissioner, Unexpired Term",0521,1014,694,1708,2725,62.68%,917,252,93,1262
"Railroad Commissioner, Unexpired Term",0522,1173,658,1831,2682,68.27%,1378,142,96,1616
"Railroad Commissioner, Unexpired Term",0523,1340,689,2029,3060,66.31%,1356,187,140,1683
"Railroad Commissioner, Unexpired Term",0524,1242,675,1917,3292,58.23%,629,352,149,1130
"Railroad Commissioner, Unexpired Term",0525,1383,610,1993,2947,67.63%,449,339,209,997
"Railroad Commissioner, Unexpired Term",0526,167,171,338,731,46.24%,92,63,27,182
"Railroad Commissioner, Unexpired Term",0527,80,24,104,569,18.28%,51,8,3,62
"Railroad Commissioner, Unexpired Term",0528,36,12,48,92,52.17%,3,6,1,10
"Railroad Commissioner, Unexpired Term",0529,1989,441,2430,3616,67.20%,2021,106,75,2202
"Railroad Commissioner, Unexpired Term",0530,259,235,494,1196,41.30%,113,125,20,258
"Railroad Commissioner, Unexpired Term",0531,672,113,785,1094,71.76%,623,42,16,681
"Railroad Commissioner, Unexpired Term",0532,452,184,636,1039,61.21%,452,56,25,533
"Railroad Commissioner, Unexpired Term",0533,317,207,524,1069,49.02%,269,67,27,363
"Railroad Commissioner, Unexpired Term",0534,1660,675,2335,3795,61.53%,1706,190,83,1979
"Railroad Commissioner, Unexpired Term",0535,80,94,174,421,41.33%,61,33,6,100
"Railroad Commissioner, Unexpired Term",0536,1335,1195,2530,4576,55.29%,982,517,141,1640
"Railroad Commissioner, Unexpired Term",0537,1455,823,2278,2971,76.67%,1717,143,74,1934
"Railroad Commissioner, Unexpired Term",0538,433,237,670,1282,52.26%,34,98,43,175
"Railroad Commissioner, Unexpired Term",0539,26,209,235,71,330.99%,56,51,24,131
"Railroad Commissioner, Unexpired Term",0540,666,380,1046,1491,70.15%,497,129,155,781
"Railroad Commissioner, Unexpired Term",0541,1836,779,2615,4183,62.51%,464,629,323,1416
"Railroad Commissioner, Unexpired Term",0542,997,501,1498,2525,59.33%,123,340,121,584
"Railroad Commissioner, Unexpired Term",0543,287,378,665,1528,43.52%,227,173,37,437
"Railroad Commissioner, Unexpired Term",0544,93,53,146,318,45.91%,15,27,9,51
Office,Precinct,Early Ballots Cast,Election Ballots Cast,Total Ballots Cast,Registered Voters,Percent Turnout,REP Barry Smitherman,LIB Jaime O. Perez,GRN Josh Wendel,Totals
"Railroad Commissioner, Unexpired Term",0545,1314,857,2171,3339,65.02%,1069,356,99,1524
"Railroad Commissioner, Unexpired Term",0546,4,4,8,30,26.67%,3,3,0,6
"Railroad Commissioner, Unexpired Term",0547,877,647,1524,2408,63.29%,1055,152,70,1277
"Railroad Commissioner, Unexpired Term",0548,720,476,1196,2129,56.18%,560,206,86,852
"Railroad Commissioner, Unexpired Term",0549,944,586,1530,2530,60.47%,247,267,99,613
"Railroad Commissioner, Unexpired Term",0550,1134,629,1763,2847,61.92%,895,251,114,1260
"Railroad Commissioner, Unexpired Term",0551,3092,1527,4619,6135,75.29%,3390,397,204,3991
"Railroad Commissioner, Unexpired Term",0552,1521,844,2465,3241,76.06%,2034,117,84,2235
"Railroad Commissioner, Unexpired Term",0553,1465,951,2416,4355,55.48%,1087,463,155,1705
"Railroad Commissioner, Unexpired Term",0554,562,340,902,1731,52.11%,168,153,74,395
"Railroad Commissioner, Unexpired Term",0555,598,447,1045,2119,49.32%,210,201,93,504
"Railroad Commissioner, Unexpired Term",0556,585,421,1006,2249,44.73%,241,203,70,514
"Railroad Commissioner, Unexpired Term",0557,822,556,1378,2726,50.55%,473,241,77,791
"Railroad Commissioner, Unexpired Term",0558,1592,824,2416,4084,59.16%,835,449,250,1534
"Railroad Commissioner, Unexpired Term",0559,1794,899,2693,4633,58.13%,729,629,324,1682
"Railroad Commissioner, Unexpired Term",0560,172,289,461,1176,39.20%,93,112,16,221
"Railroad Commissioner, Unexpired Term",0561,837,759,1596,3033,52.62%,881,158,56,1095
"Railroad Commissioner, Unexpired Term",0562,201,146,347,645,53.80%,37,57,18,112
"Railroad Commissioner, Unexpired Term",0563,1700,415,2115,2969,71.24%,1638,140,92,1870
"Railroad Commissioner, Unexpired Term",0564,1159,713,1872,3096,60.47%,548,454,291,1293
"Railroad Commissioner, Unexpired Term",0565,31,e,194,510,1373,37.14%,106,85,41,232
"Railroad Commissioner, Unexpired Term",0566,1126,478,1604,2950,54.37%,466,357,216,1039
"Railroad Commissioner, Unexpired Term",0567,673,394,1067,2198,48.54%,305,160,88,553
"Railroad Commissioner, Unexpired Term",0568,1630,837,2467,3487,70.75%,1626,244,152,2022
"Railroad Commissioner, Unexpired Term",0569,1295,865,2160,3249,66.48%,1205,334,194,1733
"Railroad Commissioner, Unexpired Term",0570,527,409,936,1473,63.54%,450,167,115,732
"Railroad Commissioner, Unexpired Term",0571,334,312,646,1758,36.75%,211,119,28,358
"Railroad Commissioner, Unexpired Term",0572,1288,574,1862,2998,62.11%,908,293,176,1377
"Railroad Commissioner, Unexpired Term",0573,578,368,946,1618,58.47%,35,131,49,215
"Railroad Commissioner, Unexpired Term",0574,98,79,177,391,45.27%,20,34,9,63
"Railroad Commissioner, Unexpired Term",0575,27,9,36,79,45.57%,32,2,1,35
"Railroad Commissioner, Unexpired Term",0576,1051,552,1603,2671,60.01%,87,208,107,402
"Railroad Commissioner, Unexpired Term",0577,231,113,344,573,60.03%,206,51,30,287
"Railroad Commissioner, Unexpired Term",0578,745,553,1298,1689,76.85%,832,126,126,1084
Office,Precinct,Early Ballots Cast,Election Ballots Cast,Total Ballots Cast,Registered Voters,Percent Turnout,REP Barry Smitherman,LIB Jaime O. Perez,GRN Josh Wendel,Totals
"Railroad Commissioner, Unexpired Term",0579,489,351,840,1806,46.51%,224,152,64,440
"Railroad Commissioner, Unexpired Term",0580,430,146,576,1027,56.09%,31,93,30,154
"Railroad Commissioner, Unexpired Term",0581,510,162,672,1041,64.55%,31,92,49,172
"Railroad Commissioner, Unexpired Term",0582,615,256,871,1613,54.00%,70,106,59,235
"Railroad Commissioner, Unexpired Term",0583,544,127,671,1248,53.77%,22,77,31,130
"Railroad Commissioner, Unexpired Term",0584,393,139,532,971,54.79%,39,70,25,134
"Railroad Commissioner, Unexpired Term",0585,934,304,1238,2403,51.52%,56,175,76,307
"Railroad Commissioner, Unexpired Term",0586,1307,1189,2496,4230,59.01%,1509,301,158,1968
"Railroad Commissioner, Unexpired Term",0587,934,465,1399,2174,64.35%,529,192,93,814
"Railroad Commissioner, Unexpired Term",0588,1539,871,2410,3468,69.49%,1689,237,142,2068
"Railroad Commissioner, Unexpired Term",0589,1034,738,1772,3130,56.61%,962,287,117,1366
"Railroad Commissioner, Unexpired Term",0590,1158,463,1621,2136,75.89%,1268,106,78,1452
"Railroad Commissioner, Unexpired Term",0591,420,449,869,2114,41.11%,234,191,22,447
"Railroad Commissioner, Unexpired Term",0592,370,288,658,1258,52.31%,154,107,42,303
"Railroad Commissioner, Unexpired Term",0593,1149,999,2148,4059,52.92%,1006,376,121,1503
"Railroad Commissioner, Unexpired Term",0594,1032,535,1567,2361,66.37%,482,255,115,852
"Railroad Commissioner, Unexpired Term",0595,497,380,877,1647,53.25%,158,143,67,368
"Railroad Commissioner, Unexpired Term",0596,947,690,1637,2848,57.48%,868,232,110,1210
"Railroad Commissioner, Unexpired Term",0597,1067,719,1786,3267,54.67%,673,325,130,1128
"Railroad Commissioner, Unexpired Term",0598,335,103,438,724,60.50%,336,23,16,375
"Railroad Commissioner, Unexpired Term",0599,1895,855,2761,4135,66.77%,994,517,210,1721
"Railroad Commissioner, Unexpired Term",0600,1383,869,2252,3820,58.95%,837,378,168,1383
"Railroad Commissioner, Unexpired Term",0601,2028,858,2886,3990,72.33%,2191,203,149,2543
"Railroad Commissioner, Unexpired Term",0602,563,296,859,1237,69.44%,611,71,43,725
"Railroad Commissioner, Unexpired Term",0603,1438,1163,2601,3917,66.40%,1587,314,125,2026
"Railroad Commissioner, Unexpired Term",0604,1446,528,1974,2910,67.84%,1633,124,49,1806
"Railroad Commissioner, Unexpired Term",0605,2228,889,3117,5251,59.36%,857,563,224,1644
"Railroad Commissioner, Unexpired Term",0606,420,122,542,1053,51.47%,21,65,29,115
"Railroad Commissioner, Unexpired Term",0607,194,118,312,731,42.68%,25,38,22,85
"Railroad Commissioner, Unexpired Term",0608,245,290,535,1256,42.60%,235,90,32,357
"Railroad Commissioner, Unexpired Term",0609,1365,844,2209,3261,67.74%,1411,256,150,1817
"Railroad Commissioner, Unexpired Term",0610,403,398,801,1825,43.89%,376,149,40,565
"Railroad Commissioner, Unexpired Term",0611,1122,301,1423,2450,58.08%,62,143,85,290
"Railroad Commissioner, Unexpired Term",0612,1702,579,2281,3272,69.71%,1742,173,130,2045
Office,Precinct,Early Ballots Cast,Election Ballots Cast,Total Ballots Cast,Registered Voters,Percent Turnout,REP Barry Smitherman,LIB Jaime O. Perez,GRN Josh Wendel,Totals
"Railroad Commissioner, Unexpired Term",0613,495,309,804,1450,55.45%,141,150,44,335
"Railroad Commissioner, Unexpired Term",0614,1632,812,2444,3932,62.16%,889,353,147,1389
"Railroad Commissioner, Unexpired Term",0615,931,404,1335,1926,69.31%,815,136,65,1016
"Railroad Commissioner, Unexpired Term",0616,1353,970,2323,3378,68.77%,1618,230,138,1986
"Railroad Commissioner, Unexpired Term",0617,1322,849,2171,3546,61.22%,832,446,156,1434
"Railroad Commissioner, Unexpired Term",0618,1924,1021,2945,5344,55.11%,1355,434,164,1953
"Railroad Commissioner, Unexpired Term",0619,2134,857,2991,4266,70.11%,2253,233,139,2625
"Railroad Commissioner, Unexpired Term",0620,2387,856,3243,5271,61.53%,1669,439,246,2354
"Railroad Commissioner, Unexpired Term",0621,398,203,601,1173,51.24%,306,113,54,473
"Railroad Commissioner, Unexpired Term",0622,1724,829,2553,4305,59.30%,1507,342,160,2009
"Railroad Commissioner, Unexpired Term",0623,1709,626,2335,3481,67.08%,1506,249,128,1883
"Railroad Commissioner, Unexpired Term",0624,9,0,9,16,56.25%,5,1,0,6
"Railroad Commissioner, Unexpired Term",0625,865,454,1319,1796,73.44%,795,158,122,1075
"Railroad Commissioner, Unexpired Term",0626,1150,655,1805,2838,63.60%,950,261,146,1357
"Railroad Commissioner, Unexpired Term",0627,795,547,1442,2964,48.65%,449,243,109,801
"Railroad Commissioner, Unexpired Term",0628,292,456,748,1600,46.75%,338,133,48,519
"Railroad Commissioner, Unexpired Term",0629,177,127,304,629,48.33%,39,69,18,126
"Railroad Commissioner, Unexpired Term",0630,2023,535,2558,3190,80.19%,324,694,282,1300
"Railroad Commissioner, Unexpired Term",0631,1490,392,1882,2733,68.86%,1362,151,94,1607
"Railroad Commissioner, Unexpired Term",0632,12,9,21,231,9.09%,6,5,3,14
"Railroad Commissioner, Unexpired Term",0633,1783,578,2461,3257,75.56%,1823,199,125,2147
"Railroad Commissioner, Unexpired Term",0634,1022,734,1756,2922,60.10%,1091,248,80,1419
"Railroad Commissioner, Unexpired Term",0635,1328,706,2034,3280,62.01%,1539,173,107,1819
"Railroad Commissioner, Unexpired Term",0636,1793,974,2767,3881,71.30%,2345,140,71,2556
"Railroad Commissioner, Unexpired Term",0637,740,509,1249,2471,50.55%,320,291,99,710
"Railroad Commissioner, Unexpired Term",0638,741,684,1425,2078,68.58%,144,272,134,550
"Railroad Commissioner, Unexpired Term",0639,833,711,1544,2501,61.74%,1209,84,56,1349
"Railroad Commissioner, Unexpired Term",0640,1385,723,2108,3548,59.41%,1221,283,134,1638
"Railroad Commissioner, Unexpired Term",0641,1265,878,2143,3375,63.50%,1335,246,101,1682
"Railroad Commissioner, Unexpired Term",0642,873,447,1320,1779,74.20%,1088,72,39,1199
"Railroad Commissioner, Unexpired Term",0643,2160,994,3154,5310,59.40%,1298,585,255,2138
"Railroad Commissioner, Unexpired Term",0644,2125,1204,3329,5261,63.28%,2128,396,197,2721
"Railroad Commissioner, Unexpired Term",0645,1648,895,2543,4035,63.02%,1251,413,233,1897
"Railroad Commissioner, Unexpired Term",0646,708,456,1164,2163,53.81%,378,211,76,665
Office,Precinct,Early Ballots Cast,Election Ballots Cast,Total Ballots Cast,Registered Voters,Percent Turnout,REP Barry Smitherman,LIB Jaime O. Perez,GRN Josh Wendel,Totals
"Railroad Commissioner, Unexpired Term",0647,1771,1020,2791,5593,49.90%,786,402,219,1407
"Railroad Commissioner, Unexpired Term",0648,1591,668,2259,3197,70.66%,1616,208,100,1924
"Railroad Commissioner, Unexpired Term",0649,1390,854,2244,4426,50.70%,688,429,175,1292
"Railroad Commissioner, Unexpired Term",0650,1329,939,2268,3151,71.98%,1690,203,93,1986
"Railroad Commissioner, Unexpired Term",0651,2087,1070,3157,4931,64.02%,2027,391,148,2566
"Railroad Commissioner, Unexpired Term",0652,1054,653,1707,2633,64.83%,364,324,168,856
"Railroad Commissioner, Unexpired Term",0653,0,8,8,0,0.00%,2,2,2,6
"Railroad Commissioner, Unexpired Term",0654,2106,1344,3450,5765,59.84%,1826,558,176,2560
"Railroad Commissioner, Unexpired Term",0655,2614,1451,4065,6304,64.48%,2531,449,229,3209
"Railroad Commissioner, Unexpired Term",0656,1199,421,1620,2622,61.78%,89,186,90,365
"Railroad Commissioner, Unexpired Term",0657,491,268,759,1200,63.25%,311,133,36,480
"Railroad Commissioner, Unexpired Term",0658,986,708,1694,2824,59.99%,1047,216,95,1358
"Railroad Commissioner, Unexpired Term",0659,2143,1091,3234,4588,70.49%,2307,304,149,2760
"Railroad Commissioner, Unexpired Term",0660,2461,932,3393,5048,67.21%,442,645,250,1337
"Railroad Commissioner, Unexpired Term",0661,1515,1012,2628,4179,62.89%,1456,380,180,2016
"Railroad Commissioner, Unexpired Term",0662,2477,999,3476,4807,72.31%,2793,193,92,3078
"Railroad Commissioner, Unexpired Term",0663,1304,913,2217,3232,68.60%,1267,263,237,1767
"Railroad Commissioner, Unexpired Term",0664,681,607,1288,2801,45.98%,318,202,73,593
"Railroad Commissioner, Unexpired Term",0665,951,394,1345,2007,67.02%,1091,73,34,1198
"Railroad Commissioner, Unexpired Term",0666,0,1,1,0,0.00%,0,1,0,1
"Railroad Commissioner, Unexpired Term",0667,990,547,1537,2181,70.47%,1201,100,54,1355
"Railroad Commissioner, Unexpired Term",0668,928,655,1583,2458,64.40%,998,196,85,1279
"Railroad Commissioner, Unexpired Term",0669,1609,823,2432,3243,74.99%,1749,224,132,2105
"Railroad Commissioner, Unexpired Term",0670,1567,518,2085,2952,70.63%,1638,129,111,1878
"Railroad Commissioner, Unexpired Term",0671,1091,773,1864,2942,63.36%,1097,264,106,1467
"Railroad Commissioner, Unexpired Term",0672,2303,1078,3381,4710,71.78%,2241,325,140,2706
"Railroad Commissioner, Unexpired Term",0673,1377,543,2020,2988,67.60%,1592,103,61,1756
"Railroad Commissioner, Unexpired Term",0674,2092,813,2905,4055,71.64%,2173,240,112,2525
"Railroad Commissioner, Unexpired Term",0675,0,0,0,0,0.00%,0,0,0,0
"Railroad Commissioner, Unexpired Term",0676,0,0,0,0,0.00%,0,0,0,0
"Railroad Commissioner, Unexpired Term",0677,220,239,459,954,48.11%,140,114,26,280
"Railroad Commissioner, Unexpired Term",0678,297,164,461,756,60.98%,319,50,18,387
"Railroad Commissioner, Unexpired Term",0679,1469,661,2130,3331,63.94%,1571,185,53,1809
"Railroad Commissioner, Unexpired Term",0680,57,22,79,181,43.65%,39,17,9,65
Office,Precinct,Early Ballots Cast,Election Ballots Cast,Total Ballots Cast,Registered Voters,Percent Turnout,REP Barry Smitherman,LIB Jaime O. Perez,GRN Josh Wendel,Totals
"Railroad Commissioner, Unexpired Term",0681,1,0,1,5,20.00%,0,0,0,0
"Railroad Commissioner, Unexpired Term",0682,1674,912,2586,4134,62.55%,1852,201,102,2155
"Railroad Commissioner, Unexpired Term",0683,48,50,98,261,37.55%,21,30,6,57
"Railroad Commissioner, Unexpired Term",0684,73,24,97,187,51.87%,59,13,9,81
"Railroad Commissioner, Unexpired Term",0685,167,29,196,326,60.12%,92,12,22,126
"Railroad Commissioner, Unexpired Term",0686,46,34,80,196,40.82%,18,12,9,39
"Railroad Commissioner, Unexpired Term",0687,1088,641,1729,2497,69.24%,1182,165,103,1450
"Railroad Commissioner, Unexpired Term",0688,1818,673,2491,3266,76.27%,2015,129,100,2244
"Railroad Commissioner, Unexpired Term",0689,506,651,1157,2276,50.83%,555,184,71,810
"Railroad Commissioner, Unexpired Term",0690,1959,1115,3085,4184,73.73%,2401,226,101,2728
"Railroad Commissioner, Unexpired Term",0691,10,2,12,34,35.29%,4,2,1,7
"Railroad Commissioner, Unexpired Term",0692,1001,717,1718,2626,65.42%,1264,130,85,1479
"Railroad Commissioner, Unexpired Term",0693,303,116,419,651,64.36%,111,81,56,248
"Railroad Commissioner, Unexpired Term",0694,420,137,557,817,68.18%,387,49,40,476
"Railroad Commissioner, Unexpired Term",0695,455,320,775,1646,47.08%,488,94,33,615
"Railroad Commissioner, Unexpired Term",0696,600,373,973,2098,46.38%,601,100,47,748
"Railroad Commissioner, Unexpired Term",0697,1517,941,2458,4307,57.07%,600,410,163,1173
"Railroad Commissioner, Unexpired Term",0698,1137,659,1796,2948,60.92%,223,269,108,600
"Railroad Commissioner, Unexpired Term",0699,1032,566,1598,2288,69.84%,1071,144,95,1310
"Railroad Commissioner, Unexpired Term",0700,531,287,818,1313,62.30%,673,47,25,745
"Railroad Commissioner, Unexpired Term",0701,142,115,257,554,46.39%,140,43,12,195
"Railroad Commissioner, Unexpired Term",0702,150,123,273,549,49.73%,39,52,13,104
"Railroad Commissioner, Unexpired Term",0703,743,616,1359,1845,73.66%,1012,88,69,1169
"Railroad Commissioner, Unexpired Term",0704,1336,701,2037,2882,70.68%,1616,124,58,1798
"Railroad Commissioner, Unexpired Term",0705,358,238,596,1520,39.21%,70,71,34,175
"Railroad Commissioner, Unexpired Term",0706,222,135,357,529,67.49%,175,65,27,267
"Railroad Commissioner, Unexpired Term",0707,284,135,420,707,59.41%,258,53,37,348
"Railroad Commissioner, Unexpired Term",0708,109,95,204,568,35.92%,95,48,6,149
"Railroad Commissioner, Unexpired Term",0709,2997,1297,4294,6239,68.83%,2635,582,235,3452
"Railroad Commissioner, Unexpired Term",0710,881,602,1483,2023,73.31%,909,171,166,1246
"Railroad Commissioner, Unexpired Term",0711,1493,701,2194,3351,65.47%,1364,263,152,1779
"Railroad Commissioner, Unexpired Term",0712,1205,858,2063,3348,61.62%,889,408,144,1441
"Railroad Commissioner, Unexpired Term",0713,666,436,1102,1827,60.32%,590,149,61,800
"Railroad Commissioner, Unexpired Term",0714,77,3,80,304,26.32%,50,9,4,63
Office,Precinct,Early Ballots Cast,Election Ballots Cast,Total Ballots Cast,Registered Voters,Percent Turnout,REP Barry Smitherman,LIB Jaime O. Perez,GRN Josh Wendel,Totals
"Railroad Commissioner, Unexpired Term",0715,405,326,731,1380,52.97%,361,122,55,538
"Railroad Commissioner, Unexpired Term",0716,977,522,1599,2670,59.89%,1125,107,69,1301
"Railroad Commissioner, Unexpired Term",0717,826,362,1188,1927,61.65%,189,184,82,455
"Railroad Commissioner, Unexpired Term",0718,1844,1019,2863,4050,70.69%,1984,215,155,2354
"Railroad Commissioner, Unexpired Term",0719,508,260,768,1617,47.50%,427,111,24,562
"Railroad Commissioner, Unexpired Term",0720,1575,1044,2619,3903,67.10%,1897,231,96,2224
"Railroad Commissioner, Unexpired Term",0721,1335,637,1972,2842,69.39%,1338,190,142,1670
"Railroad Commissioner, Unexpired Term",0722,1895,542,2537,4357,58.23%,228,542,258,1028
"Railroad Commissioner, Unexpired Term",0723,749,329,1078,1760,61.25%,259,167,65,491
"Railroad Commissioner, Unexpired Term",0724,325,170,495,716,69.13%,350,40,24,414
"Railroad Commissioner, Unexpired Term",0725,953,329,1282,2124,60.36%,552,143,76,771
"Railroad Commissioner, Unexpired Term",0726,1141,304,1445,1987,72.72%,1246,56,31,1333
"Railroad Commissioner, Unexpired Term",0727,935,466,1401,2488,56.31%,403,299,148,850
"Railroad Commissioner, Unexpired Term",0728,343,208,551,881,62.54%,328,64,61,453
"Railroad Commissioner, Unexpired Term",0729,208,93,301,446,67.49%,180,35,15,230
"Railroad Commissioner, Unexpired Term",0730,808,437,1245,1630,76.38%,886,96,64,1046
"Railroad Commissioner, Unexpired Term",0731,122,36,158,373,42.36%,39,33,17,89
"Railroad Commissioner, Unexpired Term",0732,701,543,1244,1895,65.65%,757,148,110,1015
"Railroad Commissioner, Unexpired Term",0733,25,62,87,172,50.58%,31,13,3,47
"Railroad Commissioner, Unexpired Term",0734,3213,1114,4327,5952,72.70%,2951,446,170,3567
"Railroad Commissioner, Unexpired Term",0735,9,0,9,23,39.13%,8,0,1,9
"Railroad Commissioner, Unexpired Term",0736,6,1,7,21,33.33%,0,1,0,1
"Railroad Commissioner, Unexpired Term",0737,25,5,30,53,56.60%,25,0,2,27
"Railroad Commissioner, Unexpired Term",0738,470,219,689,1294,53.25%,93,104,48,245
"Railroad Commissioner, Unexpired Term",0739,1006,490,1496,2872,52.09%,677,206,73,956
"Railroad Commissioner, Unexpired Term",0740,233,205,438,935,46.84%,234,42,23,299
"Railroad Commissioner, Unexpired Term",0741,0,0,0,0,0.00%,0,0,0,0
"Railroad Commissioner, Unexpired Term",0742,0,0,0,0,0.00%,0,0,0,0
"Railroad Commissioner, Unexpired Term",0743,27,4,31,199,15.58%,14,6,1,21
"Railroad Commissioner, Unexpired Term",0744,848,509,1357,2024,67.05%,894,132,83,1109
"Railroad Commissioner, Unexpired Term",0745,1068,542,1610,2396,67.20%,1033,166,112,1311
"Railroad Commissioner, Unexpired Term",0746,230,151,381,707,53.89%,194,45,30,269
"Railroad Commissioner, Unexpired Term",0747,1200,873,2073,3490,59.40%,989,316,151,1456
"Railroad Commissioner, Unexpired Term",0748,421,307,728,1319,55.19%,336,127,65,528
Office,Precinct,Early Ballots Cast,Election Ballots Cast,Total Ballots Cast,Registered Voters,Percent Turnout,REP Barry Smitherman,LIB Jaime O. Perez,GRN Josh Wendel,Totals
"Railroad Commissioner, Unexpired Term",0749,99,57,156,359,43.45%,33,23,13,69
"Railroad Commissioner, Unexpired Term",0750,264,147,411,720,57.08%,237,58,26,321
"Railroad Commissioner, Unexpired Term",0751,1668,1254,2922,4451,65.65%,1960,291,147,2398
"Railroad Commissioner, Unexpired Term",0752,572,277,849,1511,56.19%,605,84,30,719
"Railroad Commissioner, Unexpired Term",0753,106,61,167,260,64.23%,113,14,14,141
"Railroad Commissioner, Unexpired Term",0754,0,0,0,0,0.00%,0,0,0,0
"Railroad Commissioner, Unexpired Term",0755,1050,896,1946,3569,54.53%,754,429,125,1308
"Railroad Commissioner, Unexpired Term",0756,582,300,882,1539,57.31%,321,116,45,482
"Railroad Commissioner, Unexpired Term",0757,1417,690,2107,3498,60.23%,396,407,156,959
"Railroad Commissioner, Unexpired Term",0758,1996,783,2779,3781,73.50%,2233,151,108,2492
"Railroad Commissioner, Unexpired Term",0759,1112,590,1702,2625,64.84%,1050,211,108,1369
"Railroad Commissioner, Unexpired Term",0760,2347,647,2994,4154,72.08%,2497,158,96,2751
"Railroad Commissioner, Unexpired Term",0761,917,219,1136,1464,77.60%,841,85,71,997
"Railroad Commissioner, Unexpired Term",0762,0,0,0,0,0.00%,0,0,0,0
"Railroad Commissioner, Unexpired Term",0763,255,308,564,1184,47.64%,200,127,27,354
"Railroad Commissioner, Unexpired Term",0764,2274,1050,3324,4931,67.41%,2131,364,175,2670
"Railroad Commissioner, Unexpired Term",0765,1393,815,2208,3967,55.66%,833,405,215,1453
"Railroad Commissioner, Unexpired Term",0766,72,92,164,383,42.82%,37,50,9,96
"Railroad Commissioner, Unexpired Term",0767,20,15,35,90,38.89%,22,4,0,26
"Railroad Commissioner, Unexpired Term",0768,2855,1159,4014,5364,74.83%,3154,258,158,3570
"Railroad Commissioner, Unexpired Term",0769,117,5,122,161,75.78%,5,11,9,25
"Railroad Commissioner, Unexpired Term",0770,58,48,106,262,40.46%,43,20,8,71
"Railroad Commissioner, Unexpired Term",0771,703,537,1240,2378,52.14%,651,180,91,922
"Railroad Commissioner, Unexpired Term",0772,2932,1002,3934,5617,70.04%,3042,248,184,3474
"Railroad Commissioner, Unexpired Term",0773,892,550,1442,2648,54.46%,408,257,107,772
"Railroad Commissioner, Unexpired Term",0774,117,74,191,301,63.46%,46,39,17,102
"Railroad Commissioner, Unexpired Term",0775,33,1,34,83,40.96%,2,0,0,2
"Railroad Commissioner, Unexpired Term",0776,1115,741,1856,2855,65.01%,1113,226,116,1455
"Railroad Commissioner, Unexpired Term",0777,83,123,206,642,32.09%,55,38,15,108
"Railroad Commissioner, Unexpired Term",0778,0,0,0,0,0.00%,0,0,0,0
"Railroad Commissioner, Unexpired Term",0779,295,221,516,1146,45.03%,177,108,27,312
"Railroad Commissioner, Unexpired Term",0780,136,114,250,579,43.18%,112,39,13,164
"Railroad Commissioner, Unexpired Term",0781,1152,655,1807,3716,48.63%,729,319,100,1148
"Railroad Commissioner, Unexpired Term",0782,851,532,1383,2188,63.21%,863,165,82,1110
Office,Precinct,Early Ballots Cast,Election Ballots Cast,Total Ballots Cast,Registered Voters,Percent Turnout,REP Barry Smitherman,LIB Jaime O. Perez,GRN Josh Wendel,Totals
"Railroad Commissioner, Unexpired Term",0783,103,43,146,265,55.09%,80,14,11,105
"Railroad Commissioner, Unexpired Term",0784,430,156,586,1071,54.72%,26,56,29,111
"Railroad Commissioner, Unexpired Term",0785,66,55,121,310,39.03%,68,19,3,90
"Railroad Commissioner, Unexpired Term",0786,193,277,470,1297,36.24%,139,91,28,258
"Railroad Commissioner, Unexpired Term",0787,154,76,230,487,47.23%,79,41,15,135
"Railroad Commissioner, Unexpired Term",0788,156,58,214,481,44.49%,74,45,26,145
"Railroad Commissioner, Unexpired Term",0789,3,1,4,4,100.00%,0,1,2,3
"Railroad Commissioner, Unexpired Term",0790,1,0,1,4,25.00%,0,0,1,1
"Railroad Commissioner, Unexpired Term",0791,0,0,0,0,0.00%,0,0,0,0
"Railroad Commissioner, Unexpired Term",0792,549,409,958,1834,52.24%,244,152,53,449
"Railroad Commissioner, Unexpired Term",0793,890,338,1228,2437,50.39%,705,167,49,921
"Railroad Commissioner, Unexpired Term",0794,575,484,1059,2602,40.70%,112,195,73,380
"Railroad Commissioner, Unexpired Term",0795,265,255,520,1207,43.08%,164,116,37,317
"Railroad Commissioner, Unexpired Term",0796,145,92,237,485,48.87%,119,45,8,172
"Railroad Commissioner, Unexpired Term",0797,0,0,0,0,0.00%,0,0,0,0
"Railroad Commissioner, Unexpired Term",0798,176,263,439,496,88.51%,145,81,52,278
"Railroad Commissioner, Unexpired Term",0799,65,12,77,146,52.74%,16,18,6,40
"Railroad Commissioner, Unexpired Term",0800,1188,795,1983,2817,70.39%,1356,204,139,1699
"Railroad Commissioner, Unexpired Term",0801,68,55,123,253,48.62%,35,38,9,82
"Railroad Commissioner, Unexpired Term",0802,98,58,156,299,52.17%,42,29,48,119
"Railroad Commissioner, Unexpired Term",0803,1305,530,1935,2718,71.19%,1437,153,79,1669
"Railroad Commissioner, Unexpired Term",0804,1810,960,2770,4348,63.71%,1683,367,147,2197
"Railroad Commissioner, Unexpired Term",0805,1509,529,2038,2812,72.48%,1635,131,75,1841
"Railroad Commissioner, Unexpired Term",0806,0,0,0,0,0.00%,0,0,0,0
"Railroad Commissioner, Unexpired Term",0807,653,402,1055,2001,52.72%,197,284,139,620
"Railroad Commissioner, Unexpired Term",0808,42,26,68,84,80.95%,29,13,9,51
"Railroad Commissioner, Unexpired Term",0809,21,e,27,86,31.40%,10,3,1,14
"Railroad Commissioner, Unexpired Term",0810,30,48,78,215,36.28%,17,17,6,40
"Railroad Commissioner, Unexpired Term",0811,39,106,145,271,53.51%,33,46,7,86
"Railroad Commissioner, Unexpired Term",0812,0,0,0,0,0.00%,0,0,0,0
"Railroad Commissioner, Unexpired Term",0813,1969,1258,3227,5423,59.51%,1604,482,154,2240
"Railroad Commissioner, Unexpired Term",0814,1774,955,2729,4503,60.60%,702,542,249,1493
"Railroad Commissioner, Unexpired Term",0815,0,0,0,0,0.00%,0,0,0,0
"Railroad Commissioner, Unexpired Term",0816,20,13,33,76,43.42%,7,14,0,21
Office,Precinct,Early Ballots Cast,Election Ballots Cast,Total Ballots Cast,Registered Voters,Percent Turnout,REP Barry Smitherman,LIB Jaime O. Perez,GRN Josh Wendel,Totals
"Railroad Commissioner, Unexpired Term",0817,0,0,0,0,0.00%,0,0,0,0
"Railroad Commissioner, Unexpired Term",0818,134,101,235,527,44.59%,54,37,24,115
"Railroad Commissioner, Unexpired Term",0819,97,45,142,238,59.88%,91,7,14,112
"Railroad Commissioner, Unexpired Term",0820,0,0,0,0,0.00%,0,0,0,0
"Railroad Commissioner, Unexpired Term",0821,354,203,557,1208,48.19%,84,93,40,197
"Railroad Commissioner, Unexpired Term",0822,584,282,888,1544,58.09%,52,123,43,218
"Railroad Commissioner, Unexpired Term",0823,1854,1015,2889,4710,80.91%,1589,404,200,2173
"Railroad Commissioner, Unexpired Term",0824,985,471,1458,2729,53.35%,353,251,107,711
"Railroad Commissioner, Unexpired Term",0825,0,0,0,0,0.00%,0,0,0,0
"Railroad Commissioner, Unexpired Term",0828,153,89,242,342,70.78%,149,28,25,202
"Railroad Commissioner, Unexpired Term",0827,189,188,355,997,35.81%,129,84,18,211
"Railroad Commissioner, Unexpired Term",0828,1074,343,1417,1875,75.57%,1184,79,51,1294
"Railroad Commissioner, Unexpired Term",0829,107,58,183,288,81.28%,39,27,19,85
"Railroad Commissioner, Unexpired Term",0830,0,0,0,1,0.00%,0,0,0,0
"Railroad Commissioner, Unexpired Term",0831,0,0,0,0,0.00%,0,0,0,0
"Railroad Commissioner, Unexpired Term",0832,109,48,155,351,44.18%,51,18,11,80
"Railroad Commissioner, Unexpired Term",0833,8,1,9,20,45.00%,0,0,1,1
"Railroad Commissioner, Unexpired Term",0834,0,0,0,0,0.00%,0,0,0,0
"Railroad Commissioner, Unexpired Term",0835,87,53,140,292,47.95%,45,33,10,88
"Railroad Commissioner, Unexpired Term",0838,8,3,11,19,57.89%,2,2,1,5
"Railroad Commissioner, Unexpired Term",0837,0,0,0,0,0.00%,0,0,0,0
"Railroad Commissioner, Unexpired Term",0838,0,0,0,0,0.00%,0,0,0,0
"Railroad Commissioner, Unexpired Term",0839,355,240,595,1122,53.03%,135,125,89,349
"Railroad Commissioner, Unexpired Term",0840,712,251,983,1821,59.41%,349,138,47,534
"Railroad Commissioner, Unexpired Term",0841,0,2,2,0,0.00%,0,0,0,0
"Railroad Commissioner, Unexpired Term",0842,989,715,1704,3091,55.13%,794,301,123,1218
"Railroad Commissioner, Unexpired Term",0843,0,2,2,0,0.00%,0,0,0,0
"Railroad Commissioner, Unexpired Term",0844,2,4,8,13,48.15%,1,1,0,2
"Railroad Commissioner, Unexpired Term",0845,88,10,98,100,98.00%,81,9,3,73
"Railroad Commissioner, Unexpired Term",0848,70,29,99,210,47.14%,8,18,8,32
"Railroad Commissioner, Unexpired Term",0847,797,321,1118,1804,81.97%,318,197,77,592
"Railroad Commissioner, Unexpired Term",0848,782,431,1213,1873,84.78%,417,179,113,709
"Railroad Commissioner, Unexpired Term",0849,553,514,1087,2073,51.47%,358,255,70,883
"Railroad Commissioner, Unexpired Term",0850,87,38,125,205,80.98%,53,21,8,82
Office,Precinct,Early Ballots Cast,Election Ballots Cast,Total Ballots Cast,Registered Voters,Percent Turnout,REP Barry Smitherman,LIB Jaime O. Perez,GRN Josh Wendel,Totals
"Railroad Commissioner, Unexpired Term",0851,2194,816,3010,4317,69.72%,1959,282,184,2425
"Railroad Commissioner, Unexpired Term",0852,0,4,4,2,200.00%,0,1,0,1
"Railroad Commissioner, Unexpired Term",0853,1414,605,2019,2773,72.81%,1572,131,92,1795
"Railroad Commissioner, Unexpired Term",0854,41,30,71,175,40.57%,4,14,2,20
"Railroad Commissioner, Unexpired Term",0855,4,13,17,18,94.44%,8,1,1,10
"Railroad Commissioner, Unexpired Term",0856,0,4,4,0,0.00%,2,1,0,3
"Railroad Commissioner, Unexpired Term",0857,0,0,0,1,0.00%,0,0,0,0
"Railroad Commissioner, Unexpired Term",0858,132,18,150,372,40.32%,6,20,7,33
"Railroad Commissioner, Unexpired Term",0859,309,201,510,860,59.30%,112,91,31,234
"Railroad Commissioner, Unexpired Term",0860,0,1,1,0,0.00%,1,0,0,1
"Railroad Commissioner, Unexpired Term",0861,705,319,1024,1786,57.33%,214,145,70,429
"Railroad Commissioner, Unexpired Term",0862,0,0,0,0,0.00%,0,0,0,0
"Railroad Commissioner, Unexpired Term",0863,210,69,279,620,45.00%,18,42,23,83
"Railroad Commissioner, Unexpired Term",0864,497,609,1106,2464,44.89%,294,183,47,524
"Railroad Commissioner, Unexpired Term",0865,9,2,11,23,47.83%,1,1,1,3
"Railroad Commissioner, Unexpired Term",0866,0,0,0,0,0.00%,0,0,0,0
"Railroad Commissioner, Unexpired Term",0867,0,0,0,0,0.00%,0,0,0,0
"Railroad Commissioner, Unexpired Term",0868,573,586,1159,2292,50.57%,365,167,69,601
"Railroad Commissioner, Unexpired Term",0869,153,76,229,473,48.41%,43,40,16,99
"Railroad Commissioner, Unexpired Term",0870,0,0,0,0,0.00%,0,0,0,0
"Railroad Commissioner, Unexpired Term",0871,3,0,3,4,75.00%,0,2,1,3
"Railroad Commissioner, Unexpired Term",0872,13,5,18,66,27.27%,8,1,3,12
"Railroad Commissioner, Unexpired Term",0873,253,125,378,701,53.92%,106,74,19,199
"Railroad Commissioner, Unexpired Term",0874,1535,748,2283,3107,73.48%,1769,159,96,2024
"Railroad Commissioner, Unexpired Term",0875,1721,927,2648,4031,65.69%,1333,453,176,1962
"Railroad Commissioner, Unexpired Term",0876,1630,639,2269,3013,75.31%,1663,195,84,1942
"Railroad Commissioner, Unexpired Term",0877,1032,542,1674,2480,67.50%,741,324,136,1201
"Railroad Commissioner, Unexpired Term",0878,853,350,1203,1641,73.31%,1011,65,35,1111
"Railroad Commissioner, Unexpired Term",0879,890,527,1417,2334,60.71%,683,263,85,1031
"Railroad Commissioner, Unexpired Term",0880,1070,472,1542,2007,76.83%,1202,115,46,1363
"Railroad Commissioner, Unexpired Term",0881,1511,877,2388,3619,65.99%,836,494,197,1527
"Railroad Commissioner, Unexpired Term",0882,941,457,1398,2328,60.05%,802,196,94,1092
"Railroad Commissioner, Unexpired Term",0883,1920,1042,2962,4651,63.69%,594,586,196,1376
"Railroad Commissioner, Unexpired Term",0884,119,37,156,330,47.27%,21,17,5,43
Office,Precinct,Early Ballots Cast,Election Ballots Cast,Total Ballots Cast,Registered Voters,Percent Turnout,REP Barry Smitherman,LIB Jaime O. Perez,GRN Josh Wendel,Totals
"Railroad Commissioner, Unexpired Term",0885,1222,541,1763,2466,71.49%,1078,210,76,1364
"Railroad Commissioner, Unexpired Term",0886,301,154,455,713,63.81%,245,74,44,363
"Railroad Commissioner, Unexpired Term",0887,142,83,225,313,71.88%,126,36,14,176
"Railroad Commissioner, Unexpired Term",0888,0,0,0,0,0.00%,0,0,0,0
"Railroad Commissioner, Unexpired Term",0889,22,0,22,61,36.07%,13,3,1,17
"Railroad Commissioner, Unexpired Term",0890,325,118,443,994,44.57%,173,71,64,308
"Railroad Commissioner, Unexpired Term",0891,540,392,932,1413,65.96%,425,126,126,677
"Railroad Commissioner, Unexpired Term",0892,195,130,325,696,46.70%,101,57,29,187
"Railroad Commissioner, Unexpired Term",0893,1,0,1,5,20.00%,0,0,0,0
"Railroad Commissioner, Unexpired Term",0894,0,31,31,0,0.00%,6,6,10,22
"Railroad Commissioner, Unexpired Term",0895,337,325,662,784,84.44%,328,69,127,524
"Railroad Commissioner, Unexpired Term",0896,670,303,973,1437,67.71%,416,129,210,755
"Railroad Commissioner, Unexpired Term",0897,742,375,1117,1624,68.78%,622,119,70,811
"Railroad Commissioner, Unexpired Term",0898,0,0,0,2,0.00%,0,0,0,0
"Railroad Commissioner, Unexpired Term",0899,4,0,4,8,50.00%,0,0,1,1
"Railroad Commissioner, Unexpired Term",0900,5,0,5,12,41.67%,1,2,0,3
"Railroad Commissioner, Unexpired Term",0901,0,0,0,0,0.00%,0,0,0,0
"Railroad Commissioner, Unexpired Term",0902,868,621,1489,2065,72.11%,883,212,147,1242
"Railroad Commissioner, Unexpired Term",0903,10,1,11,41,26.83%,5,2,2,9
"Railroad Commissioner, Unexpired Term",0904,0,1,1,1,100.00%,0,0,1,1
"Railroad Commissioner, Unexpired Term",0905,290,158,458,908,50.44%,183,108,16,307
"Railroad Commissioner, Unexpired Term",0906,12,6,18,26,69.23%,12,0,4,16
"Railroad Commissioner, Unexpired Term",0907,61,43,104,134,77.61%,22,29,10,61
"Railroad Commissioner, Unexpired Term",0908,0,0,0,0,0.00%,0,0,0,0
"Railroad Commissioner, Unexpired Term",0909,5,7,1,2,1,9,63.1,6%,5,4,0,9
"Railroad Commissioner, Unexpired Term",0910,55,34,89,226,39.38%,36,17,5,58
"Railroad Commissioner, Unexpired Term",0911,227,79,306,570,53.68%,204,32,15,251
"Railroad Commissioner, Unexpired Term",0912,677,221,898,1235,72.71%,558,94,51,703
"Railroad Commissioner, Unexpired Term",0913,0,0,0,0,0.00%,0,0,0,0
"Railroad Commissioner, Unexpired Term",0914,173,67,240,221,108.60%,191,15,9,215
"Railroad Commissioner, Unexpired Term",0915,0,0,0,0,0.00%,0,0,0,0
"Railroad Commissioner, Unexpired Term",0916,505,182,787,1045,75.31%,642,40,22,704
"Railroad Commissioner, Unexpired Term",0917,282,137,419,481,87.11%,306,37,30,373
"Railroad Commissioner, Unexpired Term",0918,489,135,624,883,70.67%,499,30,32,561
Office,Precinct,Early Ballots Cast,Election Ballots Cast,Total Ballots Cast,Registered Voters,Percent Turnout,REP Barry Smitherman,LIB Jaime O. Perez,GRN Josh Wendel,Totals
"Railroad Commissioner, Unexpired Term",0919,0,3,3,3,100.00%,1,2,0,3
"Railroad Commissioner, Unexpired Term",0920,6,0,6,13,46.15%,6,0,0,6
"Railroad Commissioner, Unexpired Term",0921,71,9,80,87,91.95%,64,6,5,75
"Railroad Commissioner, Unexpired Term",0922,0,2,2,0,0.00%,1,0,1,2
"Railroad Commissioner, Unexpired Term",0923,666,87,753,826,91.16%,589,49,21,659
"Railroad Commissioner, Unexpired Term",0924,0,0,0,0,0.00%,0,0,0,0
"Railroad Commissioner, Unexpired Term",0925,0,0,0,0,0.00%,0,0,0,0
"Railroad Commissioner, Unexpired Term",0926,351,120,481,621,77.46%,367,29,22,418
"Railroad Commissioner, Unexpired Term",0927,84,74,158,262,60.31%,77,26,13,116
"Railroad Commissioner, Unexpired Term",0928,4,2,6,9,66.67%,0,2,0,2
"Railroad Commissioner, Unexpired Term",0929,0,0,0,0,0.00%,0,0,0,0
"Railroad Commissioner, Unexpired Term",0930,200,77,277,567,48.85%,12,42,13,67
"Railroad Commissioner, Unexpired Term",0931,48,53,101,122,82.79%,62,8,13,83
"Railroad Commissioner, Unexpired Term",0932,0,5,5,0,0.00%,3,0,2,5
"Railroad Commissioner, Unexpired Term",0933,235,121,357,566,63.07%,116,73,49,238
"Railroad Commissioner, Unexpired Term",0934,12,1,13,41,31.71%,5,5,1,11
"Railroad Commissioner, Unexpired Term",0935,8,17,25,65,38.46%,12,8,1,21
"Railroad Commissioner, Unexpired Term",0936,12,10,22,70,31.43%,7,2,0,9
"Railroad Commissioner, Unexpired Term",0937,0,0,0,0,0.00%,0,0,0,0
"Railroad Commissioner, Unexpired Term",0938,73,14,87,256,33.98%,28,18,8,54
"Railroad Commissioner, Unexpired Term",0939,1,0,1,1,100.00%,0,1,0,1
"Railroad Commissioner, Unexpired Term",0940,1,0,1,13,7.69%,0,0,0,0
"Railroad Commissioner, Unexpired Term",0941,13,9,22,25,88.00%,21,1,0,22
"Railroad Commissioner, Unexpired Term",0942,68,24,92,159,57.86%,75,2,4,81
"Railroad Commissioner, Unexpired Term",0943,297,63,360,536,67.16%,277,15,12,304
"Railroad Commissioner, Unexpired Term",0944,30,6,36,39,92.31%,32,2,0,34
"Railroad Commissioner, Unexpired Term",0945,4,7,11,16,68.75%,1,3,0,4
"Railroad Commissioner, Unexpired Term",0946,3,3,6,14,42.86%,1,1,1,3
"Railroad Commissioner, Unexpired Term",0947,320,292,612,822,74.45%,333,78,73,484
"Railroad Commissioner, Unexpired Term",0948,0,0,0,0,0.00%,0,0,0,0
"Railroad Commissioner, Unexpired Term",0949,59,37,96,201,47.76%,47,10,18,75
"Railroad Commissioner, Unexpired Term",0950,0,0,0,0,0.00%,0,0,0,0
"Railroad Commissioner, Unexpired Term",0951,79,44,123,218,56.42%,31,30,15,76
"Railroad Commissioner, Unexpired Term",0952,24,16,40,70,57.14%,23,4,7,34
Office,Precinct,Early Ballots Cast,Election Ballots Cast,Total Ballots Cast,Registered Voters,Percent Turnout,REP Barry Smitherman,LIB Jaime O. Perez,GRN Josh Wendel,Totals
"Railroad Commissioner, Unexpired Term",0953,59,52,111,420,26.43%,10,22,14,46
"Railroad Commissioner, Unexpired Term",0954,0,0,0,0,0.00%,0,0,0,0
"Railroad Commissioner, Unexpired Term",0955,5,20,25,18,138.89%,14,6,1,21
"Railroad Commissioner, Unexpired Term",0956,5,2,7,12,58.33%,4,1,2,7
"Railroad Commissioner, Unexpired Term",0957,261,115,376,551,68.24%,69,69,21,159
"Railroad Commissioner, Unexpired Term",0958,289,266,555,989,56.12%,121,92,31,244
"Railroad Commissioner, Unexpired Term",0959,0,4,4,0,0.00%,0,1,0,1
"Railroad Commissioner, Unexpired Term",0960,364,143,507,586,86.52%,154,81,47,282
"Railroad Commissioner, Unexpired Term",0961,23,11,34,53,64.15%,9,5,2,16
"Railroad Commissioner, Unexpired Term",0962,24,13,37,73,50.68%,9,8,8,25
"Railroad Commissioner, Unexpired Term",0963,130,69,199,353,56.37%,113,20,9,142
"Railroad Commissioner, Unexpired Term",0964,950,447,1397,1571,88.92%,884,160,79,1123
"Railroad Commissioner, Unexpired Term",0965,93,27,120,355,33.80%,81,10,6,97
"Railroad Commissioner, Unexpired Term",0966,305,160,465,1073,43.34%,137,85,37,259
"Railroad Commissioner, Unexpired Term",0967,48,15,63,98,64.29%,27,14,2,43
"Railroad Commissioner, Unexpired Term",0968,243,83,326,517,63.06%,74,70,34,178
"Railroad Commissioner, Unexpired Term",0969,335,82,417,584,71.40%,7,68,45,120
"Railroad Commissioner, Unexpired Term",0970,212,76,288,704,40.91%,39,38,19,96
"Railroad Commissioner, Unexpired Term",0971,27,21,48,129,37.21%,3,8,6,17
"Railroad Commissioner, Unexpired Term",0972,10,7,17,29,58.62%,11,2,1,14
"Railroad Commissioner, Unexpired Term",0973,49,24,73,107,68.22%,42,11,11,64
"Railroad Commissioner, Unexpired Term",0974,101,71,172,299,57.53%,115,22,16,153
"Railroad Commissioner, Unexpired Term",0975,72,41,113,170,66.47%,58,10,19,87
"Railroad Commissioner, Unexpired Term",0976,159,131,290,684,42.40%,178,33,10,221
"Railroad Commissioner, Unexpired Term",0977,105,83,188,535,35.14%,73,20,11,104
"Railroad Commissioner, Unexpired Term",0978,201,102,303,506,59.88%,62,62,23,147
"Railroad Commissioner, Unexpired Term",0979,5,e,11,26,42.31%,11,0,0,11
"Railroad Commissioner, Unexpired Term",0980,596,356,952,1323,71.96%,714,72,41,827
"Railroad Commissioner, Unexpired Term",0981,0,0,0,0,0.00%,0,0,0,0
"Railroad Commissioner, Unexpired Term",0982,534,218,752,1021,73.65%,583,54,24,661
"Railroad Commissioner, Unexpired Term",0983,41,28,69,165,41.82%,41,13,6,60
"Railroad Commissioner, Unexpired Term",0984,43,49,92,198,46.46%,8,20,15,43
"Railroad Commissioner, Unexpired Term",0985,172,67,239,336,71.13%,138,28,21,187
"Railroad Commissioner, Unexpired Term",0986,129,86,215,404,53.22%,27,44,16,87
Office,Precinct,Early Ballots Cast,Election Ballots Cast,Total Ballots Cast,Registered Voters,Percent Turnout,REP Barry Smitherman,LIB Jaime O. Perez,GRN Josh Wendel,Totals
"Railroad Commissioner, Unexpired Term",0987,465,191,656,1138,57.64%,75,94,35,204
"Railroad Commissioner, Unexpired Term",0988,44,21,65,111,58.56%,56,2,0,58
"Railroad Commissioner, Unexpired Term",0989,18,8,26,36,72.22%,12,5,1,18
"Railroad Commissioner, Unexpired Term",0990,37,15,52,154,33.77%,20,9,2,31
"Railroad Commissioner, Unexpired Term",0991,0,0,0,1,0.00%,0,0,0,0
"Railroad Commissioner, Unexpired Term",0992,310,202,512,1015,50.44%,298,60,31,389
"Railroad Commissioner, Unexpired Term",0993,272,91,363,551,65.88%,284,21,20,325
"Railroad Commissioner, Unexpired Term",0994,6,5,11,8,137.50%,2,0,4,6
"Railroad Commissioner, Unexpired Term",0995,598,190,788,1269,62.10%,71,145,66,282
"Railroad Commissioner, Unexpired Term",0996,297,125,422,699,60.37%,240,58,18,316
"Railroad Commissioner, Unexpired Term",0997,432,328,760,1439,52.81%,159,149,64,372
"Railroad Commissioner, Unexpired Term",0998,15,9,24,35,68.57%,20,1,2,23
"Railroad Commissioner, Unexpired Term",0999,30,16,46,65,70.77%,36,2,0,38
"Railroad Commissioner, Unexpired Term",1000,105,0,105,458,22.93%,20,25,10,55
"Railroad Commissioner, Unexpired Term",1001,496,294,790,1566,50.45%,186,141,59,386
"Railroad Commissioner, Unexpired Term",1002,465,314,779,1738,44.82%,108,169,69,346
"Railroad Commissioner, Unexpired Term",1003,0,0,0,1,0.00%,0,0,0,0
"Railroad Commissioner, Unexpired Term",1004,225,153,378,656,57.62%,197,60,31,288
"Railroad Commissioner, Unexpired Term",1005,0,0,0,0,0.00%,0,0,0,0
"Railroad Commissioner, Unexpired Term",1006,3,0,3,5,60.00%,3,0,0,3
"Railroad Commissioner, Unexpired Term",1007,556,295,851,1371,62.07%,224,191,54,469
"Railroad Commissioner, Unexpired Term",1008,86,21,107,150,71.33%,84,6,7,97
"Railroad Commissioner, Unexpired Term",1009,3,1,4,8,50.00%,4,0,0,4
"Railroad Commissioner, Unexpired Term",1010,125,74,199,317,62.78%,35,58,22,115
"Railroad Commissioner, Unexpired Term",1011,12,3,15,29,51.72%,8,0,1,9
"Railroad Commissioner, Unexpired Term",1012,395,318,713,1235,57.73%,212,107,28,347
"Railroad Commissioner, Unexpired Term",1013,8,14,22,60,36.67%,16,1,0,17
"Railroad Commissioner, Unexpired Term",1,014,9,7,1,6,36,44.44%,4,2,0,6
"Railroad Commissioner, Unexpired Term",1015,11,7,18,29,62.07%,5,1,2,8
"Railroad Commissioner, Unexpired Term",1016,593,364,957,1626,58.86%,447,171,71,689
"Railroad Commissioner, Unexpired Term",1017,127,50,177,232,76.29%,57,34,13,104
"Railroad Commissioner, Unexpired Term",1018,209,92,301,468,64.32%,146,43,14,203
"Railroad Commissioner, Unexpired Term",1019,427,4,431,1518,28.39%,24,87,37,148
"Railroad Commissioner, Unexpired Term",1020,0,0,0,1,0.00%,0,0,0,0
Office,Precinct,Early Ballots Cast,Election Ballots Cast,Total Ballots Cast,Registered Voters,Percent Turnout,REP Barry Smitherman,LIB Jaime O. Perez,GRN Josh Wendel,Totals
"Railroad Commissioner, Unexpired Term",1021,1,0,1,2,50.00%,0,0,0,0
"Railroad Commissioner, Unexpired Term",1022,190,30,220,426,51.64%,176,12,4,192
"Railroad Commissioner, Unexpired Term",1023,898,401,1299,1964,66.14%,875,145,72,1092
"Railroad Commissioner, Unexpired Term",1024,113,77,190,259,73.36%,105,27,22,154
"Railroad Commissioner, Unexpired Term",1025,4,0,4,18,22.22%,1,0,0,1
"Railroad Commissioner, Unexpired Term",1026,0,0,0,0,0.00%,0,0,0,0
"Railroad Commissioner, Unexpired Term",1027,0,1,1,1,100.00%,1,0,0,1
"Railroad Commissioner, Unexpired Term",1028,0,1,1,0,0.00%,1,0,0,1
"Railroad Commissioner, Unexpired Term",1029,1023,641,1664,1802,92.34%,1298,106,66,1470
"Railroad Commissioner, Unexpired Term",1030,398,105,503,655,76.79%,439,18,15,472
"Railroad Commissioner, Unexpired Term",1031,3,3,6,6,100.00%,5,0,0,5
"Railroad Commissioner, Unexpired Term",1032,59,80,139,241,57.68%,102,7,7,116
"Railroad Commissioner, Unexpired Term",1033,0,0,0,0,0.00%,0,0,0,0
"Railroad Commissioner, Unexpired Term",1034,0,0,0,1,0.00%,0,0,0,0
"Railroad Commissioner, Unexpired Term",1035,24,13,37,139,26.62%,6,8,2,16
"Railroad Commissioner, Unexpired Term",1036,144,46,190,433,43.88%,149,9,4,162
"Railroad Commissioner, Unexpired Term",1037,27,16,43,73,58.90%,23,7,0,30
"Railroad Commissioner, Unexpired Term",1038,133,43,176,266,66.17%,13,10,14,37
"Railroad Commissioner, Unexpired Term",1039,3,5,8,20,40.00%,1,4,0,5
"Railroad Commissioner, Unexpired Term",1040,195,146,341,607,56.18%,182,56,22,260
"Railroad Commissioner, Unexpired Term",1041,0,0,0,0,0.00%,0,0,0,0
"Railroad Commissioner, Unexpired Term",1042,228,50,278,498,55.82%,88,41,26,155
"Railroad Commissioner, Unexpired Term",1043,12,2,14,31,45.16%,3,2,1,6
"Railroad Commissioner, Unexpired Term",1044,29,5,34,59,57.63%,9,5,1,15
"Railroad Commissioner, Unexpired Term",1045,615,321,936,1439,65.05%,151,218,76,445
"Railroad Commissioner, Unexpired Term",1046,19,18,37,54,68.52%,7,8,2,17
"Railroad Commissioner, Unexpired Term",1047,554,288,852,1242,68.60%,297,185,60,542
"Railroad Commissioner, Unexpired Term",1048,3,1,4,18,22.22%,2,0,0,2
"Railroad Commissioner, Unexpired Term",1049,57,71,128,266,48.12%,41,30,8,79
"Railroad Commissioner, Unexpired Term",1050,148,153,301,506,59.49%,76,60,21,157
"Railroad Commissioner, Unexpired Term",1,051,0,1,2,1,2,0,0.00%,8,3,0,1,1
"Railroad Commissioner, Unexpired Term",1052,0,2,2,0,0.00%,1,0,0,1
"Railroad Commissioner, Unexpired Term",1053,0,0,0,0,0.00%,0,0,0,0
"Railroad Commissioner, Unexpired Term",1054,0,0,0,1,0.00%,0,0,0,0
Office,Precinct,Early Ballots Cast,Election Ballots Cast,Total Ballots Cast,Registered Voters,Percent Turnout,REP Barry Smitherman,LIB Jaime O. Perez,GRN Josh Wendel,Totals
"Railroad Commissioner, Unexpired Term",1055,0,0,0,0,0.00%,0,0,0,0
"Railroad Commissioner, Unexpired Term",1056,4,0,4,6,66.67%,2,1,0,3
"Railroad Commissioner, Unexpired Term",1057,34,7,41,115,35.65%,3,7,2,12
"Railroad Commissioner, Unexpired Term",1058,540,246,786,1190,66.05%,146,155,45,346
"Railroad Commissioner, Unexpired Term",1059,7,3,10,23,43.48%,2,1,1,4
"Railroad Commissioner, Unexpired Term",1060,13,4,17,49,34.69%,11,3,0,14
"Railroad Commissioner, Unexpired Term",1061,666,300,966,1613,59.89%,548,128,49,725
"Railroad Commissioner, Unexpired Term",1062,59,25,85,168,50.60%,22,21,6,49
"Railroad Commissioner, Unexpired Term",1063,226,63,289,792,36.49%,33,43,21,97
"Railroad Commissioner, Unexpired Term",1064,45,1,46,120,38.33%,33,8,1,42
"Railroad Commissioner, Unexpired Term",Totals:,775751,427100,1202851,1942566,603038,158144,83364,844546
